state,retired_dedupe_key,surviving_dedupe_key,surviving_version,surviving_source_notice_id,employer_name,surviving_employer_name,notice_date,employees_affected,dashboard_county,surviving_location,dashboard_source_row,basis
NY,0513a05f7c5e2a9646a5ef1a6c3e624939c0653b,993cf49a081cb56b8a4d97b7c4f853f3e8dd004a,3,,Niagara LaSalle Corporation,Niagara LaSalle Corporation,2015-04-30,49,Erie,Erie,agency/ny_annual/ny_warn_2015.csv:sha256:eb7b6590d5013838dcee72d56038b78294696c4939bdbe5a8d1a59c2c6fc33f7:row:322:sha256:355a152d68810cf13f3b461f83689f17906f382e0f5dac45edff880a323763c6,same_employer_notice_date_workers_county
NY,08cdba4d2b98a9c29ad0ea174069bfc6ff2a2a04,49ad45318b2421ebc4f6c622c71d70901c4ac2cf,3,,Xerox Corporation,Xerox Corporation,2015-04-30,35,Monroe,Monroe,agency/ny_annual/ny_warn_2015.csv:sha256:eb7b6590d5013838dcee72d56038b78294696c4939bdbe5a8d1a59c2c6fc33f7:row:489:sha256:f788566653958b71fdbcf8a52d51879a67b0a54baae70d78036cc298a75f18fa,same_employer_notice_date_workers_county
NY,0d3d92fa14de84a15824cf35aa4af7db40b6a313,951f6e09fb4276fe6d8cec5c788872213d385ae5,3,,"Fenner Precision, Inc.","Fenner Precision, Inc.",2014-09-25,60,Erie,Erie,agency/ny_annual/ny_warn_2014.csv:sha256:da7d48a08430f98574a70f2e6e516a32665218f66995ddc3d064b1396d599196:row:132:sha256:50ed7794be023bda186adabcf9774b86b023f5737c2c5f9e76e5c26b38dd66b8,same_employer_notice_date_workers_county
NY,28180d95b477c08c00a6d8484637e6dc9e1b4bd4,26eb06ddb04290dff6dc517b9a12ea4960d5e38a,3,,Ramada Syracuse,Ramada Syracuse,2015-06-25,81,Onondaga,Onondaga,agency/ny_annual/ny_warn_2015.csv:sha256:eb7b6590d5013838dcee72d56038b78294696c4939bdbe5a8d1a59c2c6fc33f7:row:363:sha256:1fbf0efa86d36388c82a34ff2bc29d4e9b36171f4a0a3cf74a7b1a558279ea48,same_employer_notice_date_workers_county
NY,2d5cba2b81384fd0fcdf8f88b3552e26cfb2523a,aff7fa840dfdb48f8854db9ef3017f55817d8ccf,3,,"Newkirk Products, Inc. (A DST Company)","Newkirk Products, Inc. (A DST Company)",2014-07-03,76,Albany,Albany,agency/ny_annual/ny_warn_2014.csv:sha256:da7d48a08430f98574a70f2e6e516a32665218f66995ddc3d064b1396d599196:row:243:sha256:71db58f6a9f33c0084e1d964be503ae612d2251a118ce50b020888402c16b953,same_employer_notice_date_workers_county
NY,2d6f7a3b569b045055f897ea1b7ff82f2be704ed,05820edbd0a9eb9e73a6a3cff573fdd70504a372,3,,"Voila Sweets, LLC","Voila Sweets, LLC",2014-03-21,72,Kings,Kings,agency/ny_annual/ny_warn_2014.csv:sha256:da7d48a08430f98574a70f2e6e516a32665218f66995ddc3d064b1396d599196:row:460:sha256:7987979794ed94e23cdb2defe2245519d35d3576e040a46ec432935d85cbc16a,same_employer_notice_date_workers_county
NY,3493c7712dbfcdcfc69649cc450171635b2905cf,e73e9cfa15d1202b46bc4ab012a60d43f52e370c,3,,GL Bus Lines Inc.,GL Bus Lines Inc.,2015-02-02,149,New York,New York,agency/ny_annual/ny_warn_2015.csv:sha256:eb7b6590d5013838dcee72d56038b78294696c4939bdbe5a8d1a59c2c6fc33f7:row:193:sha256:4832e271a4d86bd4dfa02ed20bd162bcb93a514579d6fd8d2bc9734d1f69a059,same_employer_notice_date_workers_county
NY,39ace2ff3c3fd568a62c12c07a6e2c97d4ee4a69,35946248bb607982b37ba7dab078acf870a71b42,3,,LexisNexis a division of Reed Elsevier,LexisNexis a division of Reed Elsevier,2013-01-15,220,Albany,Albany,agency/ny_annual/ny_warn_2013.csv:sha256:49407aff8a68bf63e0a9478f67a27ed5b687879f635a9cc172fa1f7cda17ff8b:row:235:sha256:1052460f46125b9cc828ab7d5e31b2843159b47ecacfb28b5bb7c1dac6b79230,same_employer_notice_date_workers_county
NY,5423310b9500cb411eaedd471c9b372a2be6b17a,89d7c67647f8b2c62158c072506c9d2951a562e7,3,,"GSM Retail, Inc.d/b/a Billabong","GSM Retail, Inc. d/b/a Billabong",2014-09-30,79,New York,New York,agency/ny_annual/ny_warn_2014.csv:sha256:da7d48a08430f98574a70f2e6e516a32665218f66995ddc3d064b1396d599196:row:158:sha256:465b1cf8832db3affe07315f3188bbde708340a1747a1425dfca6139b5296ef2,same_employer_notice_date_workers_county
NY,5b57dd3d52cbe3fa77b958f6062c19443e9772b6,0706fc8b0f9474091e5bcb92012e2dc4d8e1cd4a,3,,"The Guild for Exceptional Children, Inc.","The Guild for Exceptional Children, Inc.",2014-10-27,,Kings,Kings,agency/ny_annual/ny_warn_2014.csv:sha256:da7d48a08430f98574a70f2e6e516a32665218f66995ddc3d064b1396d599196:row:394:sha256:785188a52c8aeaa04a70b70c739bb7c79334b4f7645e2e8be382ae762bc95da2,same_employer_notice_date_workers_county
NY,67191fc5142474e3680b45937bb8bb30fb1a8757,a546193da74541a51a46b1f6c9024f7320985dad,3,,Swissport USA,Swissport USA Inc.,2014-06-06,180,Queens,Queens,agency/ny_annual/ny_warn_2014.csv:sha256:da7d48a08430f98574a70f2e6e516a32665218f66995ddc3d064b1396d599196:row:387:sha256:0f94a747a77fa1e4d5e0111dff263090854a26fd2727798e34f9dfeafd6c0648,same_employer_notice_date_workers_county
NY,6cb017125b955c1f2902d8eb36f62ed2ffab2ecb,8073348a58a5bc2c66a8efca59d8ee46c900eac5,3,,Duty Free Americas,Duty Free Americas,2013-03-07,63,Queens,Queens,agency/ny_annual/ny_warn_2013.csv:sha256:49407aff8a68bf63e0a9478f67a27ed5b687879f635a9cc172fa1f7cda17ff8b:row:147:sha256:5b2b14b54eddac7d3f2aac3e5c37b70bb7908034e9aa6d8c2061a174199e7d02,same_employer_notice_date_workers_county
NY,8035c796fca97f60c30579d4e3ebd5ea8014af29,03924a0aab8bf6f1f75892ffea8f3988f708a3eb,3,,Intercontinental New York Barclay Hotel,InterContinental New York Barclay Hotel,2014-04-01,447,New York,New York,agency/ny_annual/ny_warn_2014.csv:sha256:da7d48a08430f98574a70f2e6e516a32665218f66995ddc3d064b1396d599196:row:173:sha256:937f070434a8ce199ead1b46f627c76eaccfb8fccb8dedde0ca790eae065724e,same_employer_notice_date_workers_county
NY,a065ca60ebeb686199d0c35a5ab4c4852fe8b28b,ba2f8c3bcc6edea2e7c11aaa3e55601a107f19e9,4,,Acme Bus Corp.,Acme Bus Corp.,2014-02-28,58,Suffolk,Suffolk,agency/ny_annual/ny_warn_2014.csv:sha256:da7d48a08430f98574a70f2e6e516a32665218f66995ddc3d064b1396d599196:row:9:sha256:8d0760b38d28a3796ebb945baee502d09d85c5dd6563771dbc32ebc60ab5b3e5,same_employer_notice_date_workers_county
NY,a399e4f65d988bb2153017dda8db1f1f72321be3,baa865a236f7dcfabcbfcdad40b34f1519124c93,3,,Jack Spade and Kate Spade Saturday,Jack Spade and Kate Spade Saturday,2015-02-02,47,New York,New York,agency/ny_annual/ny_warn_2015.csv:sha256:eb7b6590d5013838dcee72d56038b78294696c4939bdbe5a8d1a59c2c6fc33f7:row:218:sha256:3b905e6999a4ded59f8f3e59c5afad7bb724b4f83d744254f3fc748715c1ae5e,same_employer_notice_date_workers_county
NY,a59e1dcb6dfe9db2e70c5e7ae439728799f55784,d9bea18dbb0a16858e518e67e4f6c5c5b7b1ce3b,3,,"John Hassall, Inc.","John Hassall, Inc.",2014-04-30,83,Nassau,Nassau,agency/ny_annual/ny_warn_2014.csv:sha256:da7d48a08430f98574a70f2e6e516a32665218f66995ddc3d064b1396d599196:row:184:sha256:d8e64f164dbbd95ad60eb4044896dfbf7aa6e2f1f6289941939f8d2f8067e901,same_employer_notice_date_workers_county
NY,b496ca747cd325ed5f49ee0c81732cfd7a333e88,980aa673473e589c3b2785e8692488aab5733b17,3,,Olympus Imaging America Inc. and Olympus Corporation of the Americas,Olympus Imaging America Inc. and Olympus Corporation of the Americas,2014-12-30,41,Suffolk,Suffolk,agency/ny_annual/ny_warn_2014.csv:sha256:da7d48a08430f98574a70f2e6e516a32665218f66995ddc3d064b1396d599196:row:251:sha256:bfcbbbfd413df1ebd50bdc4106ab32f606833e37c5cd75eb4e17601d9b31f3e2,same_employer_notice_date_workers_county
NY,b819e20b0d6a207850700d30722a256a07381712,0fa2e4c35c236cf264bd71221148a415529c5bfc,3,,"Bimbo Bakeries USA, Inc.","Bimbo Bakeries USA, Inc.",2014-03-27,176,Suffolk,Suffolk,agency/ny_annual/ny_warn_2014.csv:sha256:da7d48a08430f98574a70f2e6e516a32665218f66995ddc3d064b1396d599196:row:38:sha256:d20c1ac7d841d8db37ecbbed28a0fc9a55ad12b247025e1213f59a7e224347cf,same_employer_notice_date_workers_county
NY,d02ff7a92415ccca8bb2d40833e2e2939c442aec,a701e1ad6dccc398b6b2240bdac56a91ffca758d,3,,Main Court LLC,Main Court LLC,2014-05-22,2,Erie,Erie,agency/ny_annual/ny_warn_2014.csv:sha256:da7d48a08430f98574a70f2e6e516a32665218f66995ddc3d064b1396d599196:row:214:sha256:4ea2f915db5c6614f66bac79704bdfa5bc11abbba6fbbf48ff9418b2a605d4e5,same_employer_notice_date_workers_county
NY,dd70e55372fa442c8738c1e160bbd5e0dd1f34c3,576b914428c46672c27c51bc1f43966546b390f6,3,,"Hugo Neu Recycling, LLC","Hugo Neu Recycling, LLC",2015-01-28,27,Westchester,Westchester,agency/ny_annual/ny_warn_2015.csv:sha256:eb7b6590d5013838dcee72d56038b78294696c4939bdbe5a8d1a59c2c6fc33f7:row:210:sha256:24a235a854df05213da9f4c02c559bab235f9670b647aa412503e53e40f0271d,same_employer_notice_date_workers_county
NY,e2103632aa3c3adb58c9ec576c4197ae63fb31b5,988586e00b012bdbfe56525881554d106d56d3a5,3,,"Vette Thermal Solutions, LLC","Vette Thermal Solutions, LLC",2012-11-07,84,Wayne,Wayne,agency/ny_annual/ny_warn_2012.csv:sha256:5f2b07be3cddd5dff5fb820ce3d86c0427b0a1b0e66623ec5053eb4762ee486c:row:365:sha256:91e0e2a41ed397c1e157d8ecb100460d46bc76bb72b90842c9dc9cb879c80ec2,same_employer_notice_date_workers_county
NY,eadaf7ed5c32f0ea64a2b4467ddf16bc0baf25ec,404aacb991fff2aa8966013f334302a28d289a5c,3,,Michael Malotz Skilled Nursing Facility (Michael Malotz),Michael Malotz Skilled Nursing Facility (Michael Malotz),2015-03-31,226,Westchester,Westchester,agency/ny_annual/ny_warn_2015.csv:sha256:eb7b6590d5013838dcee72d56038b78294696c4939bdbe5a8d1a59c2c6fc33f7:row:295:sha256:8898c451ce55786af5f3499de2e6a080e182a6e6d54c989c0c68c08237979baa,same_employer_notice_date_workers_county
NY,f34485f17b58efae9aea1fe9b71aed47ebd596d0,17d15092c7323e2c4c8f11177cb83284d738a9dc,4,,Yeshiva University (Albert Einstein College of Medicine),Yeshiva University,2015-04-01,1546,Bronx,Bronx,agency/ny_annual/ny_warn_2015.csv:sha256:eb7b6590d5013838dcee72d56038b78294696c4939bdbe5a8d1a59c2c6fc33f7:row:490:sha256:cb0b7b4dd4e0103edf48d02ca2c86f286acfcea0544f65deaca2b63a63959d1a,same_employer_notice_date_workers_county
NY,f567b3d6703a8357f324f775ddd9d66f2f653192,900b1564fe7d2fff7b868d97d07b29039626866d,3,,Stanley Black and Decker's Powers Business,Stanley Black and Decker's Powers Business,2014-04-09,,Putnam,Putnam,agency/ny_annual/ny_warn_2014.csv:sha256:da7d48a08430f98574a70f2e6e516a32665218f66995ddc3d064b1396d599196:row:351:sha256:7030727a95e15abace98096abad9996d60d763c1caa0cd0203a246138dd63302,same_employer_notice_date_workers_county
