state,employer_name,location,notice_date,effective_date,employees_affected,layoff_type,is_temporary,is_amendment,is_amended,current_version,source_url,source_notice_id,dedupe_key,first_seen,last_seen
DC,Gap Solution,Washington D.C.,2017-02-02,2017-02-11,85,unknown,,0,0,1,https://does.dc.gov/page/industry-closings-and-layoffs-warn-notifications,2db023842faba1505956295c5b8d663ba2963b89ef698f2d83ef188c,1b7c23bc081facb1eb2bcab0c3f48d12c55fc842,2026-07-16,2026-07-16
DC,Groupon Inc.,Washington D.C.,2017-02-23,2017-04-24,95,unknown,,0,0,1,https://does.dc.gov/page/industry-closings-and-layoffs-warn-notifications,dbfa87a1e1660f1a84317011687b80d83355d28cfa6aa963c6a7fb73,2be230b1f4a12eb65f462538938ba75fcda0662d,2026-07-16,2026-07-16
DC,Black Entertainment Television,Washington D.C.,2017-07-07,2017-09-05,55,unknown,,0,0,1,https://does.dc.gov/page/industry-closings-and-layoffs-warn-notifications,30640006ffab8bb365225147a06d2e1c4c4ceda96a38ef98ef380146,3e462c5264d4ff9a934328a27024bf326d19eba9,2026-07-16,2026-07-16
DC,First Potomac Realty Trust,Washington D.C.,2017-07-28,2017-10-01,24,unknown,,0,0,1,https://does.dc.gov/page/industry-closings-and-layoffs-warn-notifications,e19202ecdbf6d2952208db9606e34718c7b680eeca2386de5175eddf,828512f29fac0b306395135502d000607dee295b,2026-07-16,2026-07-16
DC,Providence Hospital,Washington D.C.,2017-08-17,2017-10-16,268,unknown,,0,0,1,https://does.dc.gov/page/industry-closings-and-layoffs-warn-notifications,77173f07ae3f77c8765f7fc4d7d87a31e9755504316a402e362fd22a,31e268e7f33fd58823a8da3404f3aa0613b31cf7,2026-07-16,2026-07-16
DC,"Centerra Group, LLC",Washington D.C.,2018-03-02,2018-03-31,243,unknown,,0,0,1,https://does.dc.gov/page/industry-closings-and-layoffs-warn-notifications,6b96398279b64384265410b42ae2bed72e3f879382aaf2784eb6b110,2ea2dde074a475a7af5c92f2a91b2f48767f3cc4,2026-07-16,2026-07-16
DC,"PESystems, INC.",Washington D.C.,2018-06-08,2018-08-10,89,unknown,,0,0,1,https://does.dc.gov/page/industry-closings-and-layoffs-warn-notifications,1fe4f5cff3d35a76cfa1c053825feb8cc6f7994dc263ba73fd4b7b19,cb3bc48ecdf92d334ddfcbef38f7d29a4d4f0125,2026-07-16,2026-07-16
DC,"Warner Media, LLC",Washington D.C.,2018-08-09,2018-11-09,14,unknown,,0,0,1,https://does.dc.gov/page/industry-closings-and-layoffs-warn-notifications,86a6fb101b3e48e5c99a304dc6a11e3a2c1e46635ab638d391ca37bf,3af04885cde0cd9cd4164cd54b32618c6b1d48d6,2026-07-16,2026-07-16
DC,Providence Hospital,Washington D.C.,2018-10-12,2018-12-14,898,unknown,,0,0,1,https://does.dc.gov/page/industry-closings-and-layoffs-warn-notifications,b6158eaf0afaa891e881d257cbd40954c4fb0368e7a4222111d8ad5d,f1a86bfb96b77ba9ba46e6adac2a3ea3d4db77f2,2026-07-16,2026-07-16
DC,Hooters,Washington D.C.,2019-03-20,2019-05-19,55,unknown,,0,0,1,https://does.dc.gov/page/industry-closings-and-layoffs-warn-notifications,804f71b6b84509e757f023843989d0247c8fcdf67423f9821acf5ed3,c591eccdfbc61933f8f31aa94ed8c7e8906caf4d,2026-07-16,2026-07-16
DC,Co-Star Group,Washington D.C.,2019-07-10,2019-09-27,96,unknown,,0,0,1,https://does.dc.gov/page/industry-closings-and-layoffs-warn-notifications,8b68d8c3191a97dd3a8732b269e197d179d9189b03b86cabc89cd0c3,9001bd9582d23e6c83120faa14b5582d9c998fa6,2026-07-16,2026-07-16
DC,Dean & DeLuca,Washington D.C.,2019-07-26,2019-07-26,53,unknown,,0,0,1,https://does.dc.gov/page/industry-closings-and-layoffs-warn-notifications,fe7f3f6496e1d1168fba60737a637fd3a731576eb698d1dd40b123a7,647c919a61ec3c87a5e38cba01c403f754e72c29,2026-07-16,2026-07-16
DC,OMNISEC,Washington D.C.,2019-07-26,2019-09-30,167,unknown,,0,0,1,https://does.dc.gov/page/industry-closings-and-layoffs-warn-notifications,cf06ae6858c04f765b9fd692f55b1baa7c320427e8b26a6a35ec9489,957761ebd1e2b27a654727c03f05c4bdc744d574,2026-07-16,2026-07-16
DC,GDIT,Washington D.C.,2019-07-31,2019-09-30,62,unknown,,0,0,1,https://does.dc.gov/page/industry-closings-and-layoffs-warn-notifications,7258caf4074a3e39b99c3810427120c84ac1967e086345bb6fa6b53f,0089661aa5651d48caf42e6dd78186d862054103,2026-07-16,2026-07-16
DC,"Centerra Group, LLC",Washington D.C.,2019-08-30,2019-09-30,72,unknown,,0,0,1,https://does.dc.gov/page/industry-closings-and-layoffs-warn-notifications,d7559fb28f46b01db9836de021a430f012e5bf085a2a6f4d2bc3bd45,59c3306cb79e2335c7c68fb8e407cfe99d707684,2026-07-16,2026-07-16
DC,GDIT,Washington D.C.,2019-09-17,2019-11-18,64,unknown,,0,0,1,https://does.dc.gov/page/industry-closings-and-layoffs-warn-notifications,8bf1e7dc124a30f1d63a8baabd04a395546393b4a5352dcfddf5ae4c,75633a355a4f961adc2826be1af59020cfba800f,2026-07-16,2026-07-16
DC,Capitol Hill Hotel,Washington D.C.,2019-10-22,2020-01-03,160,unknown,,0,0,1,https://does.dc.gov/page/industry-closings-and-layoffs-warn-notifications,d712fcdbbcb4d5c15f6bc852547f31a29921d1ff1f55520f3f7b4eb3,60e023eb02dd1b5af80acb4950f6be3198e8f9cd,2026-07-16,2026-07-16
DC,"Freedom Forum, INC",Washington D.C.,2019-10-25,2019-12-31,88,unknown,,0,0,1,https://does.dc.gov/page/industry-closings-and-layoffs-warn-notifications,2bde5e7db46bba142ddb2b7c411b1f26f617ebb7ab32fa785f387688,0c23229a95e0c0b525bee0a3b844ce1c6b999c1c,2026-07-16,2026-07-16
DC,Wolfgang Puck Catering and Newseum,Washington D.C.,2019-12-31,2019-12-31,60,unknown,,0,0,1,https://does.dc.gov/page/industry-closings-and-layoffs-warn-notifications,2d7af805e8ce7199de5ec09dc9a53dd7ffe9946615f3c6e86e708660,8de71d268598d0cc563fc0921b33efd05dd4a9cd,2026-07-16,2026-07-16
DC,Sydell Hotel LLC,Washington D.C.,2020-03-14,2020-03-16,58,unknown,,0,0,1,https://does.dc.gov/page/industry-closings-and-layoffs-warn-notifications,5f304cb59a620fc50ae314d76246589ef6de4fa53b2f28836b3e5dea,cb7229ccd5932f4961f31fe22d3c687ba68df481,2026-07-16,2026-07-16
DC,Carmines DC LLC,Washington D.C.,2020-03-18,2020-03-16,152,unknown,,0,0,1,https://does.dc.gov/page/industry-closings-and-layoffs-warn-notifications,37ad8e2d50b37075a7fdcb5952313d0427afe19ee3910982eb5b5475,5b3849ff3fc41334a187ecd5055657dcda788d54,2026-07-16,2026-07-16
DC,Gregorys Coffee Management LLC,Washington D.C.,2020-03-19,2020-03-19,30,unknown,,0,0,1,https://does.dc.gov/page/industry-closings-and-layoffs-warn-notifications,a6e6bfbb454b7d64d4a43ee8bf97f92ef36a07e8f238bcaca9457fbe,9c0566d02389f527fa9c0667fc83795960de9acf,2026-07-16,2026-07-16
DC,Four Seasons Hotel,Washington D.C.,2020-03-20,2020-03-23,413,unknown,,0,0,1,https://does.dc.gov/page/industry-closings-and-layoffs-warn-notifications,bf1f86066575b10efc4112daf1472645cf8d3c0bb49a8e4c0cc5bde2,8964d45036d3e34d1deff0053ccb8ee96b5ae12a,2026-07-16,2026-07-16
DC,Mynd Salon and Spa,Washington D.C.,2020-03-20,2020-03-19,82,unknown,,0,0,1,https://does.dc.gov/page/industry-closings-and-layoffs-warn-notifications,0b302ef1e025d4095a83527ea9b179e486ea4fa85327d5f00a6328b9,0cf288990d307a57dadbe709e8522883168ae688,2026-07-16,2026-07-16
DC,St. Anselm,Washington D.C.,2020-03-20,2020-03-23,96,unknown,,0,0,1,https://does.dc.gov/page/industry-closings-and-layoffs-warn-notifications,8f625af454ffa1616f7c4be21bcd507e035c8110d613b03525cf28ab,3543a802f687d2babec5eca1eea66432e145fe9d,2026-07-16,2026-07-16
DC,Boquiera,Washington D.C.,2020-03-23,2020-03-20,152,unknown,,0,0,1,https://does.dc.gov/page/industry-closings-and-layoffs-warn-notifications,7832e2e4829899fb875801624f7a373694cb9e085f05b9de004e68ce,fb3a9f89aaed3ad60c5d103c6d61a37de41bd133,2026-07-16,2026-07-16
DC,Embassy Row,Washington D.C.,2020-03-26,2020-03-26,67,unknown,,0,0,1,https://does.dc.gov/page/industry-closings-and-layoffs-warn-notifications,de1f68b1771b4ebffb428004b478d290726f211e238f67d1a5339de4,cc20ef8cb18d41eb4ab5098293b98fdbbc3b7e81,2026-07-16,2026-07-16
DC,Le Diplomate,Washington D.C.,2020-03-27,2020-03-16,244,unknown,,0,0,1,https://does.dc.gov/page/industry-closings-and-layoffs-warn-notifications,7cd68aca4484beb1e4e5309eaa862720c783b866fc3c2df3c825fb76,735b4f0a9e1220d0060f1a5ecc07b2efdacdf926,2026-07-16,2026-07-16
DC,Sequoia,Washington D.C.,2020-03-30,2020-03-16,128,unknown,,0,0,1,https://does.dc.gov/page/industry-closings-and-layoffs-warn-notifications,60712190ca14d0237d3a6f599ba47975d013d974ccbbbae8053ebe7d,58ada4f7e9a1bd059e13c09b1719a9e92563a45c,2026-07-16,2026-07-16
DC,Thunder Grill,Washington D.C.,2020-03-30,2020-03-16,41,unknown,,0,0,1,https://does.dc.gov/page/industry-closings-and-layoffs-warn-notifications,b347b787e91651a1bb037cc15d0500a789ab748cec73e5e58f471f8b,fd7169315537b472f18ee2eb51e5a6f4a6eae8dc,2026-07-16,2026-07-16
DC,Trump Interational Hotel,Washington D.C.,2020-04-03,2020-04-03,237,unknown,,0,0,1,https://does.dc.gov/page/industry-closings-and-layoffs-warn-notifications,cfaac5d20812593f9e83925398d205f6076b1167a0b99b4465efbab5,24ec1a4f9b5de830fb168224ae7206855d5eef87,2026-07-16,2026-07-16
DC,MomoFuku,Washington D.C.,2020-04-06,2020-04-06,67,unknown,,0,0,1,https://does.dc.gov/page/industry-closings-and-layoffs-warn-notifications,908ad137edbc205d5e57b22c32a53e0a70afa7eff1403ff347c47fb4,ba64c59d1807fa754bcb2c20a07602dbf303b919,2026-07-16,2026-07-16
DC,Visionworks,Washington D.C.,2020-04-23,2020-04-04,18,unknown,,0,0,1,https://does.dc.gov/page/industry-closings-and-layoffs-warn-notifications,4b7b298bbbf65b9a04837ed3bd03b0304d4934f2f450a6fe7de451a8,44895676f5b430cd49c101597b817343692acb7e,2026-07-16,2026-07-16
DC,"Barcelona Restaurants, LLC",Washington D.C.,2020-05-02,2020-03-26,151,unknown,,0,0,1,https://does.dc.gov/page/industry-closings-and-layoffs-warn-notifications,31f763e10f0d3dfcd799e02320b3b3e7d1f74d8bf42a1fcaccc673fb,7d0d548389ad10c9f3a013454f84ca2c4d5004c8,2026-07-16,2026-07-16
DC,Medical Facility Associates,Washington D.C.,2020-05-06,2020-07-05,136,unknown,,0,0,1,https://does.dc.gov/page/industry-closings-and-layoffs-warn-notifications,17ce6d33283fafb55c0e1710635594296375c16dfac1900dfb2658c3,c9596fc7e3f93f60736fa1c27adb4a85b4496a10,2026-07-16,2026-07-16
DC,Embassy Suites Chevy Chase,Washington D.C.,2020-05-21,2020-03-16,60,unknown,,0,0,1,https://does.dc.gov/page/industry-closings-and-layoffs-warn-notifications,0b9bbfbf4389c64cb22b9dfaf2267ebce3cf3b93bdcf07df29ae5a1a,1443a03b7fbcdfa98c62742afe102a9534a69121,2026-07-16,2026-07-16
DC,Westin Georgetown,Washington D.C.,2020-06-01,2020-03-16,96,unknown,,0,0,1,https://does.dc.gov/page/industry-closings-and-layoffs-warn-notifications,52a083dca09a3c3f3b394d316da2c745000f74fc902f992384c86e0d,1e5601072dd76b05c006e5ad56827092c1408764,2026-07-16,2026-07-16
DC,St. Regis,Washington D.C.,2020-06-02,2020-03-07,2020,unknown,,0,0,1,https://does.dc.gov/page/industry-closings-and-layoffs-warn-notifications,ea4d3fcd7f1c14ea79581375952e1b7fe23ddcd0a80987d876b59848,6e6d20c689748da2a20df4a22340de0327862d8e,2026-07-16,2026-07-16
DC,The Mayflower Hotel,Washington D.C.,2020-06-04,2020-03-20,426,unknown,,0,0,1,https://does.dc.gov/page/industry-closings-and-layoffs-warn-notifications,4919c3ac411eae8fba90d232c3db1340623e467cb291ec2cbaafb157,bb46b759d5f726bb7d15da5974c82cd4ee3ff364,2026-07-16,2026-07-16
DC,The Ritz,Washington D.C.,2020-06-05,2020-03-16,361,unknown,,0,0,1,https://does.dc.gov/page/industry-closings-and-layoffs-warn-notifications,a710f2b0da6cf73a9832060f0983d5d35323478b90629053609e21cf,130c8ff54dbe12a4204205f4a80e2955b83a5722,2026-07-16,2026-07-16
DC,Washington Marriott Georgetown,Washington D.C.,2020-06-05,2020-03-16,176,unknown,,0,0,1,https://does.dc.gov/page/industry-closings-and-layoffs-warn-notifications,020a61af25cc45c9252a378331135e169b149a9ed68d71f990de8ba9,8a44c39f48cc7e0456c91801953e095b6bfb54a5,2026-07-16,2026-07-16
DC,Marriott Washington Wardman Park,Washington D.C.,2020-06-08,2020-03-14,731,unknown,,0,0,1,https://does.dc.gov/page/industry-closings-and-layoffs-warn-notifications,6005f9dd4979335d2832fe66d5db99671e30d8f7b2bd6bd9e091309c,4e5a8989f72b789c60999bbb1eb63b3c436f7917,2026-07-16,2026-07-16
DC,The W Hotel,Washington D.C.,2020-06-08,2020-03-14,351,unknown,,0,0,1,https://does.dc.gov/page/industry-closings-and-layoffs-warn-notifications,ccf99d956e575afbc15099ef41d1253dedc3aeb1a2cade764c1c2b84,9cf004f98c2a47b7abde4a5e7287a11854d175bf,2026-07-16,2026-07-16
DC,JW Marriott Washington DC,Washington D.C.,2020-06-09,2020-03-16,376,unknown,,0,0,1,https://does.dc.gov/page/industry-closings-and-layoffs-warn-notifications,114e7216f9229e75dc19f3439bdf6d0c7cd158ea5f5854a2386d9bbe,316049ba4911b3cd993464fcac4509b54ed7f6d2,2026-07-16,2026-07-16
DC,"Residence Inn Washington DC, Downtown",Washington D.C.,2020-06-09,2020-03-13,56,unknown,,0,0,1,https://does.dc.gov/page/industry-closings-and-layoffs-warn-notifications,111a5228ac41b47aa12098d94c71fba4b1710a2c78404d1f58a92ca9,8698d8d6e59ed4e4eea231680670322cfafc96f4,2026-07-16,2026-07-16
DC,Hay-Adams Hotel,Washington D.C.,2020-06-11,2020-03-21,182,unknown,,0,0,1,https://does.dc.gov/page/industry-closings-and-layoffs-warn-notifications,e46c3147f882acb1fdc8cd6d86d46cd3a3685996656f3a4f362267fb,79c76a90e0594a78e9913694e62a725739b87a42,2026-07-16,2026-07-16
DC,Hyatt Regency Hotel,Washington D.C.,2020-06-17,2020-04-04,178,unknown,,0,0,1,https://does.dc.gov/page/industry-closings-and-layoffs-warn-notifications,d79e0cbbdab7293cc6d78407c090bda1c8996fc05840317c8ccc879e,374c11daae072390c7704ec245b46b8c8ba1ca1a,2026-07-16,2026-07-16
DC,Park Hyatt/Blue Duck Tavern Washington,Washington D.C.,2020-06-26,2020-03-21,152,unknown,,0,0,1,https://does.dc.gov/page/industry-closings-and-layoffs-warn-notifications,e87108ac72a47294f93b7b1307a719d56f5b74dd44abc4b6fbff995b,611c60fbcc461c404f4a8f5743eb85d6de5a5478,2026-07-16,2026-07-16
DC,Pret A Manger,Washington D.C.,2020-07-17,2020-03-16,152,unknown,,0,0,1,https://does.dc.gov/page/industry-closings-and-layoffs-warn-notifications,8bca5c995349726143e52d8ce929fad2acbf2575588b82504c7436c8,609bf3e7435af95d64d2154ba3609611aabb3b71,2026-07-16,2026-07-16
DC,Dupont Circle Hotel,Washington D.C.,2020-07-21,2020-03-22,157,unknown,,0,0,1,https://does.dc.gov/page/industry-closings-and-layoffs-warn-notifications,e55bab2b2cc95da13d4fbb408046d0ed470b8896de436d49ffb0d681,9c1432148e1e2fe760b1b250d2fbde35ad1a10ae,2026-07-16,2026-07-16
DC,Conrad Hotel,Washington D.C.,2020-07-23,2020-03-20,359,unknown,,0,0,1,https://does.dc.gov/page/industry-closings-and-layoffs-warn-notifications,f11997237eb44cdbc3c6e37dd6c5e8f7cc8a0b4402c42be9f2caeed3,e7e8bea8bc2f638f06fcfcfdc1f333128fc06910,2026-07-16,2026-07-16
DC,Omni Shoreham Hotel,Washington D.C.,2020-07-23,2020-03-27,599,unknown,,0,0,1,https://does.dc.gov/page/industry-closings-and-layoffs-warn-notifications,04293655c1f45ebbcd1ead7d7deac3bc00b948611d0b6df216c9b146,8d75836f813333e4d9229b5feddb0bbdf2ffc060,2026-07-16,2026-07-16
DC,Washington Hilton,Washington D.C.,2020-07-24,2020-03-19,533,unknown,,0,0,1,https://does.dc.gov/page/industry-closings-and-layoffs-warn-notifications,0f7ebb51137019dc9c435acde05365fac92546acc8e0f367c42cc147,5c58b9238e1594ecfb5a5d062f2470ba11c31062,2026-07-16,2026-07-16
DC,"Compass Group USA, Inc. d/b/a/ Restaurant Associates @ World Bank",Washington D.C.,2020-07-29,2020-10-01,261,unknown,,0,0,1,https://does.dc.gov/page/industry-closings-and-layoffs-warn-notifications,ff3f3a125dbc32482209c8c902d5ac476840d10dd4c274365597797f,b17d3eae03b35841907bcf814ecc79d1b62b33f2,2026-07-16,2026-07-16
DC,"Compass Group USA, Inc. d/b/a/ Restaurant Associates @ CVC",Washington D.C.,2020-07-30,2020-08-01,48,unknown,,0,0,1,https://does.dc.gov/page/industry-closings-and-layoffs-warn-notifications,97f57d1df1cc42bddc1fdb207787bdda3b91c04b3c5fcca886214d06,37d570b735c8507563ca68afb649bc7cd145bfe2,2026-07-16,2026-07-16
DC,"Compass Group USA, Inc. d/b/a/ Restaurant Associates @ Senate",Washington D.C.,2020-07-30,2020-10-01,199,unknown,,0,0,1,https://does.dc.gov/page/industry-closings-and-layoffs-warn-notifications,8209d5e0d4821ce256d72061edbe4304017c4fe56e633476d67f5754,96b2feb53ebc40b9964eeb4d94819295f1175752,2026-07-16,2026-07-16
DC,Embassy Suites Hilton- DC Convention Center,Washington D.C.,2020-08-06,2020-03-20,106,unknown,,0,0,1,https://does.dc.gov/page/industry-closings-and-layoffs-warn-notifications,9945dd3fa6c595543fd762acfaf3f1b480a7eb809596db72e3b78c54,ad2e370688db360a0c07e292bc5a75c8e414c471,2026-07-16,2026-07-16
DC,HMS Hosts - DCA,Washington D.C.,2020-08-11,2020-03-16,79,unknown,,0,0,1,https://does.dc.gov/page/industry-closings-and-layoffs-warn-notifications,845cd6e520c7be1039771c7b5a4f589df5726e7746432805b37b8e18,4ffa9a65b583f708a465d7bca764457428fed057,2026-07-16,2026-07-16
DC,Monumental Sports and Entertainment,Washington D.C.,2020-08-17,2020-10-16,175,unknown,,0,0,1,https://does.dc.gov/page/industry-closings-and-layoffs-warn-notifications,c7fcd0b1bddfa0e037767b831f97f141209d27c65a0650bacd51d302,c68ada3a8f930236ae4e4c15381088cddf3b0ec9,2026-07-16,2026-07-16
DC,Restaurant Associates (Kennedy Center),Washington D.C.,2020-08-17,2020-08-15,88,unknown,,0,0,1,https://does.dc.gov/page/industry-closings-and-layoffs-warn-notifications,f97afb2211e69be553bfef24992b32afba1bc8fca94916ab62f90a73,ad551cf744265444c4d7f537d651b20b3294aa72,2026-07-16,2026-07-16
DC,"Rose Restaurant Group, LLC and affiliates (Rose’s Luxury, Pineapple and Pearl, Little Pearl)",Washington D.C.,2020-08-19,2020-09-15,72,unknown,,0,0,1,https://does.dc.gov/page/industry-closings-and-layoffs-warn-notifications,0e6a67d690640f722a6864d8a5372cf7b7e0643ccec01677eb2c5466,59ce5dd3093f91c7fd329603f1b90a46b3cdbc4c,2026-07-16,2026-07-16
DC,Compass Group USA Inc. dba Chartwells,Washington D.C.,2020-08-20,2020-08-20,220,unknown,,0,0,1,https://does.dc.gov/page/industry-closings-and-layoffs-warn-notifications,01d1cae3db68c9c77e8378199bd04de451a6bbe130283100721f5299,66d075f27df0cbd538d5a2c6f0ab1d2bc1cb15e5,2026-07-16,2026-07-16
DC,Phoenix Park Hotel,Washington D.C.,2020-08-20,2020-10-07,57,unknown,,0,0,1,https://does.dc.gov/page/industry-closings-and-layoffs-warn-notifications,43663ecb09be8cdf08c24c83c580946c9249588d1e8c2b40c83bc692,01eb10a12f4fe0dcc4f7c2592c60d08716ac9ace,2026-07-16,2026-07-16
DC,Neiman Marcus Group,Washington D.C.,2020-08-23,2020-10-23,78,unknown,,0,0,1,https://does.dc.gov/page/industry-closings-and-layoffs-warn-notifications,d95f25f06ca20d924f8680f7d78e46839ab8cff1ae86a470889d9fe1,d62f5bfc5fbbc6d8065f5bb3df41ef28856f1213,2026-07-16,2026-07-16
DC,Marriot Washington Metro Center,Washington D.C.,2020-09-14,2020-11-20,91,unknown,,0,0,1,https://does.dc.gov/page/industry-closings-and-layoffs-warn-notifications,9f3ad80dccdb58d9cfe4326aaccb07db826dbb6b52c2367cafab8124,ee8c8aeb6352e58dbe8ad9e1c9d7ced8e616eda5,2026-07-16,2026-07-16
DC,Kimpton Hotel Palomar,Washington D.C.,2020-09-30,,55,unknown,,0,0,1,https://does.dc.gov/page/industry-closings-and-layoffs-warn-notifications,c8a9e33eea77a22e4ea30e4299045630de16f4b30bc4db33f1de845a,66ea42d8a95ad0c0bfb3f4c232c7152fb881f75e,2026-07-16,2026-07-16
DC,"LeTote, Inc.",Washington D.C.,2020-10-01,2020-12-01,33,unknown,,0,0,1,https://does.dc.gov/page/industry-closings-and-layoffs-warn-notifications,91ad08497c7d369930041a9843d496daff6384201a38bd309d4d972a,f6ea09d187f5fc7bf57418bcb32daf288d75d421,2026-07-16,2026-07-16
DC,Aramark at Georgetown Hotel and Conference Center,Washington D.C.,2020-10-12,,55,unknown,,0,0,1,https://does.dc.gov/page/industry-closings-and-layoffs-warn-notifications,cc2901e34fa83f2624780470186f7b00918688f9aada05ea439d44c2,f27358442fffbfe3719b6e68534e53c38327de4d,2026-07-16,2026-07-16
DC,Aramark at Capital One Area,Washington D.C.,2020-10-16,,738,unknown,,0,0,1,https://does.dc.gov/page/industry-closings-and-layoffs-warn-notifications,8d2c0887720af05b37f94bfcce53d87744536a7943b943bf120f2805,8b3c0111c1e005852e9671cc5a00b69b7be34d2a,2026-07-16,2026-07-16
DC,Aramark at Washington Convention Center,Washington D.C.,2020-10-16,,123,unknown,,0,0,1,https://does.dc.gov/page/industry-closings-and-layoffs-warn-notifications,2bf1a8082e89032930ea208ba95507fb6f112fe71a002a353ad0fe35,6c486c53fddd255f288b1f4cacf96e24840b5f5a,2026-07-16,2026-07-16
DC,Cosmos Club,Washington D.C.,2020-10-22,2020-05-04,70,unknown,,0,0,1,https://does.dc.gov/page/industry-closings-and-layoffs-warn-notifications,42e51c5696ca1d1621d5a7c79fac5170c88d46984a41013063666982,f84f01a0b2c81fc0af068f069a7995eebd5bf152,2026-07-16,2026-07-16
DC,Washington Metropolitan Area Transit Authority,Washington D.C.,2020-10-22,2020-12-25,1604,unknown,,0,0,1,https://does.dc.gov/page/industry-closings-and-layoffs-warn-notifications,8d256a1955053c911a4f4f58b8b8e5e95496297794ca07e382e2f02f,d9e6e9c3b555a2969c47f2052f5e161564eafdaf,2026-07-16,2026-07-16
DC,"CACI Technologies, Inc.",Washington D.C.,2021-03-02,2021-04-30,77,unknown,,0,0,1,https://does.dc.gov/page/industry-closings-and-layoffs-warn-notifications,c9f9cee4ac53ae5faa0f834ec489b02a73b46987dc8bef7dff56682c,f2ae018749504e25e947743898a9d1dd0d51e065,2026-07-16,2026-07-16
DC,"Curative, Inc",Washington D.C.,2021-03-16,2021-05-15,187,unknown,,0,0,1,https://does.dc.gov/page/industry-closings-and-layoffs-warn-notifications,de1aae25aae1c48177cab8230de73aeae106a206c940068d0ecf7500,d2a19bb5aa61097854446a6aa1129a0d50d7d904,2026-07-16,2026-07-16
DC,"ABM Industry Group, LLC",Washington D.C.,2022-01-14,2020-02-28,42,unknown,,0,0,1,https://does.dc.gov/page/industry-closings-and-layoffs-warn-notifications,4ff882655f99c69dd4be870cdd7707384bea6488eff48d834c4708e1,9453f09a60a747779aba30993030c30c52db7452,2026-07-16,2026-07-16
DC,Aramark at Georg Washington University,Washington D.C.,2022-05-31,2022-07-31,192,unknown,,0,0,1,https://does.dc.gov/page/industry-closings-and-layoffs-warn-notifications,a69f15e70f62a40f73405b76a2e31820362890fb0c16f8a0102811ec,0f4c2791114f53b1cff4cb07487d67a75b6d00af,2026-07-16,2026-07-16
DC,"Golden Services, LLZC",Washington D.C.,2022-07-27,2022-09-30,82,unknown,,0,0,1,https://does.dc.gov/page/industry-closings-and-layoffs-warn-notifications,b3a744cda230ab7c9345e42673bce8d25e88d74ddaba426f7a86f52d,bfc821d17582e2dafff5c51c46df14823df7b06e,2026-07-16,2026-07-16
DC,Democratic Congressional Committee,Washington D.C.,2022-09-15,2022-11-15,385,unknown,,0,0,1,https://does.dc.gov/page/industry-closings-and-layoffs-warn-notifications,1a4839859fe20dc69fbc84d7908484e3fbc19d0eb9ea3030328105c4,8f49e4a5d62fe481efeb43f671ca99cadebef0d2,2026-07-16,2026-07-16
DC,Democratic Congressional Committee (DNC),Washington D.C.,2022-09-15,2022-11-30,291,unknown,,0,0,1,https://does.dc.gov/page/industry-closings-and-layoffs-warn-notifications,d8165c0dff7ef9afefaa837469c94bec1a823348794f1cc3f1d7158a,c474ed987666a26471bd5b5d9304615eccedf3d0,2026-07-16,2026-07-16
DC,Democratic Senatorial Campaign Committee,Washington D.C.,2022-10-03,2022-12-03,121,unknown,,0,0,1,https://does.dc.gov/page/industry-closings-and-layoffs-warn-notifications,53f72bd15c236e374b4c395facba49a3c29747b99efd54593f8f3142,2a6395508982a09536d92c1669439a0ed9b698fc,2026-07-16,2026-07-16
DC,"CAMRIS International, LLC",Washington D.C.,2022-10-31,2022-12-30,140,unknown,,0,0,1,https://does.dc.gov/page/industry-closings-and-layoffs-warn-notifications,74489f4a56e3cc6320a89777186df7c394cd52dbd0535c65b093ae12,8263e575a0538ac871673ec98f6edb3c8662b69c,2026-07-16,2026-07-16
DC,"Curative, Inc.",Washington D.C.,2022-10-31,2022-12-30,66,unknown,,0,0,1,https://does.dc.gov/page/industry-closings-and-layoffs-warn-notifications,81c9940fab08701b4f7490bfac0f5ed968e64b08b7a771c1a384ae10,53c11d677711689a49ae9790353d4a7d78c70c39,2026-07-16,2026-07-16
DC,Walmart,Washington D.C.,2023-03-02,2023-06-02,267,unknown,,0,0,1,https://does.dc.gov/page/industry-closings-and-layoffs-warn-notifications,b95d7330ed77d5b52a9d5c8119ebea0ceeed93fc3ba5b11148f095a2,bd45308ed70d0992b84ed8a091d92cea41bffe45,2026-07-16,2026-07-16
DC,"Cityblock Health, Inc and Cityblock Medical Practice, P.A.",Washington D.C.,2023-05-09,2023-07-10,60,unknown,,0,0,1,https://does.dc.gov/page/industry-closings-and-layoffs-warn-notifications,c8038872962867c739d279101904c14d66bd95c32d1e10bae772bca0,4ff96a9d923f7d8ad295ffa9ac4fcdddb4ac0ab5,2026-07-16,2026-07-16
DC,Yellow Corporation and Affiliates,Washington D.C.,2023-08-01,2023-07-30,,unknown,,0,0,1,https://does.dc.gov/page/industry-closings-and-layoffs-warn-notifications,decb7c236a174646ea43398cc6d476d5a816562bd256d5e57c59611a,afd809f66fbf0440c3d8a120098e5fd462f96a01,2026-07-16,2026-07-16
DC,Constellis dba Omniplex World Services Corp,Washington D.C.,2023-09-29,2023-11-30,50,unknown,,0,0,1,https://does.dc.gov/page/industry-closings-and-layoffs-warn-notifications,9543dd0515d3729062fd4e9b565ca59bfea4db18196b12d73eed29b6,76cb35932d09d815591d0f966215f281d8bad645,2026-07-16,2026-07-16
DC,McFadden,Washington D.C.,2023-11-08,2024-01-25,434,unknown,,0,0,1,https://does.dc.gov/page/industry-closings-and-layoffs-warn-notifications,14cbb3a6c0b2666a9e9f5326ed076d19ef100c91ee2d9d9187235d22,28480aa250e46edb7707db88bd6292ccb8efc9f1,2026-07-16,2026-07-16
DC,Thomspon Facilities Services,Washington D.C.,2024-02-14,2024-04-14,190,unknown,,0,0,1,https://does.dc.gov/page/industry-closings-and-layoffs-warn-notifications,a04cb76c97a4879d96f7add46fe857b65f5237fed991939edb273deb,56b5c54066f36c294e4b860c304e3c36386669d1,2026-07-16,2026-07-16
DC,"Reach Media, LLC",Washington D.C.,2024-03-12,2024-05-17,73,unknown,,0,0,1,https://does.dc.gov/page/industry-closings-and-layoffs-warn-notifications,163959bc5b29ae9f77f4a6453826557496d2114f398357ddc689fbc9,d96d7aee67b29c99688f14bee305b1c16a2b9063,2026-07-16,2026-07-16
DC,National Democratic Institute,Washington D.C.,2024-03-24,2025-04-14,230,unknown,,0,0,1,https://does.dc.gov/page/industry-closings-and-layoffs-warn-notifications,8846fd40abda451a05aeb7336d2d4642c5fbf352d12a51763fd6a0a2,45045b85adef17c5502d7b642e6bf87c27aa8028,2026-07-16,2026-07-16
DC,Volta Charging Industries LLC,Washington D.C.,2024-03-29,2024-05-31,159,unknown,,0,0,1,https://does.dc.gov/page/industry-closings-and-layoffs-warn-notifications,94dbca9dbd42ee080cb0b256c4eba3e0141a447343d3552ed490a011,1a94b3edb3fbf81ad79f71360a52e98ca7305e14,2026-07-16,2026-07-16
DC,United Medical Center,Washington D.C.,2024-07-02,2024-08-31,33,unknown,,0,0,1,https://does.dc.gov/page/industry-closings-and-layoffs-warn-notifications,fb39e3bf38b92daf1fce55f6ba949ca77517e6a957d1c66e93199314,aa45237be6a08bd013838eba244baadcb7ae9260,2026-07-16,2026-07-16
DC,Democratic National Committee,Washington D.C.,2024-09-13,2024-11-15,,unknown,,0,0,1,https://does.dc.gov/page/industry-closings-and-layoffs-warn-notifications,6f9b3224a2e473e47e3d0e87112cd5d1a171a66c66bff3b8b2ab2375,fdf48fd95960875af806662dee9fa3df267f86ad,2026-07-16,2026-07-16
DC,Democratic Senatorial Campaign Committee,Washington D.C.,2024-09-13,2024-11-17,107,unknown,,0,0,1,https://does.dc.gov/page/industry-closings-and-layoffs-warn-notifications,adc5d89b249a166c0fb4aacf777a55d1842b2b05b8fc59c1d104d584,3a204a80e8934a04d2ab0f0fbe6fc72bc8949a23,2026-07-16,2026-07-16
DC,Democratic Senatorial Campaign Committee,Washington D.C.,2024-09-16,2024-11-15,318,unknown,,0,0,1,https://does.dc.gov/page/industry-closings-and-layoffs-warn-notifications,e5e68b52fd708914c12bbf995dcba44443fda7e23563928292d89935,0161744b705de7a960e3948128e4a5ecf2d36531,2026-07-16,2026-07-16
DC,United Medical Center,Washington D.C.,2024-11-01,2024-12-20,33,unknown,,0,0,1,https://does.dc.gov/page/industry-closings-and-layoffs-warn-notifications,baa6dc544b37ef8d1a17dc1b8fa0da42d3c71fb3dd3b6b183f178162,c9f1fb6bceca7e843458694c89b79ac065656a3f,2026-07-16,2026-07-16
DC,"Golden Services, LLC",Washington D.C.,2025-01-01,2025-01-31,43,unknown,,0,0,1,https://does.dc.gov/page/industry-closings-and-layoffs-warn-notifications,97966f0d55222bd8b4017e8c89ff534f72220760cfd069d556f5083c,a26cb8d3e48fa7625a9d434a67a9c3bfae26e2e2,2026-07-16,2026-07-16
DC,"Freedom House, Inc",Washington D.C.,2025-02-14,2025-04-15,76,unknown,,0,0,1,https://does.dc.gov/page/industry-closings-and-layoffs-warn-notifications,56873dd4eff42d7155ba546cfe7d288935e58cc7f51ccb888e211cbc,e5d20501e50cc818a7fb45759aeb893aaf59b62d,2026-07-16,2026-07-16
DC,United Medical Center,Washington D.C.,2025-02-20,2025-09-30,485,unknown,,0,0,1,https://does.dc.gov/page/industry-closings-and-layoffs-warn-notifications,9a378b969aa6a662959c7d55e110d9bfe570c1d56a9a9d3b9819a597,7cb6ab53163c83884b42ad121d5d8dd2de5b2da9,2026-07-16,2026-07-16
DC,ACDI VOCA,Washington D.C.,2025-03-06,2025-04-02,109,unknown,,0,0,1,https://does.dc.gov/page/industry-closings-and-layoffs-warn-notifications,19d8ba0efc99be95545ea9633b0c1101b9d90a5f312c7696dae08b95,8cb0f3ce11fa330829dbd3dbf7b02a7ea831c4dc,2026-07-16,2026-07-16
DC,Dexis Consulting Group,Washington D.C.,2025-03-10,2025-03-14,94,unknown,,0,0,1,https://does.dc.gov/page/industry-closings-and-layoffs-warn-notifications,951e1662a4456eba65f872444b93a3101317158ba2aa35b4a74100ba,d4671e0988d180a78eeb9755453ecf4eeefe8999,2026-07-16,2026-07-16
DC,IREX,Washington D.C.,2025-03-11,2025-03-03,130,unknown,,0,0,1,https://does.dc.gov/page/industry-closings-and-layoffs-warn-notifications,0d7a2010b61199b47f9d611e91a8d6ce59463118eef16fc7ea11f123,7dc3cd4a33514a4978dbb465b93dff0454afeaa8,2026-07-16,2026-07-16
DC,Institute of International Education,Washington D.C.,2025-03-13,2025-05-16,95,unknown,,0,0,1,https://does.dc.gov/page/industry-closings-and-layoffs-warn-notifications,c29b2d58a19aca6533fd396998aedd5f414c027cf7bbe2ab20ddbbc4,98155c66151cd84edf5a4f680f3db553ff2f90e8,2026-07-16,2026-07-16
DC,Save the Children,Washington D.C.,2025-03-13,2025-02-28,116,unknown,,0,0,1,https://does.dc.gov/page/industry-closings-and-layoffs-warn-notifications,c00a155167209c4b2e2d727ef211d7c9b2f59c2aea3d237e379827ba,ab3a042e69e2cd3816e390ece444c0c032b10560,2026-07-16,2026-07-16
DC,Chemonics,Washington D.C.,2025-03-14,2025-05-30,500,unknown,,0,0,1,https://does.dc.gov/page/industry-closings-and-layoffs-warn-notifications,f218a7fdb958ca7608bcd38d27903fde40ff4862b9f07e0d5af5d285,834999018edce427d60af0e5a8c75a7ae7c9ee40,2026-07-16,2026-07-16
DC,Cointerpart International,Washington D.C.,2025-03-28,2025-03-28,64,unknown,,0,0,1,https://does.dc.gov/page/industry-closings-and-layoffs-warn-notifications,b02ffbe56f1034d1780dacbfba05ec3218db4f86b48cd18b26401608,41ea6121617adec37d522d571ad1618b2399b262,2026-07-16,2026-07-16
DC,"Freedom House, Inc.",Washington D.C.,2025-03-28,2025-05-27,30,unknown,,0,0,1,https://does.dc.gov/page/industry-closings-and-layoffs-warn-notifications,2c7054b81be57d884d1adc72fdbc2a4294ff85192b715bf0a88ee738,633287aa23e121f33795fa78522a970765e9d374,2026-07-16,2026-07-16
DC,American Federation of Government Employees (AFGE),Washington D.C.,2025-03-31,2025-05-30,206,unknown,,0,0,1,https://does.dc.gov/page/industry-closings-and-layoffs-warn-notifications,908205d6ced5a869edf9d61493a5d0547975464ad84012cf1fde203d,92527158779a22485a9a6eae31b42c03857c37c7,2026-07-16,2026-07-16
DC,International Republican Institute,Washington D.C.,2025-04-07,2025-06-06,246,unknown,,0,0,1,https://does.dc.gov/page/industry-closings-and-layoffs-warn-notifications,ce6fa5d33317c17cac78004c761ded0e73e32e26f8ba8630068ecb66,f76a0111f6d218ced3105d63c608edd32f2d6951,2026-07-16,2026-07-16
DC,Family Health International d/b/a FHI360,Washington D.C.,2025-04-09,2025-05-02,260,unknown,,0,0,1,https://does.dc.gov/page/industry-closings-and-layoffs-warn-notifications,a2d3bce3cd65327383da9a588df55d81e1b71876f6ec9fbfc9e6cd7f,537b7f3b06bf808e82a76520b31392ffe955996c,2026-07-16,2026-07-16
DC,Institue of International Education,Washington D.C.,2025-04-14,2025-06-29,45,unknown,,0,0,1,https://does.dc.gov/page/industry-closings-and-layoffs-warn-notifications,0b8cc0e77740f62455fa5646d0582745946edf227fbbf16f0bbb6cc7,4edbc39829496ff0495f9ee5e7db765c384b47b6,2026-07-16,2026-07-16
DC,US Conference of Catholic Bishops,Washington D.C.,2025-04-14,2025-05-30,39,unknown,,0,0,1,https://does.dc.gov/page/industry-closings-and-layoffs-warn-notifications,29666d89965c1cb8fbf0cf2f63ae0e2b9b11c3de9514df0c4aacd159,e36fafc69cc5164537b24a51e7576490794d7a47,2026-07-16,2026-07-16
DC,Children's School Services,Washington D.C.,2025-04-25,2025-06-28,226,unknown,,0,0,1,https://does.dc.gov/page/industry-closings-and-layoffs-warn-notifications,c444d547327e454969f46fe875123e5d0521789e497cedc563dbeeac,680dc8d034055c7a317ceb091aefcee6847bee39,2026-07-16,2026-07-16
DC,Institue of International Education,Washington D.C.,2025-04-25,2025-06-29,63,unknown,,0,0,1,https://does.dc.gov/page/industry-closings-and-layoffs-warn-notifications,449521eb30be09ec0ef09a0fad76d5696591de1e6ee0bfc2b2f06365,8866a901d383eb207327607d8de5557a6b18ef1e,2026-07-16,2026-07-16
DC,Radio Free Asia,Washington D.C.,2025-05-02,2025-05-09,285,unknown,,0,0,1,https://does.dc.gov/page/industry-closings-and-layoffs-warn-notifications,b025f187442f63101cb8faa498a5d8a4f47b2b8f853e114b4a5e0ab8,a9685869787d4730b7f54ad82b918cf823f2825f,2026-07-16,2026-07-16
DC,Pact,Washington D.C.,2025-05-13,2025-06-24,72,unknown,,0,0,1,https://does.dc.gov/page/industry-closings-and-layoffs-warn-notifications,b7a7d2b9611c1f487fd25c64a80364d9d406b3d32b13f5cf0db2468c,3513de4588080fbac2504008fbf78dc5bcfd0ebb,2026-07-16,2026-07-16
DC,"Sodexo Services East, LLC",Washington D.C.,2025-05-15,2025-08-08,228,unknown,,0,0,1,https://does.dc.gov/page/industry-closings-and-layoffs-warn-notifications,0fc08dfc286906a839b11ad71f4bba53c2c13b9e4bfae51bbfa1f6bf,0b7e3e6ac0d2d3af4697c68151562d3ad7bc0167,2026-07-16,2026-07-16
DC,ACDI/VOCA,Washington D.C.,2025-06-04,2025-08-04,19,unknown,,0,0,1,https://does.dc.gov/page/industry-closings-and-layoffs-warn-notifications,0bb7fa32a531ace0e9e596909251c2ac251edff53155d13e0ef58d20,564c391dc6d3d89c221f64c75be21d9972c76204,2026-07-16,2026-07-16
DC,Institue of International Education,Washington D.C.,2025-06-04,2025-09-28,54,unknown,,0,0,1,https://does.dc.gov/page/industry-closings-and-layoffs-warn-notifications,2bc511c06cec642d6fad22f651296cb132860d01578454cdca22d49f,91d783f920ffa5bfb890f76ea26583bdecad1380,2026-07-16,2026-07-16
DC,"Sodexo, Inc.",Washington D.C.,2025-06-06,2025-07-31,308,unknown,,0,0,1,https://does.dc.gov/page/industry-closings-and-layoffs-warn-notifications,5559737670d0902bdf6978d7fe61dcaa5ffcf1538efad71f039cb943,d737997e424904ad5b5a86c750fb928754a391fb,2026-07-16,2026-07-16
DC,Institue of International Education,Washington D.C.,2025-07-01,2025-11-02,54,unknown,,0,0,1,https://does.dc.gov/page/industry-closings-and-layoffs-warn-notifications,b4f58616b551a94a299410f2c0e7fe68476c239a568b59daf49c5210,0d456f426e24c1960036055d491874fca1fcc5be,2026-07-16,2026-07-16
DC,ACDI VOGA,Washington D.C.,2025-07-02,2025-09-02,4,unknown,,0,0,1,https://does.dc.gov/page/industry-closings-and-layoffs-warn-notifications,0f2042fe63fbe9d9f995cf9b275936de219a5616332e530e74a74fb8,13403709516f26626833509cb069dbbb92b2cf04,2026-07-16,2026-07-16
DC,ACDI VOCA,Washington D.C.,2025-07-30,2025-10-01,4,unknown,,0,0,1,https://does.dc.gov/page/industry-closings-and-layoffs-warn-notifications,dd9a787710d82b274b776f7a541df70e79d20006e0b0218ac7fc5ae5,975b58471030bd0282a4103538f6a8a5bd487a8b,2026-07-16,2026-07-16
DC,National Association of County and City Health Officials,Washington D.C.,2025-07-30,2025-09-30,43,unknown,,0,0,1,https://does.dc.gov/page/industry-closings-and-layoffs-warn-notifications,22e47df8740fec994f3bac3911574f4804f2be390268e25c730011b3,880617d5dcab39323b77615715bbb2ebf36f30a9,2026-07-16,2026-07-16
DC,Corporation for Public Broadcasting,Washington D.C.,2025-08-01,2025-09-30,94,unknown,,0,0,1,https://does.dc.gov/page/industry-closings-and-layoffs-warn-notifications,2c74928de96c1fe22a4f0c1e87d0f2faec12ac3b3dbc845065ca7f14,693ce1e5783d21f409771688d76c3e29c0a90d68,2026-07-16,2026-07-16
DC,Institue of International Education,Washington D.C.,2025-08-11,2025-11-02,46,unknown,,0,0,1,https://does.dc.gov/page/industry-closings-and-layoffs-warn-notifications,0f26bf99e76bfdc6202d130d92a50be44dcdca59c6fc3a0a4cc1c60c,74377aaad3505051f646f9b3ab2185ce4b6485ea,2026-07-16,2026-07-16
DC,Chemonics,Washington D.C.,2025-08-25,2025-09-30,59,unknown,,0,0,1,https://does.dc.gov/page/industry-closings-and-layoffs-warn-notifications,52e916a50433b1d919a63ecb0c1ba822ee424b89b2bf9763c5c39e7d,653951d33c2180f192a9bc20dee5cf593632578d,2026-07-16,2026-07-16
DC,Target,Washington D.C.,2025-08-27,2025-11-01,44,unknown,,0,0,1,https://does.dc.gov/page/industry-closings-and-layoffs-warn-notifications,e9417a99ec494e5bbe8ed2de2487599dd42a4045b5a9d839960c62a0,13d8717f99bd7f48c95f389937e703e993d91bee,2026-07-16,2026-07-16
DC,ACDI VOCA,Washington D.C.,2025-08-28,2025-11-03,5,unknown,,0,0,1,https://does.dc.gov/page/industry-closings-and-layoffs-warn-notifications,d61ca30a0d9a03df5db5d2914896dcffbd974a012e27fede309a0a18,8c36c41d679f639ba7a959ff0039584da2a1c636,2026-07-16,2026-07-16
DC,Institue of International Education,Washington D.C.,2025-09-10,2025-09-28,46,unknown,,0,0,1,https://does.dc.gov/page/industry-closings-and-layoffs-warn-notifications,4d191a25255b5c174678aae296b59c33a1b1a305a306b2d21347a4df,adcc44b99090594e73787e3a98b0ed438561a50e,2026-07-16,2026-07-16
DC,Institue of International Education,Washington D.C.,2025-10-20,2026-01-04,24,unknown,,0,0,1,https://does.dc.gov/page/industry-closings-and-layoffs-warn-notifications,0b15abb14d63d05bdc15dbb4be21bea06e880bb2c72f0e396c9a6ba8,263bc59135fd0989ef38b0f235da04b734833bc1,2026-07-16,2026-07-16
DC,RATP DEV and Midtown Group,Washington D.C.,2025-10-29,2026-01-03,52,unknown,,0,0,1,https://does.dc.gov/page/industry-closings-and-layoffs-warn-notifications,9fa4eecc9f28b0f03032780fc6501ce6f57d8e6ff38e1ababdd58ee4,87d8b59bd3d3a14beac945f7d105a881df411232,2026-07-16,2026-07-16
DC,Elior North America,Washington D.C.,2026-02-02,2026-06-30,76,unknown,,0,0,1,https://does.dc.gov/page/industry-closings-and-layoffs-warn-notifications,a5f634efe6e2b7fcb6eeed83f55ee71e0aa1c0495df5f78f59da6acd,f33fdb6b810e8dbbe39c4d802a85f29ddbd84d76,2026-07-16,2026-07-16
DC,WP Company LLC,Washington D.C.,2026-02-06,2026-04-10,277,unknown,,0,0,1,https://does.dc.gov/page/industry-closings-and-layoffs-warn-notifications,3107fa3cc10182863daab7b4e3f1c9b728dc0406d16a402f228517fe,a520b890d8fee3ba216369cf899b726f4b5ee039,2026-07-16,2026-07-16
DC,Albertson's/Safeway,Washington D.C.,2026-03-13,,87,unknown,,0,0,1,https://does.dc.gov/page/industry-closings-and-layoffs-warn-notifications,fdb95508c892e3297442a5c2a93b83facacc091193093f955ee36c0e,505e471b9924973a98c33c5e52bfc20e8adefae5,2026-07-16,2026-07-16
DC,"Bering Global Solutions, LLC",Washington D.C.,2026-03-13,2026-03-31,108,unknown,,0,0,1,https://does.dc.gov/page/industry-closings-and-layoffs-warn-notifications,865fff8adc5e4694ac4f0a0d692f52dfc0b984494326be7b570c3df9,d07a54d110cd6714396fd1a3c7d7f242309bed38,2026-07-16,2026-07-16
DC,General Dynamics Information Technology,Washington D.C.,2026-04-17,2026-06-15,87,unknown,,0,0,1,https://does.dc.gov/page/industry-closings-and-layoffs-warn-notifications,2fb221b2e896676be4cc00f45f4fe57e368f335efd9e0afadfe97ab8,7137a38e596b85c90403c5ae929225dbe2799332,2026-07-16,2026-07-16
DC,Noblis,Washington D.C.,2026-04-22,2026-05-19,115,unknown,,0,0,1,https://does.dc.gov/page/industry-closings-and-layoffs-warn-notifications,fe73d9673b9306da6cca3a7dba6865f524b7b3df178554ffbfe656d0,ce5ac79268637f483fc42600e568a55be9163df0,2026-07-16,2026-07-16
DC,Republic National Distributing Company,Washington D.C.,2026-04-23,2026-06-21,125,unknown,,0,0,1,https://does.dc.gov/page/industry-closings-and-layoffs-warn-notifications,c7cd6763d576fe2a75f82fd5bf17b731ea69349349d6d017eb9c1f42,0eaf8dc09bb20a701df825f1d9a1e6947274b057,2026-07-16,2026-07-16
DC,Ideal US Talent Systems Worker Op Co LLC,Washington D.C.,2026-05-01,2026-07-01,307,unknown,,0,0,1,https://does.dc.gov/page/industry-closings-and-layoffs-warn-notifications,41730544ffd64bc85af2726f6bb5b5b944b2446a46d6f8c49ef1ba35,4ae7545a73d0983784f6f4386da3f67484ba85d8,2026-07-16,2026-07-16
