state,employer_name,normalized_name,canonical_name,canonical_basis,industry,naics,naics_basis,naics_level,cik,ticker,cik_match,sic,sic_description,ein,ntee,lei,wikidata_qid,wikidata_match,parent_company,parent_cik,identity_source,employer_key,place_name,place_fips,county_name,county_fips,latitude,longitude,geo_basis,affected_site_address,affected_site_city,site_role,employer_mailing_address,employer_name_verbatim,letter_date,agency_received_date,agency_notification_date,agency_processed_date,source_record_urls,source_locators,source_status,timing_qc,site_address_basis,location,site_address,notice_date,notice_date_precision,notice_date_basis,effective_date,effective_date_precision,effective_date_basis,effective_date_end,effective_date_end_precision,effective_date_end_basis,source_identity,source_details,employees_affected,layoff_type,is_temporary,is_amendment,is_amended,current_version,source_url,source_notice_id,dedupe_key,first_seen,last_seen
ME,Hostess,hostess,Hostess,wikidata,,,,,,,,,,,,,Q28451273,label,,,automatic,qid:Q28451273,,,,,,,,,,,,,,,,,,,,,,3 - Central Western Local Area 3,,2012-01-25,,,,,,,,,,,423,unknown,,0,0,1,https://joblink.maine.gov/search/warn_lookups,00d9210100285bf2b738b744acde06af834dba323c79ed01bb0ad32f,6a340a17a4d791418f02b8e5d93181c0a64e499b,2026-09-30,
ME,William Aurthur / Crane Co,william aurthur crane,William Aurthur / Crane Co,filed,,,,,,,,,,,,,,,,,,n:william aurthur crane,,,,,,,,,,,,,,,,,,,,,,4 - Coastal Counties Local Area 4,,2013-04-18,,,,,,,,,,,270,unknown,,0,0,1,https://joblink.maine.gov/search/warn_lookups,9720549680ec1cf92077e3750b3ffab6f0bcc52970eed28aa005d70b,dfce73975cd934a6ab10dd58fe0ad534ca743215,2026-09-30,
ME,Great Northern Paper,great northern paper,Great Northern Paper,filed,,,,,,,,,,,,,,,,,,n:great northern paper,,,,,,,,,,,,,,,,,,,,,,1 - Northeastern Workforce Board,,2014-02-06,,,,,,,,,,,,unknown,,0,0,1,https://joblink.maine.gov/search/warn_lookups,4d07fc512d5d2c4b17c834c0ea9a17a4dea3a1f70127013685a00ac0,422c9cecea2dcf98a9c87c385c82f19e59ad14c1,2026-09-30,
ME,Verso Paper,verso paper,Billerud,wikidata,,,,,,,,,,,,,Q7922702,label,,,automatic,qid:Q7922702,Bucksport CDP,2308780,Hancock County,23009,44.588434,-68.798635,place,,,,,,,,,,,,,,,Bucksport,,2014-10-01,,,,,,,,,,,500,unknown,,0,0,1,https://joblink.maine.gov/search/warn_lookups,9d7ada209d226b8e1eb773474e64fedbb19457d63c5a83b3a7a22808,eef94616779e1ea7503fc97dfd37d7e6e0c93208,2026-09-30,
ME,UTC,utc,UTC,filed,,,,,,,,,,,,,,,,,,n:utc,,,,,,,,,,,,,,,,,,,,,,3 - Central Western Local Area 3,,2014-11-01,,,,,,,,,,,395,unknown,,0,0,1,https://joblink.maine.gov/search/warn_lookups,5fa576cacd03e06f0d0a0c233edb72e2ce2b8dda3c257264b3677f77,862ed1f015d71cb95ff6d20ea19dea57d183dee4,2026-09-30,
ME,Cascade Fiber,cascade fiber,Cascade Fiber,filed,,,,,,,,,,,,,,,,,,n:cascade fiber,,,,,,,,,,,,,,,,,,,,,,3 - Central Western Local Area 3,,2015-06-29,,,,,,,,,,,200,unknown,,0,0,1,https://joblink.maine.gov/search/warn_lookups,f39305e0b19204e3ff5ad08237e437e74933e65b14ea4790dc88bad9,7212a7f6beaeef3d611e70764cfe4c75b580e29f,2026-09-30,
ME,Lincoln Paper and Tissue,lincoln paper and tissue,Lincoln Paper and Tissue,filed,,,,,,,,,,,,,,,,,,n:lincoln paper and tissue,,,,,,,,,,,,,,,,,,,,,,1 - Northeastern Workforce Board,,2015-09-28,,,,,,,,,,,200,unknown,,0,0,1,https://joblink.maine.gov/search/warn_lookups,9541c86021c38c9b1204b10b7cd34d28af3a988ff283bc34a332d9dc,bed82ab53b09363a753cdff5f75563a215470870,2026-09-30,
ME,Expera,expera,Expera,filed,,,,,,,,,,,,,,,,,,n:expera,,,,,,,,,,,,,,,,,,,,,,1 - Northeastern Workforce Board,,2015-10-12,,,,,,,,,,,220,unknown,,0,0,1,https://joblink.maine.gov/search/warn_lookups,e3333cc06fa3833cc5978cd2aec4a6f67f0ceba5964f1aa60aa4fe67,7caf4da91d3249a009cde49c73007f28eb452520,2026-09-30,
ME,Madison Paper Industries,madison paper industries,Madison Paper Industries,filed,,,,,,,,,,,,,,,,,,n:madison paper industries,,,,,,,,,,,,,,,,,,,,,,3 - Central Western Local Area 3,,2016-03-14,,,,,,,,,,,210,unknown,,0,0,1,https://joblink.maine.gov/search/warn_lookups,0464ff85188dafff0006423a1eaaf74ac3d3e07931291bdbcc41d757,abb8aa637ac8a068fc4ccbd3da02d9290c9e2ac3,2026-09-30,
ME,Family Dollar,family dollar,Family Dollar,wikidata,,,,,1672323,,exact,,,,,,Q5433101,cik,,,automatic,qid:Q5433101,,,,,,,,,,,,,,,,,,,,,,4 - Coastal Counties Local Area 4,,2017-05-05,,,,,,,,,,,8,unknown,,0,0,1,https://joblink.maine.gov/search/warn_lookups,5f632ea9177bac36bbbb9219b2ec13d8ee02ca6ceffe473f8bff92f8,94fc9bb8f4504791ca56e3073c491c3488987a87,2026-09-30,
ME,Verso Paper,verso paper,Billerud,wikidata,,,,,,,,,,,,,Q7922702,label,,,automatic,qid:Q7922702,,,,,,,,,,,,,,,,,,,,,,3 - Central Western Local Area 3,,2017-11-01,,,,,,,,,,,150,unknown,,0,0,1,https://joblink.maine.gov/search/warn_lookups,489bed56b887df2e7f082e2688b1e3d7408fadbfe231c5253eb475f0,9e313a89e308e58363126c02f3f802a4eeb9d70f,2026-09-30,
ME,Sitel,sitel,"SITEL, LLC",gleif,,,,,,,,,,,,549300MI26Y1L4DQS104,,,,,automatic,lei:549300MI26Y1L4DQS104,,,,,,,,,,,,,,,,,,,,,,1 - Northeastern Workforce Board,,2017-12-08,,,,,,,,,,,150,unknown,,0,0,1,https://joblink.maine.gov/search/warn_lookups,099edac03e897a4231a27452f77855d8e546049f91b15c7521473a2e,b2a42c493043a2616bf343070969ee49f8a77c24,2026-09-30,
ME,Ledgeview Living Center,ledgeview living center,Ledgeview Living Center,filed,,,,,,,,,,,,,,,,,,n:ledgeview living center,,,,,,,,,,,,,,,,,,,,,,3 - Central Western Local Area 3,,2018-08-10,,,,,,,,,,,122,unknown,,0,0,1,https://joblink.maine.gov/search/warn_lookups,9726998ecf9ed91084860a75e4a1d347b5dd9fa007eb0fb3c59c51f1,f806f4134eb146f3dffe91cea7c1f5d405346d16,2026-09-30,
ME,Emery Waterhouse,emery waterhouse,Emery Waterhouse,filed,,,,,,,,,,,,,,,,,,n:emery waterhouse,,,,,,,,,,,,,,,,,,,,,,4 - Coastal Counties Local Area 4,,2018-10-10,,,,,,,,,,,150,unknown,,0,0,1,https://joblink.maine.gov/search/warn_lookups,3bab6c02b4115c26c0427fcffe128d404227038fd2178ab1bf9531f2,19a4f40bd1674593e89a82731d0fcbe73ab8d428,2026-09-30,
ME,Barclays Card,barclays card,Barclays Card,filed,,,,,,,,,,,,,,,,,,n:barclays card,,,,,,,,,,,,,,,,,,,,,,3 - Central Western Local Area 3,,2019-01-08,,,,,,,,,,,227,unknown,,0,0,1,https://joblink.maine.gov/search/warn_lookups,94c0e09144044cf59178dac8256a8e5d60b3ba370bdec9bf71c881ac,8da2180963b1fa19aa95dea5363c8e0f217097ca,2026-09-30,
ME,Sitel,sitel,"SITEL, LLC",gleif,,,,,,,,,,,,549300MI26Y1L4DQS104,,,,,automatic,lei:549300MI26Y1L4DQS104,,,,,,,,,,,,,,,,,,,,,,1 - Northeastern Workforce Board,,2019-07-16,,,,,,,,,,,94,unknown,,0,0,1,https://joblink.maine.gov/search/warn_lookups,d5baa5b53ffe92b2b3a49dcdb09be3b3a4815bdb214de85a13ba5df1,cf033084cd5f936ddd223dc310c55e2fa03b8112,2026-09-30,
ME,Covenant Health,covenant health,Covenant Health,filed,,,,,,,,,,,,,,,,,,n:covenant health,,,,,,,,,,,,,,,,,,,,,,3 - Central Western Local Area 3,,2019-07-31,,,,,,,,,,,73,unknown,,0,0,1,https://joblink.maine.gov/search/warn_lookups,b1ac23e64674f05f988ec3a1ed3b71a53dc1f3a82d1ede437328805d,e8e8806bb8c4c791276c68197b082b2a143a889b,2026-09-30,
ME,Conform Gissing International,conform gissing international,Conform Gissing International,filed,,,,,,,,,,,,,,,,,,n:conform gissing international,,,,,,,,,,,,,,,,,,,,,,3 - Central Western Local Area 3,,2019-09-20,,,,,,,,,,,38,unknown,,0,0,1,https://joblink.maine.gov/search/warn_lookups,fa238985ab3e07a55f7fc4f293aadc5e329da11109242085aac1c3f1,9a3d8a4810bd2b9a33f02f2e6fd8991ae5e2331c,2026-09-30,
ME,Olympia Sports Warehouse,olympia sports warehouse,Olympia Sports Warehouse,filed,,,,,,,,,,,,,,,,,,n:olympia sports warehouse,,,,,,,,,,,,,,,,,,,,,,4 - Coastal Counties Local Area 4,,2019-10-29,,,,,,,,,,,75,unknown,,0,0,1,https://joblink.maine.gov/search/warn_lookups,a8f2e36b445f42e8c77e9e109d7ae565f87f9ca4c660168d0c0323b7,ac1e91528c5c5ef1bc3fa9028090b7cabbf4edc3,2026-09-30,
ME,Growers Express,growers express,Growers Express,filed,,,,,,,,,,,,,,,,,,n:growers express,,,,,,,,,,,,,,,,,,,,,,4 - Coastal Counties Local Area 4,,2019-12-29,,,,,,,,,,,93,unknown,,0,0,1,https://joblink.maine.gov/search/warn_lookups,feb2179910ec53cfb56fac6edbb2ae526e71bfb016f7a28b50d03bda,64667a71086fce581aa01a77e5436ed9e815917c,2026-09-30,
ME,EVO Merchant Services,evo merchant services,EVO Merchant Services,filed,,,,,,,,,,,,,,,,,,n:evo merchant services,,,,,,,,,,,,,,,,,,,,,,4 - Coastal Counties Local Area 4,,2020-01-07,,,,,,,,,,,139,unknown,,0,0,1,https://joblink.maine.gov/search/warn_lookups,2b5f04e161634e8464768f83df1d6333cd2c47dd8939f194012263e6,a683c5980b3a30c2b57f683a3d438b79056a7fbd,2026-09-30,
ME,Home Care for Maine,home care for maine,Home Care for Maine,filed,,,,,,,,,,,,,,,,,,n:home care for maine,,,,,,,,,,,,,,,,,,,,,,3 - Central Western Local Area 3,,2020-01-30,,,,,,,,,,,366,unknown,,0,0,1,https://joblink.maine.gov/search/warn_lookups,1e8b191188c8abfe234c6696cd88510ae639fdaa68221cc5dbee6d22,e34d1cedb7f3f3832d9a3babc7d631d01275dd54,2026-09-30,
ME,HMS Host,hms host,HMSHost,wikidata,,,,,,,,,,,,,Q3786866,label,,,automatic,qid:Q3786866,,,,,,,,,,,,,,,,,,,,,,4 - Coastal Counties Local Area 4,,2020-03-20,,,,,,,,,,,240,unknown,,0,0,1,https://joblink.maine.gov/search/warn_lookups,d41287118a03bc0bee7cd36278ff1e195b2bc8cb68654acfcabfe2fb,fa631340325069003a192ed5781d810429659607,2026-09-30,
ME,"Huhtamaki, Inc",huhtamaki,"HUHTAMAKI, INC.",gleif,,322299,employer,,,,,,,,,549300I7FRMVFIPQLA59,,,,,automatic,lei:549300I7FRMVFIPQLA59,,,,,,,,,,,,,,,,,,,,,,3 - Central Western Local Area 3,,2020-03-20,,,,,,,,,,,102,unknown,,0,0,1,https://joblink.maine.gov/search/warn_lookups,db2b2741430d92258faa7be26cc62860e23407be213d55a7b3a207f9,a5da6b2e974cd9a8b99d1aab7f33982a0100ab7c,2026-09-30,
ME,HMS Host,hms host,HMSHost,wikidata,,,,,,,,,,,,,Q3786866,label,,,automatic,qid:Q3786866,,,,,,,,,,,,,,,,,,,,,,4 - Coastal Counties Local Area 4,,2020-03-21,,,,,,,,,,,60,unknown,,0,0,1,https://joblink.maine.gov/search/warn_lookups,6d6520646c08d76c544f82917d7ddd20d38031587276e5b13f56c38c,357d4b0e8ba812512c9001791a957482ec41f777,2026-09-30,
ME,Gissing,gissing,Gissing,filed,,,,,,,,,,,,,,,,,,n:gissing,,,,,,,,,,,,,,,,,,,,,,3 - Central Western Local Area 3,,2020-03-25,,,,,,,,,,,84,unknown,,0,0,1,https://joblink.maine.gov/search/warn_lookups,5a38486404f3037b2bb3945f1c5cfea5bfd75950a284c047f34df160,1cececd0f4017235efd7f3e18f757ed53a35f3f1,2026-09-30,
ME,JS McCarthy Printers,js mccarthy printers,JS McCarthy Printers,filed,,,,,,,,,,,,,,,,,,n:js mccarthy printers,,,,,,,,,,,,,,,,,,,,,,3 - Central Western Local Area 3,,2020-03-26,,,,,,,,,,,61,unknown,,0,0,1,https://joblink.maine.gov/search/warn_lookups,c2e71ef0545caa7f45f601cbc612daaf03b34354616e25dfaa138cd1,f613997d2a8479b30d0b38fd1605ba8cde47cd63,2026-09-30,
ME,CIEE,ciee,CIEE,filed,,,,,,,,,,,,,,,,,,n:ciee,,,,,,,,,,,,,,,,,,,,,,4 - Coastal Counties Local Area 4,,2020-03-27,,,,,,,,,,,256,unknown,,0,0,1,https://joblink.maine.gov/search/warn_lookups,1d974a57ade6b4eecaca47735d6552b51f3fec0588b4d3dfe69c1d27,95032b39cf73f10ea62f944b62644e2af2551ad1,2026-09-30,
ME,White Barn Inn,white barn inn,White Barn Inn,filed,,,,,,,,,,,,,,,,,,n:white barn inn,,,,,,,,,,,,,,,,,,,,,,4 - Coastal Counties Local Area 4,,2020-03-31,,,,,,,,,,,43,unknown,,0,0,1,https://joblink.maine.gov/search/warn_lookups,b930ef68b6ff5cf9d71978a020bf06ccce88da51c52a64dcfe2a37dd,4c36dfd1d8867104187fc822621a905645ad4cf2,2026-09-30,
ME,"HH Brown Shoe Co., Inc.",hh brown shoe,"HH Brown Shoe Co., Inc.",filed,,,,,,,,,,,,,,,,,,n:hh brown shoe,Dexter CDP,2317495,Penobscot County,23019,45.016208,-69.294664,place,,,,,,,,,,,,,,,Dexter,,2020-04-01,,,,,,,,,,,10,unknown,,0,0,1,https://joblink.maine.gov/search/warn_lookups,346a4868dc9d3f635ee74d94f24cdb3ae4b333747daa4d6d57d0e578,266218e786dda078e5885325052f46559c655abd,2026-09-30,
ME,Sweetser,sweetser,SWEETSER,irs,,62,ntee,enterprise,,,,,,010211807,P300,,,,,,automatic,ein:010211807,,,,,,,,,,,,,,,,,,,,,,4 - Coastal Counties Local Area 4,,2020-04-01,,,,,,,,,,,22,unknown,,0,0,1,https://joblink.maine.gov/search/warn_lookups,663ec92cf94c2729a4e672043b67d0fd92908822c622cb80cde52c51,e3754baf8e62c32b5e58b312abc90196c96eb7eb,2026-09-30,
ME,Sweetser,sweetser,SWEETSER,irs,,62,ntee,enterprise,,,,,,010211807,P300,,,,,,automatic,ein:010211807,,,,,,,,,,,,,,,,,,,,,,4 - Coastal Counties Local Area 4,,2020-04-10,,,,,,,,,,,10,unknown,,0,0,1,https://joblink.maine.gov/search/warn_lookups,43aecdda0c6e1b572b8c9f81870b0832dd3ce8cd0fe76d0e362bfbc5,94b36b18dbc9e8e49f4e425a4ae36ef66842b292,2026-09-30,
ME,Eat'n Park Hospitality Group Inc,eat n park hospitality group,"Eat'n Park Hospitality Group, Inc.",gleif,,,,,,,,,,,,549300LO5F5GFJAO0C23,,,,,automatic,lei:549300LO5F5GFJAO0C23,Biddeford city,2304860,York County,23031,43.438733,-70.392943,place,,,,,,,,,,,,,,,Biddeford,,2020-04-17,,,,,,,,,,,148,unknown,,0,0,1,https://joblink.maine.gov/search/warn_lookups,a61136717788f9ef82452044fcf7ca5bc92eda94b5499998ffb59b1c,bb626c7b96e50376dc8b8e9bf9ad6b1d3262df15,2026-09-30,
ME,Enterprise Holding Group,enterprise holding group,Enterprise Holding Group,filed,,,,,,,,,,,,,,,,,,n:enterprise holding group,Westbrook city,2382105,Cumberland County,23005,43.70792,-70.352602,place,,,,,,,,,,,,,,,Westbrook,,2020-04-20,,,,,,,,,,,63,unknown,,0,0,1,https://joblink.maine.gov/search/warn_lookups,aa8e13d01dcb6bac4543cb0f63f7828ebcf4fe0dff7a2b5c9ff94e92,b5bc5cd4c0ce806adba96a2f6b05eeca70f5c697,2026-09-30,
ME,Whitecraft Scarborough Tempe,whitecraft scarborough tempe,Whitecraft Scarborough Tempe,filed,,,,,,,,,,,,,,,,,,n:whitecraft scarborough tempe,,,,,,,,,,,,,,,,,,,,,,4 - Coastal Counties Local Area 4,,2020-04-30,,,,,,,,,,,125,unknown,,0,0,1,https://joblink.maine.gov/search/warn_lookups,73a0fe61ecd323d25b2bda7aa2c0a20d8583cbd40b9cff1afb0ecb68,9ab81c720b66c7c7db0b3aa266cbc7b86a1d91e4,2026-09-30,
ME,Chadwick-BaRoss,chadwick baross,Chadwick-BaRoss,filed,,,,,,,,,,,,,,,,,,n:chadwick baross,,,,,,,,,,,,,,,,,,,,,,4 - Coastal Counties Local Area 4,,2020-05-04,,,,,,,,,,,16,unknown,,0,0,1,https://joblink.maine.gov/search/warn_lookups,35d2b49948abaf3a93c97b4f4f4a44584db8e82b2eb74276795c5f13,a86a3d13c7c48724dd36f675afe9eaa7ba51a5df,2026-09-30,
ME,Tasman,tasman,Tasman,filed,,,,,,,,,,,,,,,,,,n:tasman,,,,,,,,,,,,,,,,,,,,,,3 - Central Western Local Area 3,,2020-05-04,,,,,,,,,,,115,unknown,,0,0,1,https://joblink.maine.gov/search/warn_lookups,5095701d03b7496b34589ccc535d09a54ec7b81238afd925d3c07cbf,021fb58efe4ed6f2d8660d446c6991fe5ace73dc,2026-09-30,
ME,Pratt & Whitney,pratt whitney,Pratt & Whitney,wikidata,,,,,,,,,,,,,Q173150,label,,,automatic,qid:Q173150,,,,,,,,,,,,,,,,,,,,,,4 - Coastal Counties Local Area 4,,2020-06-01,,,,,,,,,,,100,unknown,,0,0,1,https://joblink.maine.gov/search/warn_lookups,c806029d5e93bdba49189dc5d124d8dbd70f1fc5fd539a9a70fd33c5,9f720f89d84be53b7acd135f57681f9cdb3b1633,2026-09-30,
ME,Hollywood Casino Hotel & Raceway,hollywood casino hotel raceway,Hollywood Casino Hotel & Raceway,filed,,,,,,,,,,,,,,,,,,n:hollywood casino hotel raceway,,,,,,,,,,,,,,,,,,,,,,1 - Northeastern Workforce Board,,2020-06-15,,,,,,,,,,,121,unknown,,0,0,1,https://joblink.maine.gov/search/warn_lookups,b63c7d50487e101769fc91f8aa8d0854ec7ca8baa6b8e97bd29e70cd,2ac51188ae2a029be94f22cc1e66dc24151b2ad6,2026-09-30,
ME,Pixelle Specialty Solutions,pixelle specialty solutions,PIXELLE SPECIALTY SOLUTIONS LLC,gleif,,,,,,,,,,,,5493002S74PA4Q8Y8Z86,,,,,automatic,lei:5493002S74PA4Q8Y8Z86,,,,,,,,,,,,,,,,,,,,,,3 - Central Western Local Area 3,,2020-07-14,,,,,,,,,,,59,unknown,,0,0,1,https://joblink.maine.gov/search/warn_lookups,8f58f84a00792bd83374efa1a11eec52a3a6cf4c85f2a91100051473,476b285de5d5fa59e54d9e495220399440bb0d06,2026-09-30,
ME,HMS Host,hms host,HMSHost,wikidata,,,,,,,,,,,,,Q3786866,label,,,automatic,qid:Q3786866,,,,,,,,,,,,,,,,,,,,,,4 - Coastal Counties Local Area 4,,2020-08-17,,,,,,,,,,,64,unknown,,0,0,1,https://joblink.maine.gov/search/warn_lookups,0c9302a2cd898831367789520f7f9a7ba2c3766f6d9ba6af2c4b85a2,131ab25fa319b347921fb627819b38fb1d74b1fc,2026-09-30,
ME,Stanley Black and Decker,stanley black and decker,Stanley Black & Decker,wikidata,,,,,93556,SWK,fuzzy:0.97,3420,"Cutlery, Handtools & General Hardware",,,,Q706094,cik,,,automatic,qid:Q706094,,,,,,,,,,,,,,,,,,,,,,4 - Coastal Counties Local Area 4,,2020-09-18,,,,,,,,,,,105,unknown,,0,0,1,https://joblink.maine.gov/search/warn_lookups,ef009d7de61bb9fe7a3cb2e9f3ef2b3fcb9f13ec2e74ef791c6e79b2,1d795b4119a59736a2d9657bb68a1cddd4204fe4,2026-09-30,
ME,Pixelle,pixelle,Pixelle,filed,,,,,,,,,,,,,,,,,,n:pixelle,,,,,,,,,,,,,,,,,,,,,,3 - Central Western Local Area 3,,2020-09-28,,,,,,,,,,,51,unknown,,0,0,1,https://joblink.maine.gov/search/warn_lookups,cee35e2bfb1373a462644d4e9d074ae27b50e3af7777a3d62d4872dd,5b708d5d4d0da56c0b168e31cd6605c6b6947daa,2026-09-30,
ME,Pixelle Specialty Solutions,pixelle specialty solutions,PIXELLE SPECIALTY SOLUTIONS LLC,gleif,,,,,,,,,,,,5493002S74PA4Q8Y8Z86,,,,,automatic,lei:5493002S74PA4Q8Y8Z86,,,,,,,,,,,,,,,,,,,,,,3 - Central Western Local Area 3,,2020-10-30,,,,,,,,,,,67,unknown,,0,0,1,https://joblink.maine.gov/search/warn_lookups,5564ffc82d4af9aedf97bf1eb4930f19479657c2cae797e3ca3d293d,dc4fe9cd50faa754e0603894d1be75d46ae70742,2026-09-30,
ME,Abbott Laboratories,abbott laboratories,Abbott Laboratories,wikidata,,325412,sec-sic,enterprise,1800,ABT,exact,2834,Pharmaceutical Preparations,,,,Q306764,cik,,,automatic,qid:Q306764,Westbrook city,2382105,Cumberland County,23005,43.70792,-70.352602,place,,,,,,,,,,,,,,,Westbrook,,2021-07-07,,,,,,,,,,,310,unknown,,0,0,1,https://joblink.maine.gov/search/warn_lookups,f6489235af8a71f8535fcaba78fbe6047b808e0efa50b9b97140d177,50ad607cf866513ecd5f8752fda1a0cb2271a9a1,2026-09-30,
ME,B&M Beans,b m beans,B&M Beans,filed,,,,,,,,,,,,,,,,,,n:b m beans,Portland city,2360545,Cumberland County,23005,43.633157,-70.185305,place,,,,,,,,,,,,,,,Portland,,2021-08-30,,,,,,,,,,,86,unknown,,0,0,1,https://joblink.maine.gov/search/warn_lookups,96b065df1b22608151c94491b83394d88d12846d3ba8ccc17d687e02,7223261ed99b6376ebac5ff0c0035e927219d5e5,2026-09-30,
ME,Sweetser,sweetser,SWEETSER,irs,,62,ntee,enterprise,,,,,,010211807,P300,,,,,,automatic,ein:010211807,Saco city,2364675,York County,23031,43.527959,-70.419571,place,,,,,,,,,,,,,,,Saco,,2022-07-11,,,,,,,,,,,139,unknown,,0,0,1,https://joblink.maine.gov/search/warn_lookups,f07eeb3e553f2157884a427936b4a2d8047d5b6dabe41600951b88bb,8aee7f044e130811540764b50a0a16d204d0369a,2026-09-30,
ME,Pixelle Speciality Solutions,pixelle speciality solutions,Pixelle Speciality Solutions,filed,,,,,,,,,,,,,,,,,,n:pixelle speciality solutions,,,Franklin County,23007,44.976724,-70.414935,subdivision,,,,,,,,,,,,,,,Jay,,2022-09-30,,,,,,,,,,,230,unknown,,0,0,1,https://joblink.maine.gov/search/warn_lookups,bfe68d8bfbe9dffc9b66601c9f6a6be60dd4e00d78bcb1c6b59961f2,5ad4818e2796676453c9213d89030b48facceaa8,2026-09-30,
ME,Aerotek (Abbott),aerotek abbott,Aerotek,cleaned,,561320,employer,,,,,,,,,,,,,,,n:aerotek,Portland city,2360545,Cumberland County,23005,43.633157,-70.185305,place,,,,,,,,,,,,,,,Portland,,2023-02-07,,,,,,,,,,,234,unknown,,0,0,1,https://joblink.maine.gov/search/warn_lookups,a3a77453dc20b86745f62b83f28ed4511b26a5955faa7a13407ab016,6e8a4c66be3e37c0ae8d384f777cbe2c550c9883,2026-09-30,
ME,Abbott Rapid Diagnostics,abbott rapid diagnostics,Abbott Rapid Diagnostics,wikidata,,,,,,,,,,,,,Q121621073,label,,,automatic,qid:Q121621073,Westbrook city,2382105,Cumberland County,23005,43.70792,-70.352602,place,,,,,,,,,,,,,,,Westbrook,,2023-03-01,,,,,,,,,,,219,unknown,,0,0,1,https://joblink.maine.gov/search/warn_lookups,f6608d80a9549666ea081a5eb4956af26517def22abc8786c01c70d6,94da72248b0dabd40998ed74c40a44a35af9e9e8,2026-09-30,
ME,ND Paper Old Town,nd paper old town,ND Paper Old Town,filed,,,,,,,,,,,,,,,,,,n:nd paper old town,Old Town city,2355225,Penobscot County,23019,44.954171,-68.739689,place,,,,,,,,,,,,,,,Old Town,,2023-03-30,,,,,,,,,,,,unknown,,0,0,1,https://joblink.maine.gov/search/warn_lookups,24e55dbe678fda2084a707c20d5f70bdc849429a3b19c069426d4b27,a11d116fb3030b2273cf2c17d24f11055eab08b8,2026-09-30,
ME,David's Bridal,david s bridal,"DAVID'S BRIDAL, LLC",gleif,,,,,,,,,,,,YEMD6E68QLMSL3ZMES44,Q5230388,label,,,automatic,lei:YEMD6E68QLMSL3ZMES44,South Portland city,2371990,Cumberland County,23005,43.631402,-70.285989,place,,,,,,,,,,,,,,,South Portland,,2023-04-14,,,,,,,,,,,,unknown,,0,0,1,https://joblink.maine.gov/search/warn_lookups,5edbc0a9aeffad2334b7639ca312a83b02a48560d3e0d6276a41473e,92c1912887dac2f02fa9a7f21f137728f9fadc3e,2026-09-30,
ME,Abbott Rapid Diagnostics,abbott rapid diagnostics,Abbott Rapid Diagnostics,wikidata,,,,,,,,,,,,,Q121621073,label,,,automatic,qid:Q121621073,Westbrook city,2382105,Cumberland County,23005,43.70792,-70.352602,place,,,,,,,,,,,,,,,Westbrook,,2023-05-16,,,,,,,,,,,199,unknown,,0,0,1,https://joblink.maine.gov/search/warn_lookups,db8fb57ce7548a88cae39f155455108dd6d7765ed86889d42e1b2cfe,915808e494307fb3da8a796716b14ae1afe45559,2026-09-30,
ME,Bitwise Industries,bitwise industries,Bitwise Industries,wikidata,,54,employer,,,,,,,,,,Q119683616,label,,,automatic,qid:Q119683616,,,,,,,,,,,,,,,,,,,,,,Fresno,,2023-06-14,,,,,,,,,,,1,unknown,,0,0,1,https://joblink.maine.gov/search/warn_lookups,9483f4d6a3f03f5b17afd90e76ac083fd4a723f15a1de20a75ef7ebb,f11cc5b98e55c801fe067b7dfb69f614d6a3187b,2026-09-30,
ME,Puritan Medical Products,puritan medical products,Puritan Medical Products,filed,,,,,1158061,,exact:post-era,,,,,,,,,,automatic,cik:1158061,Pittsfield CDP,2358970,Somerset County,23025,44.763273,-69.372732,place,,,,,,,,,,,,,,,Pittsfield,,2023-06-28,,,,,,,,,,,254,unknown,,0,0,1,https://joblink.maine.gov/search/warn_lookups,b5bc306177e75f3593489f2929f240405e98c20645074588b28837f1,df57dad853abea3fa681e2f4beed2096aeb35cac,2026-09-30,
ME,Dragon Cement,dragon cement,Dragon Cement,filed,,,,,,,,,,,,,,,,,,n:dragon cement,Thomaston CDP,2376330,Knox County,23013,44.081867,-69.179452,place,,,,,,,,,,,,,,,Thomaston,,2023-09-06,,,,,,,,,,,30,unknown,,0,0,1,https://joblink.maine.gov/search/warn_lookups,72514e925af5435b97496ecf1ea011877ca9b854728e5f42dab877a5,502180f3b21c45d819aef389c0d2538213f7aabf,2026-09-30,
ME,Thriveworks Counseling & Psychiatry,thriveworks counseling psychiatry,Thriveworks Counseling & Psychiatry,filed,,,,,,,,,,,,,,,,,,n:thriveworks counseling psychiatry,Portland city,2360545,Cumberland County,23005,43.633157,-70.185305,place,,,,,,,,,,,,,,,Portland,,2023-09-25,,,,,,,,,,,1,unknown,,0,0,1,https://joblink.maine.gov/search/warn_lookups,bd417ae4a11ac35d159cfbbaa68cb8ea6f9f5cf958802412baa5ee37,bd390bfdbb6481928296a46a2188385b079a5a4e,2026-09-30,
ME,First Savings Bank,first savings bank,First Savings Bank,filed,,52,employer,,,,,,,,,,,,,,,n:first savings bank,,,,,,,,,,,,,,,,,,,,,,Jeffersonville,,2023-10-06,,,,,,,,,,,1,unknown,,0,0,1,https://joblink.maine.gov/search/warn_lookups,7e7f6f540f74516d31be6633a5d3e06302cd98a64c20faa780e845af,b6231f32d69a7e21cda2163e9ecb1a17fc0f5aad,2026-09-30,
ME,Yelloh!,yelloh,Yelloh!,filed,,,,,,,,,,,,,,,,,,n:yelloh,Gorham CDP,2328205,Cumberland County,23005,43.693238,-70.434962,place,,,,,,,,,,,,,,,Gorham,,2023-11-29,,,,,,,,,,,4,unknown,,0,0,1,https://joblink.maine.gov/search/warn_lookups,6fdc2b43e8f871a6b925ff972f0e3100f246dff277fc8e24ceecd7f7,7413fb98525e017e655441c99711dcfd598652d3,2026-09-30,
ME,Parker Hannifin,parker hannifin,Parker Hannifin,wikidata,,,,,76334,PH,exact,3490,Miscellaneous Fabricated Metal Products,,,,Q1470619,cik,,,automatic,qid:Q1470619,Kittery CDP,2337235,York County,23031,43.089985,-70.738321,place,,,,,,,,,,,,,,,Kittery,,2024-04-22,,,,,,,,,,,48,unknown,,0,0,1,https://joblink.maine.gov/search/warn_lookups,0040db83eb23af0a03f1837a07052a85810dfa185d08fab824f8cfb1,00169592bc1129cb991fb94b584cefdf63eb81e8,2026-09-30,
ME,Spurwink,spurwink,Spurwink,filed,,,,,,,,,,,,,,,,,,n:spurwink,Augusta city,2302100,Kennebec County,23011,44.334904,-69.734199,place,,,,,,,,,,,,,,,Augusta,,2024-04-26,,,,,,,,,,,61,unknown,,0,0,1,https://joblink.maine.gov/search/warn_lookups,444ce09b53d8997ee69aa80772ef6b43fe1469c46b10a07a9c6fe722,ed33a7aa187a9d009636de0e091fdb88de688a91,2026-09-30,
ME,Onsemi,onsemi,Onsemi,filed,,,,,,,,,,,,,,,,,,n:onsemi,South Portland city,2371990,Cumberland County,23005,43.631402,-70.285989,place,,,,,,,,,,,,,,,South Portland,,2024-06-13,,,,,,,,,,,53,unknown,,0,0,1,https://joblink.maine.gov/search/warn_lookups,bcde8f1750782c2e39ce9435c18e8ee44d73d9ce92af135b1e3d5add,9e1cc8fadf20f87652170704af5c0d4ef032693d,2026-09-30,
ME,Yelloh!,yelloh,Yelloh!,filed,,,,,,,,,,,,,,,,,,n:yelloh,,,Penobscot County,23019,45.409284,-68.666616,subdivision,,,,,,,,,,,,,,,Hermon,,2024-09-23,,,,,,,,,,,14,unknown,,0,0,1,https://joblink.maine.gov/search/warn_lookups,77431464ff32c27646517c4bc5d2fe0a7a1a20ac866e155054db8827,7e3d3bf30cfb3457863909940e3f706b8472dc6b,2026-09-30,
ME,Vimo dba GetInsured,vimo dba getinsured,Vimo,cleaned,,51,employer,,,,,,,,,,,,,,,n:vimo,Augusta city,2302100,Kennebec County,23011,44.334904,-69.734199,place,,,,,,,,,,,,,,,Augusta,,2024-12-27,,,,,,,,,,,1,unknown,,0,0,1,https://joblink.maine.gov/search/warn_lookups,463869ed93850ba8fa3ab5f52d78ae579df975677f32bd2486441f9c,54d44aa2297460389850bbe613701727b4c32a94,2026-09-30,
ME,Sonoco,sonoco,Sonoco,filed,,,,,91767,SON,listed-extension,2650,Paperboard Containers & Boxes,,,,,,,,automatic,cik:91767,,,Cumberland County,23005,43.808348,-70.330375,subdivision,,,,,,,,,,,,,,,Scarborough,,2025-03-13,,,,,,,,,,,67,unknown,,0,0,1,https://joblink.maine.gov/search/warn_lookups,86b9d7ad853ed9314af4eec8edf5f67ec2343823dd1faf969387e2ac,abacbdb17b99a959d141e7ca4e052f239fffb2c2,2026-09-30,
ME,Northern Light - Inland Hospital,northern light inland hospital,Northern Light,cleaned,,,,,,,,,,,,,,,,,,n:northern light,Waterville city,2380740,Kennebec County,23011,44.545285,-69.661396,place,,,,,,,,,,,,,,,Waterville,,2025-03-25,,,,,,,,,,,50,unknown,,0,0,1,https://joblink.maine.gov/search/warn_lookups,744e7067ae9537b29efdae9c5b7d3aedb5e9f5051482062f61699ba8,3f179c00a10c2d13101dc9a95da1f813cd3f20f2,2026-09-30,
ME,US Cellular,us cellular,US Cellular,filed,,,,,,,,,,,,,,,,,,n:us cellular,,,Washington County,23029,44.967009,-67.609354,county,,,,,,,,,,,,,,,Washington,,2025-04-07,,,,,,,,,,,20,unknown,,0,0,1,https://joblink.maine.gov/search/warn_lookups,d179fb4d2a97c26bc83fd627fd6e32e51eaabb04fa70ed3d3dc4a3f6,610331365c41b13806660c300db08fbd54498dc1,2026-09-30,
ME,Bon Appetit,bon appetit,Bon Appétit,wikidata,,722513,employer,,,,,,,,,,Q2185528,label,,,automatic,qid:Q2185528,Waterville city,2380740,Kennebec County,23011,44.545285,-69.661396,place,,,,,,,,,,,,,,,Waterville,,2025-04-10,,,,,,,,,,,187,unknown,,0,0,1,https://joblink.maine.gov/search/warn_lookups,bf86105a40316ad4d4805e9c59259813df681127a485a5711d46f908,d66de506a58c61ca90a4486b65ef8fc34a4a89bd,2026-09-30,
ME,Trans Axle,trans axle,Trans Axle,filed,,,,,,,,,,,,,,,,,,n:trans axle,Westbrook city,2382105,Cumberland County,23005,43.70792,-70.352602,place,,,,,,,,,,,,,,,Westbrook,,2025-05-16,,,,,,,,,,,18,unknown,,0,0,1,https://joblink.maine.gov/search/warn_lookups,f736f477b1b9ce40e1e9a9a105983e1fde5b160f3b674cebedbf26f5,0149d6d44f5431a65ca487ca386b6c157d36cc78,2026-09-30,
ME,Loring Job Corps Center,loring job corps center,Loring Job Corps Center,filed,,,,,,,,,,,,,,,,,,n:loring job corps center,Limestone CDP,2339265,Aroostook County,23003,46.911205,-67.830828,place,,,,,,,,,,,,,,,Limestone,,2025-06-03,,,,,,,,,,,114,unknown,,0,0,1,https://joblink.maine.gov/search/warn_lookups,428f72aef38ce8696ae1a067b5c327c687b18ef8842bd5981db7a44b,b43200e0314375db903085591a9272e057b53dd2,2026-09-30,
ME,Charter Communications,charter communications,Spectrum,wikidata,,5132,sec-sic,enterprise,1091667,CHTR,exact:listed,4841,Cable & Other Pay Television Services,,,,Q2961234,cik,,,automatic,qid:Q2961234,Portland city,2360545,Cumberland County,23005,43.633157,-70.185305,place,,,,,,,,,,,,,,,Portland,,2025-12-10,,,,,,,,,,,176,unknown,,0,0,1,https://joblink.maine.gov/search/warn_lookups,26ed15e2a148274e25016d110d7af5fb54213d5da25e9e58199a1711,818afa7a86264c67bb7767e07de23e1504b18b8f,2026-09-30,
ME,Pride Manufacturing -gathr Outdoors,pride manufacturing gathr outdoors,Pride Manufacturing,cleaned,,,,,,,,,,,,,,,,,,n:pride manufacturing,,,Waldo County,23027,44.475023,-69.117429,subdivision,,,,,,,,,,,,,,,Burnham,,2026-01-13,,,,,,,,,,,115,unknown,,0,0,1,https://joblink.maine.gov/search/warn_lookups,40ddfc2e30153b43800f9b69ed5b80b8e9e57bc78b8be54a53373ad6,4305bbd968e42a0b73ba5dceb056bf01424a3d59,2026-09-30,
ME,SMBC-Sumitomo Mitsui Banking Corporation,smbc sumitomo mitsui banking,SMBC-Sumitomo Mitsui Banking Corporation,filed,,,,,,,,,,,,,,,,,,n:smbc sumitomo mitsui banking,,,,,,,,,,,,,,,,,,,,,,New York,,2026-01-13,,,,,,,,,,,1,unknown,,0,0,1,https://joblink.maine.gov/search/warn_lookups,f21f88a34b31b3b7a0bf841713a843ae7908120410bb72e3772c7c30,c0163a1efae9c3dce2577b9f1ce6f09aa52677b4,2026-09-30,
ME,Gathr Outdoors dba Pride Manufacturing Co LLC,gathr outdoors dba pride manufacturing,Gathr Outdoors,cleaned,,,,,,,,,,,,,,,,,,n:gathr outdoors,Guilford CDP,2330060,Piscataquis County,23021,45.178621,-69.395037,place,,,,,,,,,,,,,,,Guilford,,2026-01-27,,,,,,,,,,,,unknown,,0,0,1,https://joblink.maine.gov/search/warn_lookups,98c3cb14f9821c3f5270615dd013809ee7e68c3d989d34a17a7c5adf,8a3eb07b01f2980280b65cd996d5af302a4a2639,2026-09-30,
ME,SP+ Parking,sp parking,SP+ Parking,filed,,,,,,,,,,,,,,,,,,n:sp parking,Portland city,2360545,Cumberland County,23005,43.633157,-70.185305,place,,,,,,,,,,,,,,,Portland,,2026-06-02,,,,,,,,,,,,unknown,,0,0,1,https://joblink.maine.gov/search/warn_lookups,c148110ed4b27f8e382c136e528bc9d1fe5cdf3c46bfa4db11d84bad,5b6d84027187bbdf4fc5e987d5627618459d9296,2026-09-30,
ME,"Host International, Inc.",host international,"Host International, Inc.",filed,,48-49,employer,,905042,,exact:post-era,5812,Retail-Eating  Places,,,,,,,,automatic,cik:905042,Portland city,2360545,Cumberland County,23005,43.633157,-70.185305,place,,,,,,,,,,,,,,,Portland,,2026-08-04,,,,,,,,,,,102,unknown,,0,0,1,https://joblink.maine.gov/search/warn_lookups,4703b3145bbae999f97117668f374177a545ca66b2fc2134f062e0de,d7858d6fff1e22f47ff3fe79f0b22c9f88973556,2026-09-30,
ME,Count & Crush LLC,count crush,Count & Crush LLC,filed,,,,,,,,,,,,,,,,,,n:count crush,Biddeford city,2304860,York County,23031,43.438733,-70.392943,place,,,,,,,,,,,,,,,Biddeford,,2026-09-09,,,,,,,,,,,54,unknown,,0,0,1,https://joblink.maine.gov/search/warn_lookups,2d9b2629822a370f154487d433883770a4e99d3904dc9313a8d4330e,ac8febd944da42c43985759ea7803306b5cda53e,2026-09-30,
