state,employer_name,normalized_name,location,notice_date,effective_date,employees_affected,layoff_type,is_temporary,is_amendment,is_amended,current_version,source_url,source_notice_id,dedupe_key,first_seen,last_seen
PA,ABA2DAY Behavior Services,aba2day behavior services,Delaware,,2023-08-21,94,closure,,0,0,1,https://www.pa.gov/agencies/dli/programs-services/workforce-development-home/warn-requirements/warn-notices,423984d1a8d0056e28399f80364bc1106faf1df95634ebfc3a5fce0f,6cca0ce5bc646d0ea5107070dda5968f76ade51f,2026-07-16,2026-07-19
PA,ACC Premiere,acc premiere,Lycoming,,2025-09-19,67,mass_layoff,,0,0,1,https://www.pa.gov/agencies/dli/programs-services/workforce-development-home/warn-requirements/warn-notices,d59d687e858207ab5287dddefafdc6de93f3f969f1a673b192286bf0,8313ff5274d7ccbf640144f2e9de0369d5044a03,2026-07-16,2026-07-19
PA,"ALPEK Polyester USA, LLC",alpek polyester usa,Berks,,2026-03-15,100,closure,,0,0,1,https://www.pa.gov/agencies/dli/programs-services/workforce-development-home/warn-requirements/warn-notices,e2a3adfff0a6043f6f3261cb2d22106d8839e4437ef6c6fdd7782b84,b3f87db06b473357b94090433028209e91be34e1,2026-07-16,2026-07-19
PA,"AVI Foodsystems, Inc.",avi foodsystems,Philadelphia,,2026-02-01,297,closure,,0,0,1,https://www.pa.gov/agencies/dli/programs-services/workforce-development-home/warn-requirements/warn-notices,c53c692d7d5fb02d154cd443cb8ad371218a74a4b4f1d76b9c16ff3f,41b25b3b8e7b1acd295c74960e22a847acc5074f,2026-07-16,2026-07-19
PA,"Adare Pharmaceuticals, Inc.",adare pharmaceuticals,Philadelphia,,2026-03-01,137,closure,,0,0,1,https://www.pa.gov/agencies/dli/programs-services/workforce-development-home/warn-requirements/warn-notices,bd6bd7c1c5c1740f8a0e063c74b394284aa17770396c7ddfc153766d,d37ac99c6eb7209c6f76efc87167432874e1c8c7,2026-07-16,2026-07-19
PA,"Advantest, Inc.",advantest,Lehigh,,2026-06-30,55,mass_layoff,,0,0,1,https://www.pa.gov/agencies/dli/programs-services/workforce-development-home/warn-requirements/warn-notices,3f6192cf80405b1135734670a9c7e3a065d04bf5c83850a72622fc25,c896f08a91762ec6f1761eac0ac32f3cebec7bc6,2026-07-16,2026-07-19
PA,"Affirm, Inc.",affirm,Allegheny,,2024-02-15,,mass_layoff,,0,0,1,https://www.pa.gov/agencies/dli/programs-services/workforce-development-home/warn-requirements/warn-notices,8123a2c91209316fafc17e707ce7a7d955ec8fd2622963fd60669c15,47e897407f3457478a955931247aea9fc8545d10,2026-07-16,2026-07-19
PA,"Air Products and Chemicals, Inc.",air products and chemicals,Lehigh,,2025-11-17,14,mass_layoff,,0,0,1,https://www.pa.gov/agencies/dli/programs-services/workforce-development-home/warn-requirements/warn-notices,bcfc2039b930cef262a04358d55dca6b801901321b8a5854d6173c00,ae08d0e7eee06ae854f30146a378890b1cf9dd22,2026-07-16,2026-07-19
PA,Allen Distribution,allen distribution,Lehigh,,2025-12-26,70,closure,,0,0,1,https://www.pa.gov/agencies/dli/programs-services/workforce-development-home/warn-requirements/warn-notices,4ab3d99383b76f8684de1dbb3babd192988b70d044cf6e44ff2ab9dd,88f6f9506ff5fc1512cea36d6a0a249fd7b769c4,2026-07-16,2026-07-19
PA,"Alloy Surfaces Company, Inc.",alloy surfaces,Delaware,,2025-08-30,52,closure,,0,0,1,https://www.pa.gov/agencies/dli/programs-services/workforce-development-home/warn-requirements/warn-notices,f2ad4897878903f7a23fe11db96735d202c6787c47306d25eb91ab14,08c5a5bd907a8d60ece6f1154cfd0eb745bce1d9,2026-07-16,2026-07-19
PA,Alpha & Omega Logistics Corporation,alpha omega logistics,Montgomery,,2025-01-10,110,closure,,0,0,1,https://www.pa.gov/agencies/dli/programs-services/workforce-development-home/warn-requirements/warn-notices,eb54a92555321c67233b1a96b4df05d3a1df625e88fc0ce45157c2c2,8756d261b035b389a044a1bfb418bae7fd42c212,2026-07-16,2026-07-19
PA,Amazon,amazon,Allegheny,,2025-03-12,432,mass_layoff,,0,0,1,https://www.pa.gov/agencies/dli/programs-services/workforce-development-home/warn-requirements/warn-notices,2067c14cd65d67ea2cb19c1757831f5eeb66237cac21f4dfca8e813b,c32fd566365d895be76d07731e235ba9ae8da541,2026-07-16,2026-07-19
PA,Amazon Fresh,amazon fresh,"Bucks, Delaware, Montgomery and Philadelphia",,2026-04-28,983,mass_layoff,,0,0,1,https://www.pa.gov/agencies/dli/programs-services/workforce-development-home/warn-requirements/warn-notices,acbce8e373a1e7b07d2c8d3e2e7818d0eed12b21d40bfd4ed2b653aa,f4884ca9168f1d2f015b9762fe686176670dbd11,2026-07-16,2026-07-19
PA,"American Expediting Logistics, LLC",american expediting logistics,Delaware,,2026-06-04,86,closure,,0,0,1,https://www.pa.gov/agencies/dli/programs-services/workforce-development-home/warn-requirements/warn-notices,f9f4746ee0edb5654b3ed19002b0ff9cf8e46c8e7ffcb3d1a98d33a7,6833c89beef333ade2ba018062ff99850bd41d49,2026-07-16,2026-07-19
PA,"American Medical Response Mid-Atlantic, Inc.",american medical response mid atlantic,Philadelphia,,2024-01-18,152,mass_layoff,,0,0,1,https://www.pa.gov/agencies/dli/programs-services/workforce-development-home/warn-requirements/warn-notices,6baa9523ba64551712887dca810020d61b851042f7767595c875da0e,58aa2c7542aac6fb29038a05e60d176e518f4a44,2026-07-16,2026-07-19
PA,"Aramark Campus, LLC",aramark campus,Crawford,,2024-06-30,94,mass_layoff,,0,0,1,https://www.pa.gov/agencies/dli/programs-services/workforce-development-home/warn-requirements/warn-notices,fb42d137de88b19591e2e0dcc647520e07e5dcd7300d193794f23118,0b641ca1108fea21ba6eb408c19c833b9824dc54,2026-07-16,2026-07-19
PA,Arway Uniform and Linen Rentals,arway uniform and linen rentals,Philadelphia,,2025-02-02,85,closure,,0,0,1,https://www.pa.gov/agencies/dli/programs-services/workforce-development-home/warn-requirements/warn-notices,e839f0acd1366cca936d319fc24a5e0657377c35db544808730fb3a0,104a049fd10c78c49de1f2d1b4fd835d734badc6,2026-07-16,2026-07-19
PA,Ascent Tubular Products,ascent tubular products,Allegheny,,2023-01-11,114,mass_layoff,,0,0,1,https://www.pa.gov/agencies/dli/programs-services/workforce-development-home/warn-requirements/warn-notices,dbf2f52c89e515249b0a58b6f4657639fe2a9226540ded8fe786163e,fe82edbd599064b514bf9e3bd56abac50c897645,2026-07-16,2026-07-19
PA,Assurant,assurant,York,,2024-01-02,442,closure,,0,0,1,https://www.pa.gov/agencies/dli/programs-services/workforce-development-home/warn-requirements/warn-notices,f664913b539cfe193fe8d80e00129aa4f28a7f0f37bd1a08d76f15d2,d3f5d45f280e4da0d1a6fff68a8d10b5eb488de8,2026-07-16,2026-07-19
PA,"BH Security, LLC (d/b/a Brinks Home)",bh security llc d b a brinks home,Various counties,,2025-06-30,42,mass_layoff,,0,0,1,https://www.pa.gov/agencies/dli/programs-services/workforce-development-home/warn-requirements/warn-notices,4625650e9c3d905c829cdcdb7f2f788a6b7eaf5391af465defc6b3bc,a7751d52ee04788d24751dea4b4d36d714060ed7,2026-07-16,2026-07-19
PA,BIOLYST Scientific,biolyst scientific,Montgomery,,2026-01-12,76,closure,,0,0,1,https://www.pa.gov/agencies/dli/programs-services/workforce-development-home/warn-requirements/warn-notices,f5684aa8b66b1607a473280f2b9c048e086c6e0a293b4f1e1183092f,e4997b854b58d22d79064894d87d928d87d904a4,2026-07-16,2026-07-19
PA,"BLST Operating Company, LLC",blst operating,Warren,,2023-06-02,23,mass_layoff,,0,0,1,https://www.pa.gov/agencies/dli/programs-services/workforce-development-home/warn-requirements/warn-notices,dba09756ffe1394de33bf76e79bcd01fdb8c44c898f3756f5950d5a4,431906385027e187b5e7eec0129ecbf06a27c017,2026-07-16,2026-07-19
PA,BPM Limited,bpm,Chester,,2026-03-29,148,mass_layoff,,0,0,1,https://www.pa.gov/agencies/dli/programs-services/workforce-development-home/warn-requirements/warn-notices,c4943fc53f3ee8a0fa4cef4430a31d76620a70646ff6408eed7ed398,3538090384f969fe1251fe1a56e87851d09114c6,2026-07-16,2026-07-19
PA,"BVPV Styrenics, LLC",bvpv styrenics,Beaver,,2025-01-03,140,mass_layoff,,0,0,1,https://www.pa.gov/agencies/dli/programs-services/workforce-development-home/warn-requirements/warn-notices,f043e57fda8c2f04d46f3563e740639ba7bfd9d9fd09b2b801455cef,b17a6d0efeccd1b747460f795f8cf9c82aff9f5e,2026-07-16,2026-07-19
PA,"Bakery Barn, LLC",bakery barn,Allegheny,,2025-08-01,82,closure,,0,0,1,https://www.pa.gov/agencies/dli/programs-services/workforce-development-home/warn-requirements/warn-notices,e15a1e1e4a330bfa5692ee7640f1e4a8eec90351f086808a77bb1da1,2a24e5f6cd5ead2e128796aa99b2c2ff43f8937d,2026-07-16,2026-07-19
PA,"Bedding Acquisition, LLC",bedding acquisition,Schuylkill,,2023-05-19,112,closure,,0,0,1,https://www.pa.gov/agencies/dli/programs-services/workforce-development-home/warn-requirements/warn-notices,919cb84d510790df3792e4400bab30b9c1a6dc0aca86a31a3fb9d376,62107fb57a9292c226bfcbf052435ddce5e3e3e8,2026-07-16,2026-07-19
PA,Benefits Data Trust,benefits data trust,Philadelphia,,2024-08-24,273,mass_layoff,,0,0,1,https://www.pa.gov/agencies/dli/programs-services/workforce-development-home/warn-requirements/warn-notices,11445137636ff93958844439c683f30f61791495ad7546c4a5cd5082,5fb08e8d1d4911c5ce8e4aea07950bf51b873fa7,2026-07-16,2026-07-19
PA,Bergen Logistics,bergen logistics,Luzerne,,2024-08-02,100,closure,,0,0,1,https://www.pa.gov/agencies/dli/programs-services/workforce-development-home/warn-requirements/warn-notices,8715ba959c51fbce6a7e558e007a0d2ead222c921585145d04ecd4d2,64277101e66c3f424101e8e9519b6ec6fa79c1c5,2026-07-16,2026-07-19
PA,"Berkley Medical Resources, Inc.",berkley medical resources,Fayette,,2024-11-27,,closure,,0,0,1,https://www.pa.gov/agencies/dli/programs-services/workforce-development-home/warn-requirements/warn-notices,168cfa957dd3b5cd9fbdafac24e770dec1a0b73aa5c3686d09d8d938,82e970ec628373598b227652933d12178d6a301b,2026-07-16,2026-07-19
PA,"Big Lots, Inc.",big lots,Schuylkill,,2025-01-06,505,mass_layoff,,0,0,1,https://www.pa.gov/agencies/dli/programs-services/workforce-development-home/warn-requirements/warn-notices,d1d42fbb097e4a2913f39653cdf83b3e4add22db5e59065daaefcc33,4ac026409f2f29b1e4f10ffea0694f3050d18a38,2026-07-16,2026-07-19
PA,"Block, Inc.",block,"Bucks, Philadelphia, Montgomery, Delaware, Allegheny, Northampton and Chester",,2024-03-30,22,mass_layoff,,0,0,1,https://www.pa.gov/agencies/dli/programs-services/workforce-development-home/warn-requirements/warn-notices,6ee419c1176cd0109e4ba7d9f884cee9c2d8d8c7d39851c7c5989c47,641c131745b523201ec4b4906292da3a74425283,2026-07-16,2026-07-19
PA,Boeing Company,boeing,Delaware and Fayette,,2025-01-17,101,mass_layoff,,0,0,1,https://www.pa.gov/agencies/dli/programs-services/workforce-development-home/warn-requirements/warn-notices,263f0a75ff2545e61d650aac27654c2f89069c2642a84551af7d4375,e46f7e356ef66cb10f83b453ca0cdffa83aa2a57,2026-07-16,2026-07-19
PA,Bon Appetit Management Company,bon appetit management,Northampton,,2023-07-11,194,closure,,0,0,1,https://www.pa.gov/agencies/dli/programs-services/workforce-development-home/warn-requirements/warn-notices,249604e1babce591c97c15dd6b1e091a88b1805d2fc69e89130ff0ab,6508dbd6697a108e50ebb6702cc8e988ae21eab0,2026-07-16,2026-07-19
PA,Bon Appetit Management Company @ Grove City College,bon appetit management company grove city college,Mercer,,2023-06-30,185,closure,,0,0,1,https://www.pa.gov/agencies/dli/programs-services/workforce-development-home/warn-requirements/warn-notices,bb5b5fe6882a871065f38f670546e40f93d0a10cd9a01ae8332b486e,7624fee2ff59515600534e862058ec19445f189b,2026-07-16,2026-07-19
PA,"Bonnie Plants, LLC",bonnie plants,Indiana,,2024-08-01,65,closure,,0,0,1,https://www.pa.gov/agencies/dli/programs-services/workforce-development-home/warn-requirements/warn-notices,c59a8bb69db90d3315f8b53556ed91f21a5fd77dc793831bc5a4b5de,76cba74cd36a3d3b216bdddec216676abfbfa542,2026-07-16,2026-07-19
PA,"Bowery Farming, Inc.",bowery farming,Northampton,,2024-11-01,104,mass_layoff,,0,0,1,https://www.pa.gov/agencies/dli/programs-services/workforce-development-home/warn-requirements/warn-notices,417443630d07f508a59ae87b01bff9cb061df81e89065d297bf34685,736af5d122740a2217e0907b3cdfc357f9b4e099,2026-07-16,2026-07-19
PA,"Bowhead Logistics Management, LLC",bowhead logistics management,Franklin,,2026-05-10,307,mass_layoff,,0,0,1,https://www.pa.gov/agencies/dli/programs-services/workforce-development-home/warn-requirements/warn-notices,67fa392beea84ee4dc1dbd5c98ae83c2b18c4a0473e90002f896eebe,08d70109d9f8c9b8f7442cdffd510102030c0f78,2026-07-16,2026-07-19
PA,"Bowhead Logistics Management, LLC (Letterkenny Army Depot)",bowhead logistics management llc letterkenny army depot,Franklin,,2023-09-23,61,mass_layoff,,0,0,1,https://www.pa.gov/agencies/dli/programs-services/workforce-development-home/warn-requirements/warn-notices,8374cd9d356871da38afa0b5595d75764740fdf99190d6146cdb70f0,e0a57f16e56af3fa38187d0d933a8fede4a6ac4c,2026-07-16,2026-07-19
PA,Bradford Regional Medical Center,bradford regional medical center,McKean,,2026-05-02,238,closure,,0,0,1,https://www.pa.gov/agencies/dli/programs-services/workforce-development-home/warn-requirements/warn-notices,ea4cbd929b0f6c8ca08b8753634ac1ca492308d45c16865644f9ccd3,a78d105fcf0b30c792361ea026b88721559472d1,2026-07-16,2026-07-19
PA,Brinks Home,brinks home,Various Counties within the Commonwealth,,2023-03-05,81,mass_layoff,,0,0,1,https://www.pa.gov/agencies/dli/programs-services/workforce-development-home/warn-requirements/warn-notices,6bb8eff8863d1b3d1ec092ef5c3450314e4ebd67c4098440f546175e,fe2211dcb15d7519c8115a0ae9ab7f5d653fa8bb,2026-07-16,2026-07-19
PA,Brook & Whittle,brook whittle,Bucks,,2023-05-25,72,closure,,0,0,1,https://www.pa.gov/agencies/dli/programs-services/workforce-development-home/warn-requirements/warn-notices,e6c9d134b20b9efcddf075935fb8fae03fb85b9b27a5885db3a520e1,10431566c3519a0da7f6f8c4fbf9b1a60114f792,2026-07-16,2026-07-19
PA,"Burch Logistics, LLC",burch logistics,Philadelphia,,2023-09-30,54,closure,,0,0,1,https://www.pa.gov/agencies/dli/programs-services/workforce-development-home/warn-requirements/warn-notices,cff3518ca5baad0a37fbdd5c8dd3e388fa856ed874628334d045e616,51933ed4875b475081cead7bfbedf4ebfbb7b0bd,2026-07-16,2026-07-19
PA,"Bush Industries, Inc.",bush industries,Erie,,2026-04-30,51,closure,,0,0,1,https://www.pa.gov/agencies/dli/programs-services/workforce-development-home/warn-requirements/warn-notices,18e12a578239e77d1f5dc97fff9fdd39544a313abbba743e41b66551,0a335b974aaa0e6da435f609ce92f0d9c331febd,2026-07-16,2026-07-19
PA,C.H. Briggs,c h briggs,Berks,,2023-02-01,104,closure,,0,0,1,https://www.pa.gov/agencies/dli/programs-services/workforce-development-home/warn-requirements/warn-notices,32575092b4f2676a467eac6c8509d8d4c908cab439ce3a8d6b5e0e33,3328b636aa8441b84aa81c60a978acac9c77703a,2026-07-16,2026-07-19
PA,CJB Logistics,cjb logistics,Philadelphia,,2025-11-16,101,closure,,0,0,1,https://www.pa.gov/agencies/dli/programs-services/workforce-development-home/warn-requirements/warn-notices,d4b3b3be9049908ea832e7dbd821f99dcaafa4c4133105f10eae3149,564ba9f729ada7b0da002d7d191c1cec187cabda,2026-07-16,2026-07-19
PA,"CSL Behring, LLC",csl behring,Philadelphia,,2023-11-20,3,closure,,0,0,1,https://www.pa.gov/agencies/dli/programs-services/workforce-development-home/warn-requirements/warn-notices,71ccef34749b88b11232154ce1446c73e040e877fdd4d719cbef03fb,1fe02bd8740fd1df7233a983f251d3416ddd79e4,2026-07-16,2026-07-19
PA,CVS Health,cvs health,Montgomery,,2023-10-21,157,mass_layoff,,0,0,1,https://www.pa.gov/agencies/dli/programs-services/workforce-development-home/warn-requirements/warn-notices,bcff1ab3acf668a8ee88308bf8526b30947377cbe0af88b8ba4068dd,93922d2cbc615deb089f3c26165c867875f73516,2026-07-16,2026-07-19
PA,"Cabinetworks, LLC",cabinetworks,Juniata,,2024-12-09,420,closure,,0,0,1,https://www.pa.gov/agencies/dli/programs-services/workforce-development-home/warn-requirements/warn-notices,05aae2978a01e3581ac2539641f46e7da23c7475dd6dae64c83c3915,9a60ddd492bdd7251cc0921f8be0586d5cb665c2,2026-07-16,2026-07-19
PA,Cabrini University,cabrini university,Delaware,,2024-05-17,363,closure,,0,0,1,https://www.pa.gov/agencies/dli/programs-services/workforce-development-home/warn-requirements/warn-notices,e409014bf64d79e2df406656aa30a1ddce84b22a0362ff2e9bc5e49e,4879adc85897b9a2fe22e8845019cb2eb681adb6,2026-07-16,2026-07-19
PA,Calfrac Well Services Corp.,calfrac well services,Fayette,,2026-07-20,75,closure,,0,0,1,https://www.pa.gov/agencies/dli/programs-services/workforce-development-home/warn-requirements/warn-notices,d38623eab53a351bc1acb16a2264cf398e3892d7a4b724df71c125c8,47961b9f7e11385249e2236987c907e1c5c68e3d,2026-07-16,2026-07-19
PA,"Cargill Cocoa & Chocolate, Inc.",cargill cocoa chocolate,Luzerne,,2025-01-31,102,closure,,0,0,1,https://www.pa.gov/agencies/dli/programs-services/workforce-development-home/warn-requirements/warn-notices,8ae60f3521d94101a7e9442e43fcf29cff294b36b38200a50f44585e,b976acbe4ed44e76e3ec71ffb6566542a6ef2707,2026-07-16,2026-07-19
PA,Caring People Alliance,caring people alliance,Philadelphia,,2024-06-30,123,closure,,0,0,1,https://www.pa.gov/agencies/dli/programs-services/workforce-development-home/warn-requirements/warn-notices,139fb8c28417d43cdee31c97ffebde12f8e6dd49febc5a349c63b271,80200bf7f55b5028322955b5f3186fe11171f046,2026-07-16,2026-07-19
PA,Carson Valley Children's Aid,carson valley children s aid,Montgomery and Philadelphia,,2025-09-01,96,closure,,0,0,1,https://www.pa.gov/agencies/dli/programs-services/workforce-development-home/warn-requirements/warn-notices,f5fa38fd01b9684588a52b927f751fed8ae9bd43bf8e96380c2c85b7,5f5171cade4520f15c43db68d8a50307a61f3880,2026-07-16,2026-07-19
PA,"Central Admixture Pharmacy Services, Inc.",central admixture pharmacy services,Lehigh,,2026-09-30,173,closure,,0,0,1,https://www.pa.gov/agencies/dli/programs-services/workforce-development-home/warn-requirements/warn-notices,ceba3a9a2c62fa8bba3a0b9effece557a45da5865497c188741a6f60,84010c5a7e92f9eadf2ca2222588c684cfedb6e1,2026-07-16,2026-07-19
PA,"Century Therapeutics, LLC",century therapeutics,Philadelphia,,2025-07-11,54,mass_layoff,,0,0,1,https://www.pa.gov/agencies/dli/programs-services/workforce-development-home/warn-requirements/warn-notices,7c1a45c8e2c8a8b209434b08046640cac44f3982a82bea5251fb4252,8b54c624411ed52881010d39dcaa1997e276a184,2026-07-16,2026-07-19
PA,Chandler Hall Health Services,chandler hall health services,Bucks,,2026-08-01,220,closure,,0,0,1,https://www.pa.gov/agencies/dli/programs-services/workforce-development-home/warn-requirements/warn-notices,9f360011e8ebc33bd53748cebcd3530b1a95a6852c9824e4309123fa,28cc37f5c0ec354b7b1404d344825229c6a50961,2026-07-16,2026-07-19
PA,Chart House,chart house,Philadelphia,,2024-11-30,36,closure,,0,0,1,https://www.pa.gov/agencies/dli/programs-services/workforce-development-home/warn-requirements/warn-notices,18ae995506770f10c32bcb6ba678bab6378de6a9001a90b48f616619,1677cdb254577bbb4ca55eb06936677488b5ac8b,2026-07-16,2026-07-19
PA,Chartwells,chartwells,York,,2025-06-06,6,mass_layoff,,0,0,1,https://www.pa.gov/agencies/dli/programs-services/workforce-development-home/warn-requirements/warn-notices,7e5989164c9803360429c26ceff2d2cf5c9acdbe7486cba4ad1c5910,514a1e5615d142a637cfd012ced80a5362a1e570,2026-07-16,2026-07-19
PA,"Chewy, Inc.",chewy,Cumberland,,2023-06-03,522,closure,,0,0,1,https://www.pa.gov/agencies/dli/programs-services/workforce-development-home/warn-requirements/warn-notices,814161c520cc44712a98cb0065e6e557b530cc5d07a785d16d8157b9,5bea254d58fcc49736758ce10b156acbe2cbac4b,2026-07-16,2026-07-19
PA,Chick-fil-A,chick fil a,Philadelphia,,2025-12-30,49,closure,,0,0,1,https://www.pa.gov/agencies/dli/programs-services/workforce-development-home/warn-requirements/warn-notices,1f6bf7ba9aa1f1a8a7b55b3f64c423a61dfbf7c6bdef31ed9ae305eb,b9a44fb9e2c8a88249453e64b19dfa1ccd6e6824,2026-07-16,2026-07-19
PA,"Church & Dwight Company, Inc.",church dwight,York,,2026-06-30,195,mass_layoff,,0,0,1,https://www.pa.gov/agencies/dli/programs-services/workforce-development-home/warn-requirements/warn-notices,cae70caf555bdf950adb8b7f66eedadb7857f0d383237ea2e415a77d,48026e0a2120cbffd0760e714124522b76786371,2026-07-16,2026-07-19
PA,"Church World Service (CWS), Inc.",church world service cws,Lancaster,,2025-01-31,65,mass_layoff,,0,0,1,https://www.pa.gov/agencies/dli/programs-services/workforce-development-home/warn-requirements/warn-notices,79201a17ecc14edbe8e47e2f470fd84ec3d01e5096a7b35869d9e622,71988ca68e261366919004be827d46ac68b15cee,2026-07-16,2026-07-19
PA,Citizens Bank,citizens bank,Philadelphia,,2025-01-15,,closure,,0,0,1,https://www.pa.gov/agencies/dli/programs-services/workforce-development-home/warn-requirements/warn-notices,a7acefcb6b532057a9c79848a7a16b51e9c214ac69536c86aa4b1941,c35e7fd3ccc8d119fb1bfe4f9abb919694ced31b,2026-07-16,2026-07-19
PA,"Cleveland Cliffs Plate, LLC",cleveland cliffs plate,Montgomery,,2025-06-30,107,mass_layoff,,0,0,1,https://www.pa.gov/agencies/dli/programs-services/workforce-development-home/warn-requirements/warn-notices,5d5f513b2cdd5fbae3326b2dcaae1d9d80ce85ebcc2ae0673d7744ab,5cc8840bc20a4d72edecf0b89ccc4e9bf13cf1b9,2026-07-16,2026-07-19
PA,"Cleveland-Cliffs, Inc.",cleveland cliffs,Dauphin,,2025-06-30,559,mass_layoff,,0,0,1,https://www.pa.gov/agencies/dli/programs-services/workforce-development-home/warn-requirements/warn-notices,e645b91b8f822bbf3edcfe878e9fe462d7885660e51c874ca62521c8,aeddf96e89172dea007957a535ce8d78a54887f3,2026-07-16,2026-07-19
PA,Coca Cola,coca cola,Lehigh,,2023-12-31,58,mass_layoff,,0,0,1,https://www.pa.gov/agencies/dli/programs-services/workforce-development-home/warn-requirements/warn-notices,f7d3c9d88f9eb0bb0d072654c0645c70b1f46d49d562dc6bcca36d15,c31afe22d3befed6d5fea6edbbd5ca53ca15ca40,2026-07-16,2026-07-19
PA,"Compass Group USA, Inc.",compass group usa,Philadelphia,,2025-08-09,110,closure,,0,0,1,https://www.pa.gov/agencies/dli/programs-services/workforce-development-home/warn-requirements/warn-notices,919cb7e7a16fce8c7e72a893a9211b1248e94fec260eebd9bfc754e1,16e36edd2e6739c63799c7b35e0ee66c7e1fd2d5,2026-07-16,2026-07-19
PA,"Comprehensive Logistics, Inc.",comprehensive logistics,York,,2025-09-25,365,mass_layoff,,0,0,1,https://www.pa.gov/agencies/dli/programs-services/workforce-development-home/warn-requirements/warn-notices,650db3740d96548cd4f77e55a5b10962a6b2a48d5b76525e3e191388,07abff918e01f96d08ae994fd6242b8b1230f02b,2026-07-16,2026-07-19
PA,"Conduent Commercial Solutions, LLC.",conduent commercial solutions,Various (All workers telework from home),,2026-08-28,9,mass_layoff,,0,0,1,https://www.pa.gov/agencies/dli/programs-services/workforce-development-home/warn-requirements/warn-notices,9fdacf484c174e792cfd0d9301a53983ea0e2144ce83e876b1b16087,754039e5bfd7c31478c9f45d734427fe4ec2c67b,2026-07-16,2026-07-19
PA,"Corelle Brands, LLC",corelle brands,Franklin,,2025-06-09,323,closure,,0,0,1,https://www.pa.gov/agencies/dli/programs-services/workforce-development-home/warn-requirements/warn-notices,7ff65ca2be80a541adfb69bfc30519d7bbe68267d2f8160682893cab,c6e25a97de40c9dc6210e6fe401beae39d5fb317,2026-07-16,2026-07-19
PA,"Corelle Brands, LLC",corelle brands,Washington,,2024-12-09,270,closure,,0,0,1,https://www.pa.gov/agencies/dli/programs-services/workforce-development-home/warn-requirements/warn-notices,960618fbfca02c826f83fd97a3f707ff9eb1230e751e0729f7168ff9,d54441c0b758f994eb043b9c06a8d066420e16bb,2026-07-16,2026-07-19
PA,Crothall Healthcare @ Wellspan Health,crothall healthcare wellspan health,York,,2023-09-08,64,mass_layoff,,0,0,1,https://www.pa.gov/agencies/dli/programs-services/workforce-development-home/warn-requirements/warn-notices,b353032a26bbe4961ab8d971082f8f87db1f19be328e8454203e6e9a,189fc5f82790c72d66160e5de10f2b759e3b1d6d,2026-07-16,2026-07-19
PA,Crothall and Morrison Healthcare,crothall and morrison healthcare,Philadelphia,,2026-02-01,795,mass_layoff,,0,0,1,https://www.pa.gov/agencies/dli/programs-services/workforce-development-home/warn-requirements/warn-notices,0cd636b6797f0c32249df3e48204909539cdb38551882e30748eca11,4ad33cdc5ff1be31161314867667d4bfd10e9d07,2026-07-16,2026-07-19
PA,Crozer Health,crozer health,Delaware and Chester,,2025-04-25,2651,closure,,0,0,1,https://www.pa.gov/agencies/dli/programs-services/workforce-development-home/warn-requirements/warn-notices,6f6d1cb8b25b73a13012c19a87f675304cd6a07845175a56755ce559,bc48c6740df137db0071c1ea45646b9b13cdfce0,2026-07-16,2026-07-19
PA,Custom Glass Solutions,custom glass solutions,Bucks,,2025-04-30,105,closure,,0,0,1,https://www.pa.gov/agencies/dli/programs-services/workforce-development-home/warn-requirements/warn-notices,0f4600546a643917f1ebb05d02bd9e497aa2f851e5ffac2807ee911a,fb4332282f83afb147c85bad304e9723fc93bb21,2026-07-16,2026-07-19
PA,"Customized Distribution Services, Inc.",customized distribution services,Lehigh,,2024-10-07,107,closure,,0,0,1,https://www.pa.gov/agencies/dli/programs-services/workforce-development-home/warn-requirements/warn-notices,4035610a55f6a186185dae78da8b6d92c71732529c4efdd2525ab23d,78acbfe154677fb2b0f466d5bbe1172504986072,2026-07-16,2026-07-19
PA,"Cygnus Home Service, LLC",cygnus home service,Various,,2024-07-27,55,mass_layoff,,0,0,1,https://www.pa.gov/agencies/dli/programs-services/workforce-development-home/warn-requirements/warn-notices,ee8382c32d2ab8fa1bd4bde3c7892d6fe935181b7de7fca70f79e77d,3d215e59d72eef7e54dbcee28ebc1d749973bb3f,2026-07-16,2026-07-19
PA,"Cygnus Home Service, LLC d/b/a Yelloh",cygnus home service llc d b a yelloh,Various,,2024-11-22,86,mass_layoff,,0,0,1,https://www.pa.gov/agencies/dli/programs-services/workforce-development-home/warn-requirements/warn-notices,a4409b537c81902314e2fead694ec8183c5bb92a3919b338a9647e56,22a22c5902598fc9e66d8c8ad5f6dc1c42607d5a,2026-07-16,2026-07-19
PA,"D&A Consulting Service, LLC",d a consulting service,Various,,2025-02-19,14,mass_layoff,,0,0,1,https://www.pa.gov/agencies/dli/programs-services/workforce-development-home/warn-requirements/warn-notices,d4ea7bdd82e30d495d94b41f8df57f3de4d5a3ff31e0f2399b9dc009,b5680d72ddad4fea4776d400099043bb4ab09658,2026-07-16,2026-07-19
PA,"DAS Companies, Inc.",das companies,Lancaster & Lebanon,,2024-12-31,100,mass_layoff,,0,0,1,https://www.pa.gov/agencies/dli/programs-services/workforce-development-home/warn-requirements/warn-notices,91847d9b307f58da25e3dae7896e4a2a138cfa2deef6186bf8fb7021,ab457b8cee3c569bc21cc9aed550f00dc062077a,2026-07-16,2026-07-19
PA,DHL Supply Chain,dhl supply chain,Lancaster,,2024-11-10,268,closure,,0,0,1,https://www.pa.gov/agencies/dli/programs-services/workforce-development-home/warn-requirements/warn-notices,d0bb3a7deea5205816c1aa9a3e38c50c5c063e95cee838a3d80f2233,09ed0830e62d3f02f17ff1a68723799b07df5ef7,2026-07-16,2026-07-19
PA,DHL Supply Chain,dhl supply chain,Northampton,,2026-02-28,66,closure,,0,0,1,https://www.pa.gov/agencies/dli/programs-services/workforce-development-home/warn-requirements/warn-notices,b423b9e89be36eae6007cc1121233e03a8f8f267b45484dde5684bd9,6581b250b94f30c3eeea4fff14944ed8f1adc219,2026-07-16,2026-07-19
PA,"Dan Schantz Farm & Greenhouses, LLC (UPDATED)",dan schantz farm greenhouses llc updated,Lehigh and Bucks,,2023-12-22,120,closure,,0,0,1,https://www.pa.gov/agencies/dli/programs-services/workforce-development-home/warn-requirements/warn-notices,f2bd11f5f9ce99411fd54ccb6a9d2d87c189352b9912f2e174b78c61,2f83aea453cec5bdb4724f8b32a0660ba58294fa,2026-07-16,2026-07-19
PA,"David's Bridal, LLC",david s bridal,Allegheny (4 locations) ... Blair ... Bucks (2 locations) ... Dauphin ... Delaware ... Erie ... Luzerne ... Montgomery (3 locations) ... York,,2023-04-14,,mass_layoff,,0,0,1,https://www.pa.gov/agencies/dli/programs-services/workforce-development-home/warn-requirements/warn-notices,312e404db9fe653fa1c57caab5a5a141ac511fb10134e9c4ed022347,fb562bdbce4161b4cef228db10dc57c780d7e855,2026-07-16,2026-07-19
PA,Del Frisco's Grille,del frisco s grille,Philadelphia,,2025-07-31,51,closure,,0,0,1,https://www.pa.gov/agencies/dli/programs-services/workforce-development-home/warn-requirements/warn-notices,649ef4f9108847050acbbe8707bad408c24a22eaa7699446a466ff53,3cdffc6b6f4c9d99b9bda518a1eebef8db6b28ea,2026-07-16,2026-07-19
PA,Devon Seafood Grill,devon seafood grill,Philadelphia,,2025-01-01,76,closure,,0,0,1,https://www.pa.gov/agencies/dli/programs-services/workforce-development-home/warn-requirements/warn-notices,e5724c9feedb37aacc2643479da9491da959940497a0129dfe1e123c,c54fc1c60d192ca09ba818ba3fef4a971988dd51,2026-07-16,2026-07-19
PA,Dometic,dometic,Montgomery,,2026-09-21,89,closure,,0,0,1,https://www.pa.gov/agencies/dli/programs-services/workforce-development-home/warn-requirements/warn-notices,e61d993e376b77af6e61a1ff25c34552fe6b91f6738719357e74562b,590807d004479bf434f4c1b17f271be6f1fc93ed,2026-07-16,2026-07-19
PA,"Donna Bella Farms, LLC",donna bella farms,Berks,,2023-06-30,161,mass_layoff,,0,0,1,https://www.pa.gov/agencies/dli/programs-services/workforce-development-home/warn-requirements/warn-notices,1fc81fe71903a638cff5d209ed28ba6eb91d72eb627d4d2308e37ea5,003d45f5f036b64a8e812c159000b249b6990f9d,2026-07-16,2026-07-19
PA,"DuBois Logistics, LLC",dubois logistics,Clearfield,,2026-01-31,110,closure,,0,0,1,https://www.pa.gov/agencies/dli/programs-services/workforce-development-home/warn-requirements/warn-notices,8ab5e2e821ae2536f2628f9a07f81f707b3b649477cd16a0c0b7849c,cd6c213855e6a6a846c2411ae4cd39264a9ce0b9,2026-07-16,2026-07-19
PA,Durham School Services,durham school services,Philadelphia,,2026-06-29,299,mass_layoff,,0,0,1,https://www.pa.gov/agencies/dli/programs-services/workforce-development-home/warn-requirements/warn-notices,05b2d5e910d0f6a3042c69ca8131a78c15e33c424e581d7b70a850dc,26f82cc82ca0516c443a6307edbfb399a007fe8b,2026-07-16,2026-07-19
PA,ES3,es3,York,,2024-07-22,69,mass_layoff,,0,0,1,https://www.pa.gov/agencies/dli/programs-services/workforce-development-home/warn-requirements/warn-notices,be41e36ead3b3f8e8c848c614eb7485b7ef9279ff7b006fabbf4e2e8,f58c54808ea689036db210d6f38c991a0dea343d,2026-07-16,2026-07-19
PA,"Eagle Sight Delivery, LLC",eagle sight delivery,Philadelphia,,2024-01-30,55,closure,,0,0,1,https://www.pa.gov/agencies/dli/programs-services/workforce-development-home/warn-requirements/warn-notices,e928623f181e4f0e69e7b283dc98aeadf3ccdb257fc45c3e44a5657c,1fe7357b412144e801a2b387e4f12c398a64bedc,2026-07-16,2026-07-19
PA,Engineered Materials Solutions,engineered materials solutions,Berks,,2026-01-02,58,closure,,0,0,1,https://www.pa.gov/agencies/dli/programs-services/workforce-development-home/warn-requirements/warn-notices,343772084eac981795717a7cde48bbf7176cb78cfa4a2950f74f4772,5b1fac040aa1d297acf2de6fd88370dee7b91ca2,2026-07-16,2026-07-19
PA,Envision Physician Services,envision physician services,Montgomery,,2023-07-14,162,mass_layoff,,0,0,1,https://www.pa.gov/agencies/dli/programs-services/workforce-development-home/warn-requirements/warn-notices,33c8824c122217eaf0f942684fb48a82d69230a9430a5171fe606482,f07d7a5ebd5c09ab3f6edf1a43dde2dcd1c58cb9,2026-07-16,2026-07-19
PA,Ethos Cannabis,ethos cannabis,Philadelphia,,2024-04-20,11,closure,,0,0,1,https://www.pa.gov/agencies/dli/programs-services/workforce-development-home/warn-requirements/warn-notices,3e43b92f4ddd2a4147c1f5fa45a6438e14fd4b44663ac4e7360942b6,84a50d5c441b48628ef0baf7b97db0ef7c8fe2c0,2026-07-16,2026-07-19
PA,"Everett Foodliner, Inc.",everett foodliner,Bedford,,2026-04-20,58,closure,,0,0,1,https://www.pa.gov/agencies/dli/programs-services/workforce-development-home/warn-requirements/warn-notices,4a896f08ec0ac97e027e40b2cec49d338af7b53338ef7fa60af85f80,d9dfdd0b6c4882d08aacf2f267af7002b5d558cf,2026-07-26,2026-07-26
PA,"Everett Foodliner, Inc. and Saxton Market, Inc.",everett foodliner inc and saxton market,,,,,unknown,,0,0,1,https://www.pa.gov/agencies/dli/programs-services/workforce-development-home/warn-requirements/warn-notices,96113dabf49546b0fe929c6764901693699fcdcd33009b74db19cde2,aa3169fb4692707adf1b6160a5923a0b2cb16f7e,2026-07-16,2026-07-19
PA,"FMC Logistics, LLC",fmc logistics,Bucks,,2024-10-29,121,closure,,0,0,1,https://www.pa.gov/agencies/dli/programs-services/workforce-development-home/warn-requirements/warn-notices,4153f5b969f1e89e6d9e550ffc4f58509c8ab17a4986c9f709a0e1ac,d36fc55d4a1f26b788e7a877fa4de8b9b6388cd1,2026-07-16,2026-07-19
PA,"Family Dollar Stores of Pennsylvania, LLC",family dollar stores of pennsylvania,Philadelphia,,2024-04-20,62,closure,,0,0,1,https://www.pa.gov/agencies/dli/programs-services/workforce-development-home/warn-requirements/warn-notices,7e9ef4477edf3308177ce8babd175952012a3e3eb1bf9e2896762a44,e14243c6a072236db4ba5181078e21885a06b460,2026-07-16,2026-07-19
PA,"FedEx Supply Chain, Inc.",fedex supply chain,York,,2025-02-17,70,unknown,,0,1,2,https://www.pa.gov/agencies/dli/programs-services/workforce-development-home/warn-requirements/warn-notices,a09f1daba37eba231b1f08b928b9830a0cb8f57cf0915607c40259c1,4ae720b7479eda2429a835fc95ab090a1fda1bd1,2026-07-16,2026-07-26
PA,Federal Express Corporation,federal express,Luzerne,,2026-05-02,63,closure,,0,0,1,https://www.pa.gov/agencies/dli/programs-services/workforce-development-home/warn-requirements/warn-notices,89cdde2040e6d54f95e071c97dee11b7118e095876b4ef32a7812bb6,b0648e4b795a722a28d4fc8d8195cb1a271faef4,2026-07-16,2026-07-19
PA,"Finance of America Holdings, LLC",finance of america holdings,Montgomery,,2023-03-15,43,mass_layoff,,0,0,1,https://www.pa.gov/agencies/dli/programs-services/workforce-development-home/warn-requirements/warn-notices,36ab3b89c69790548ee46091d5cdd6680541bc0bb5a8a6b40b0412bf,a0335215948db4867e84f20a0a2656abff955e61,2026-07-16,2026-07-19
PA,"First Brands Group, LLC, d/b/a Eagle Castings",first brands group llc d b a eagle castings,York,,2026-02-27,73,closure,,0,0,1,https://www.pa.gov/agencies/dli/programs-services/workforce-development-home/warn-requirements/warn-notices,5b8b9f3a382bc21f4ffbe54913bebfae8540ed764cb6ccdd959a099f,a49e20326f2973dd3adb6ee29c2b75c9d5a00fb8,2026-07-16,2026-07-19
PA,"First Quality Retail Services, LLC",first quality retail services,Montgomery,,2023-06-02,18,mass_layoff,,0,0,1,https://www.pa.gov/agencies/dli/programs-services/workforce-development-home/warn-requirements/warn-notices,bf1c1631923a6bf481fe7019df62ee9bfc7a8063605ade45d2e28135,03536cc4dcd23f0972be1f1cc9f15bfbb1c8dfce,2026-07-16,2026-07-19
PA,First Student,first student,Northampton,,2024-06-30,86,mass_layoff,,0,0,1,https://www.pa.gov/agencies/dli/programs-services/workforce-development-home/warn-requirements/warn-notices,78ff15d0e117945de26219da26aea038775e4daddc6b8a6feda1419f,ccc86b53dbbd9ae5381103bd74666e631b355554,2026-07-16,2026-07-19
PA,First Student,first student,Lehigh and Westmoreland,,2024-06-30,253,closure,,0,0,1,https://www.pa.gov/agencies/dli/programs-services/workforce-development-home/warn-requirements/warn-notices,26243cea96d2e2bb107ad3c0acd503f2c97840b8bb86610ed0fb4f8a,f2832bec8d41639a2ddb5176cef73b83af964bb1,2026-07-16,2026-07-19
PA,First Student Lewisberry,first student lewisberry,York,,2025-06-30,81,mass_layoff,,0,0,1,https://www.pa.gov/agencies/dli/programs-services/workforce-development-home/warn-requirements/warn-notices,0190445be8f96d929fb690e09146eb892b4e5d4933fb4c7f7d8f947b,d3f409f4b42ddda7b188eaf840fd25ce2295c2b4,2026-07-16,2026-07-19
PA,"Forever 21 OpCo, LLC",forever 21 opco,Philadelphia,,2025-04-23,36,closure,,0,0,1,https://www.pa.gov/agencies/dli/programs-services/workforce-development-home/warn-requirements/warn-notices,4af9a17c1c4bbce159e05f7ce9db58f96f247fe53952ce27923eef40,14f260ef7bcde329ffa2c8a676d7d402d65a18dc,2026-07-16,2026-07-19
PA,Forman Mills,forman mills,Various,,2023-08-04,245,closure,,0,0,1,https://www.pa.gov/agencies/dli/programs-services/workforce-development-home/warn-requirements/warn-notices,f22db18159761c3141d77672da52768bc16eeb38e161e0d8ffe41d1a,8f6d27e33a0fc385ef8278278be1ed890fa4f2aa,2026-07-16,2026-07-19
PA,"Fourth Street Barbecue, Inc.",fourth street barbecue,Washington,,2025-10-09,252,closure,,0,0,1,https://www.pa.gov/agencies/dli/programs-services/workforce-development-home/warn-requirements/warn-notices,78d1b1ff9f6f4806b3162d6ba4436f71056662e0ef8c9bab85c9d7da,e5fb93e61e42d6cf86abfcf82d9e3f8ecdda7e8e,2026-07-16,2026-07-19
PA,French Creek Recovery Center,french creek recovery center,Crawford,,2026-03-15,59,closure,,0,0,1,https://www.pa.gov/agencies/dli/programs-services/workforce-development-home/warn-requirements/warn-notices,71a9b6288661d7d2c770a3802d106a70cd83929d9b36dd66d7a476c8,b39f779426d0ff15185683a3763d1d17ef4ed3ad,2026-07-16,2026-07-19
PA,Fulton Bank N.A.,fulton bank n a,Philadelphia,,2024-11-22,3,closure,,0,0,1,https://www.pa.gov/agencies/dli/programs-services/workforce-development-home/warn-requirements/warn-notices,09a6bad98ffc305f75a58345c0d878eb8cc8d0d0c77d8c322a2d2c88,e810196e220e0076b9bc4c72d8b4ec66151d34b2,2026-07-16,2026-07-19
PA,"GEODIS Logistics, LLC",geodis logistics,Cumberland,,2026-08-31,185,closure,,0,0,1,https://www.pa.gov/agencies/dli/programs-services/workforce-development-home/warn-requirements/warn-notices,f4fe76eff8f261b9ef60b79b911e13a9fa77421ee2632a0ea2c93956,9032b3a5feb79623f5fb93eeae92e6e00ec08c5c,2026-07-16,2026-07-19
PA,"GEODIS Logistics, LLC",geodis logistics,Berks,,2023-07-31,107,mass_layoff,,0,0,1,https://www.pa.gov/agencies/dli/programs-services/workforce-development-home/warn-requirements/warn-notices,cfc287735ed65c6b4f6ed96d15a95046aa4124969ac9a3c6c39ed2a8,b5f4bc6889b2bd8a11a17d40c765be1170765a40,2026-07-16,2026-07-19
PA,"GEODIS Logistics, LLC",geodis logistics,Franklin,,2024-09-30,71,mass_layoff,,0,0,1,https://www.pa.gov/agencies/dli/programs-services/workforce-development-home/warn-requirements/warn-notices,a75766ec4ce985fc9901314bfcb663bb5f122308223085b54c301f9d,c6f276966d2e8f9fadf5e1700f953d86d43e8fec,2026-07-16,2026-07-19
PA,"GIANT Company, LLC",giant,Lancaster,,2026-02-27,76,closure,,0,0,1,https://www.pa.gov/agencies/dli/programs-services/workforce-development-home/warn-requirements/warn-notices,42c86044d67d6d92934a46c2327ccfdd89271f313296aba1c04e1b57,e66dfc48b1a0346b6b424e35c65f857f0b39d3b3,2026-07-16,2026-07-19
PA,"GIANT Company, LLC",giant,Philadelphia,,2026-02-13,128,closure,,0,0,1,https://www.pa.gov/agencies/dli/programs-services/workforce-development-home/warn-requirements/warn-notices,b8a71fcd6309ca6bc43a35142bb8b5a26770f2a4d8600c3aa521ef70,ecbd48bd68c6de221d2d3bde87693ce9326c3bab,2026-07-16,2026-07-19
PA,"GXO Logistics Supply Chain, Inc.",gxo logistics supply chain,Dauphin,,2025-04-15,91,closure,,0,0,1,https://www.pa.gov/agencies/dli/programs-services/workforce-development-home/warn-requirements/warn-notices,08c7f55cdb00326091e010c1a4c103653a6dc01892580e3d5951c15b,ca326410ae7724c10b11db62f59df97550194fe6,2026-07-16,2026-07-19
PA,"GXO Logistics Worldwide, LLC",gxo logistics worldwide,Cumberland,,2026-01-12,69,mass_layoff,,0,0,1,https://www.pa.gov/agencies/dli/programs-services/workforce-development-home/warn-requirements/warn-notices,ff68b055c75a3c7962e5a317d6bca076276570f12e36df7e7ccd858d,717a23c6a0f88c010bc847e4c9f48e14359e2069,2026-07-16,2026-07-19
PA,"GXO Warehouse Company, Inc.",gxo warehouse,Cumberland,,2025-03-12,85,closure,,0,0,1,https://www.pa.gov/agencies/dli/programs-services/workforce-development-home/warn-requirements/warn-notices,c45e4feb5c46617f712b5370a5995220e98074bbe18cde08069291b0,1804088695af1084e5bf1dd7b4f075c90f1151c9,2026-07-16,2026-07-19
PA,Gamestop Fullfillment Center,gamestop fullfillment center,York,,2024-03-15,155,closure,,0,0,1,https://www.pa.gov/agencies/dli/programs-services/workforce-development-home/warn-requirements/warn-notices,c6cbe9eddaec24e098862defe89d4926986180995da64ce464a7cb04,4fad1fa327b5218bac02172338c953f463ddbd4a,2026-07-16,2026-07-19
PA,"Goodblend Pennsylvania, LLC",goodblend pennsylvania,Allegheny,,2023-09-15,76,closure,,0,0,1,https://www.pa.gov/agencies/dli/programs-services/workforce-development-home/warn-requirements/warn-notices,5738c4c06ef7369e630449dd64e22cb5b44409d45bf97aeb246f7944,c1c1e13eb513e550f7c5898928b681231b7d9f76,2026-07-16,2026-07-19
PA,"GrafTech USA, LLC",graftech usa,Elk,,2024-04-13,105,mass_layoff,,0,0,1,https://www.pa.gov/agencies/dli/programs-services/workforce-development-home/warn-requirements/warn-notices,51ad98c79b79718c50b55ac141c966195c91f21ef6bf3522d60eb4b0,8fe2e3bd5cf55b35868a0768111c1f05d745113f,2026-07-16,2026-07-19
PA,"Great Dane, LLC",great dane,Northumberland,,2026-02-02,164,mass_layoff,,0,0,1,https://www.pa.gov/agencies/dli/programs-services/workforce-development-home/warn-requirements/warn-notices,bf3a7f831d6406b1b33b27f8e459172cd853c145333735c6710024f5,b09b94c053b5d18bedecbd8f3cbbbe27fc09ed32,2026-07-16,2026-07-19
PA,"Great Dane, LLC",great dane,Montour,,2025-01-06,155,mass_layoff,,0,0,1,https://www.pa.gov/agencies/dli/programs-services/workforce-development-home/warn-requirements/warn-notices,0c25d6790660fa5514830dd67d17323afb4b1ce5b364ec4a12362b42,fc2877135c19fb7538bdfc5a6cd521472095441c,2026-07-16,2026-07-19
PA,"Green Leaf Medicals, LLC",green leaf medicals,Bedford,,2026-04-18,52,closure,,0,0,1,https://www.pa.gov/agencies/dli/programs-services/workforce-development-home/warn-requirements/warn-notices,bbeebfc3e9856e7a9b1f6b0af57a798101ac56fb6fde16a3e240724f,711138a24de8aa6c81e1bb468d2ad154e890d9cf,2026-07-16,2026-07-19
PA,"Greyhound Lines, Inc.",greyhound lines,Philadelphia,,2023-07-01,10,closure,,0,0,1,https://www.pa.gov/agencies/dli/programs-services/workforce-development-home/warn-requirements/warn-notices,a717f86e57ede4b6f42076278efc425ea58dea569acf2823fcedf3f7,2b28cc6c5bc4ceb892ace479b4231ed1b2b673c3,2026-07-16,2026-07-19
PA,Guardian Healthcare Management Services,guardian healthcare management services,Jefferson,,2024-03-08,124,closure,,0,0,1,https://www.pa.gov/agencies/dli/programs-services/workforce-development-home/warn-requirements/warn-notices,505aa7413b08edd5893b1b5f8293bbaa4649e19207c62557cef660b2,77aa6ec00f61e01a93f02ac98dd1e67da4a67219,2026-07-16,2026-07-19
PA,HMS Host,hms host,Philadelphia,,2024-02-11,77,closure,,0,0,1,https://www.pa.gov/agencies/dli/programs-services/workforce-development-home/warn-requirements/warn-notices,bca5bc32ece742652fabfbdbc2560897b998e391c987d0fed071f083,fc04fd073e0cf14a2e25a4d10da03902360afcfe,2026-07-16,2026-07-19
PA,HMS Host (located within the Philadelphia International Airport),hms host located within the philadelphia international airport,Philadelphia,,2025-10-27,13,mass_layoff,,0,0,1,https://www.pa.gov/agencies/dli/programs-services/workforce-development-home/warn-requirements/warn-notices,94d2c933a418667ef68a061ce46dd55f04caab31956a9e14aa555a20,318bf807d5f8bf54724f6d506e4422c9460ecaf2,2026-07-16,2026-07-19
PA,"HVL, LLC",hvl,Allegheny,,2023-06-30,312,closure,,0,0,1,https://www.pa.gov/agencies/dli/programs-services/workforce-development-home/warn-requirements/warn-notices,d4c6674a7cb32b1534898ea31bbae2d250f98a2f1072a89fbce25123,b869b809bdaa93a3f0969b18ba6ecfb88f620231,2026-07-16,2026-07-19
PA,Hard Rock Cafe,hard rock cafe,Allegheny,,2025-02-14,55,closure,,0,0,1,https://www.pa.gov/agencies/dli/programs-services/workforce-development-home/warn-requirements/warn-notices,d6d2510849e5ba5c9b44f4ae281e4404f3fb98e9c8bb4c3b4dad1d94,29e51357591c98ba33ea410dc76b074efe395204,2026-07-16,2026-07-19
PA,Hart to Heart Transportation,hart to heart transportation,Philadelphia,,2025-03-24,124,closure,,0,0,1,https://www.pa.gov/agencies/dli/programs-services/workforce-development-home/warn-requirements/warn-notices,e2ea809d3fe57f357fff789bf341f074850dc48c2f0cba4b21d51bb0,00409db0f06ec1f88c3d938f22876ed22118c555,2026-07-16,2026-07-19
PA,Heartland Healthcare Services,heartland healthcare services,Lehigh,,2023-02-28,71,closure,,0,0,1,https://www.pa.gov/agencies/dli/programs-services/workforce-development-home/warn-requirements/warn-notices,3c5364d216f8ec7e37c6b71070318ea1508e4150b299f984ffe3e3b5,306991e90b817fce7ce65f4bb7baa1e46a5361de,2026-07-16,2026-07-19
PA,"Highway Equipment Company, Inc.",highway equipment,Butler,,2024-09-23,67,closure,,0,0,1,https://www.pa.gov/agencies/dli/programs-services/workforce-development-home/warn-requirements/warn-notices,de3197a48bd0bb14da82741ee10b59257bd4b1e3f696d2a9cd90224e,c746b10b5460dd2e66742ca12cec6a5cf4ffe51e,2026-07-16,2026-07-19
PA,Hood Packaging Corporation,hood packaging,Luzerne,,2024-01-14,58,closure,,0,0,1,https://www.pa.gov/agencies/dli/programs-services/workforce-development-home/warn-requirements/warn-notices,bc7f6332a2a9f87478eee5e1931396920e6469da655b45d52dbaad8c,df75389be9f71b3c885fdd0f7c332a548c717dca,2026-07-16,2026-07-19
PA,"Household Metals, Inc.",household metals,Philadelphia,,2025-04-28,71,closure,,0,0,1,https://www.pa.gov/agencies/dli/programs-services/workforce-development-home/warn-requirements/warn-notices,6047adf274f91d2290bb9005ce03b53427735cbfd8e81390d38b7b24,8a755af0afa04b808a5b8c8e0b8447e04be03090,2026-07-16,2026-07-19
PA,Hussian College,hussian college,Philadelphia,,2023-06-09,23,closure,,0,0,1,https://www.pa.gov/agencies/dli/programs-services/workforce-development-home/warn-requirements/warn-notices,5e1617c7162b8da0eac3c4a86d36c2fa8ea633312aa1dfe2927cc46d,f404fc151289aa6b7fe0e44f27cab1d0f0cb1a45,2026-07-16,2026-07-19
PA,"ID Logistics US, Inc.",id logistics us,Lackawanna,,2024-12-31,108,mass_layoff,,0,0,1,https://www.pa.gov/agencies/dli/programs-services/workforce-development-home/warn-requirements/warn-notices,0a204480cd0a80d66fc4d365cdf8ca8a9e6229fa7d69626348ecb70a,a89d39e2f3d47ceaa891839ce8f1c8356257d5d1,2026-07-16,2026-07-19
PA,"IG Design Group Americas, Inc.",ig design group americas,Columbia,,2025-08-26,380,closure,,0,0,1,https://www.pa.gov/agencies/dli/programs-services/workforce-development-home/warn-requirements/warn-notices,960ab460971976e100a73349d8541829dd2b8b2ffe4396bffed01703,1f7781e48d258ded3cd201332508bd9a067f9148,2026-07-16,2026-07-19
PA,"Inmar Supply Chain Solutions, LLC",inmar supply chain solutions,Lehigh,,2025-10-10,101,closure,,0,0,1,https://www.pa.gov/agencies/dli/programs-services/workforce-development-home/warn-requirements/warn-notices,4f46e371b1283ce5c0bd41cee096cc740010371f9b22b60037f01ccf,3424cba1d28caf011b130667724f431269bff7b6,2026-07-16,2026-07-19
PA,"Instant Web, LLC",instant web,Berks,,2025-06-27,298,closure,,0,0,1,https://www.pa.gov/agencies/dli/programs-services/workforce-development-home/warn-requirements/warn-notices,40ae6618252f7cb62f55ecbee3a7fd7a9bce5f3e7a788d3345fc215b,36129113f8151cbc31222ca0975f937a7183d559,2026-07-16,2026-07-19
PA,Intel Corporation,intel,Lehigh,,2024-11-15,56,mass_layoff,,0,0,1,https://www.pa.gov/agencies/dli/programs-services/workforce-development-home/warn-requirements/warn-notices,fffba5fc7a315dd66ef46d8a791a5c97013ebb723d0e122501051a11,44eddf09d99cedfb4169a2a2d6e9aaba43f6bc14,2026-07-16,2026-07-19
PA,"Internation Timber and Veneer, L.C.",internation timber and veneer l c,Mercer,,2025-08-18,81,closure,,0,0,1,https://www.pa.gov/agencies/dli/programs-services/workforce-development-home/warn-requirements/warn-notices,6a3f936252c0d375b9e3e27306a0433c402f65b57623399ebdf58194,aa67f18a8a0a8ece262f4bd00f8bd998780b269d,2026-07-16,2026-07-19
PA,International Paper,international paper,Luzerne,,2025-04-14,107,closure,,0,0,1,https://www.pa.gov/agencies/dli/programs-services/workforce-development-home/warn-requirements/warn-notices,c83df43bb4080de12a0dbf66fa68eb51ba4dce502df3d9b020d33e06,4515fd44bcdadc2e96955aaaa848de79eb5596b9,2026-07-16,2026-07-19
PA,International Vitamin Corporation,international vitamin,Philadelphia,,2023-06-02,203,closure,,0,0,1,https://www.pa.gov/agencies/dli/programs-services/workforce-development-home/warn-requirements/warn-notices,02d6f8b6475f2641fc769aa07b2076896b451db0b2c69c15efef4995,54331b094853029673cdf57ddade519c08a6c006,2026-07-16,2026-07-19
PA,JBS Souderton,jbs souderton,Montgomery,,2026-08-14,1485,closure,,0,0,1,https://www.pa.gov/agencies/dli/programs-services/workforce-development-home/warn-requirements/warn-notices,8cf3d16b7f697ebb2511aa99dda1356d3178ca7a626e954a55bf4395,f311deeff426d2a7b2b1258df6acd98b234ea56d,2026-07-16,2026-07-19
PA,"Johnson & Johnson Consumer, Inc.",johnson johnson consumer,Lancaster,,2023-02-28,57,closure,,0,0,1,https://www.pa.gov/agencies/dli/programs-services/workforce-development-home/warn-requirements/warn-notices,334e007a9c1e5ebee8b71f593b3805b6295514e2402b64187f6a6fee,87d3fde177490fc375e13e3bec3c77a6bf803636,2026-07-16,2026-07-19
PA,"Joriki USA, Inc.",joriki usa,Luzerne,,2024-12-31,226,closure,,0,0,1,https://www.pa.gov/agencies/dli/programs-services/workforce-development-home/warn-requirements/warn-notices,f0ada02462a010ca1b1a30c37579cceab63c1badd190fbd06a6a7e17,5641a80858e7e185005125f9077b74ab576327e6,2026-07-16,2026-07-19
PA,Juvenile Justice Center of Philadelphia,juvenile justice center of philadelphia,Philadelphia,,2026-04-30,17,mass_layoff,,0,0,1,https://www.pa.gov/agencies/dli/programs-services/workforce-development-home/warn-requirements/warn-notices,9b24921aa757d0999525e0126ac039dc64e726796716212877685866,79b3bce835d5d75697576d7a4e6ff7016633714c,2026-07-16,2026-07-19
PA,"KeHe Distributors, Inc.",kehe distributors,Lehigh,,2023-11-03,8,mass_layoff,,0,0,1,https://www.pa.gov/agencies/dli/programs-services/workforce-development-home/warn-requirements/warn-notices,318483129a5e7ea89620193bdbedac03897d356db5d7414eb174832b,7183b93f814a2c9df9133fafbf69e03e455b21dc,2026-07-16,2026-07-19
PA,"Keen Transport, Inc.",keen transport,Cumberland,,2026-01-20,52,mass_layoff,,0,0,1,https://www.pa.gov/agencies/dli/programs-services/workforce-development-home/warn-requirements/warn-notices,07fdc0a91d1e28df53ccbff240b2bf63b58f637644ee742bcf5dc1b2,4096ae7c37b2e19452f5fac2a8410c603ad28fcf,2026-07-16,2026-07-19
PA,"Knause Foods Cooperative, Inc.",knause foods cooperative,Franklin,,2026-07-06,148,closure,,0,0,1,https://www.pa.gov/agencies/dli/programs-services/workforce-development-home/warn-requirements/warn-notices,b940076be4a88784a0b4c67ff81a53d48514311ae2eda787830f89c8,7539273aa7012a7de9dd394321c017eb9f721aa7,2026-07-26,2026-07-26
PA,"Knouse Foods Cooperative, Inc.",knouse foods cooperative,Franklin,,2026-07-06,148,closure,,0,0,1,https://www.pa.gov/agencies/dli/programs-services/workforce-development-home/warn-requirements/warn-notices,167ac710cb5ee73f50dc813abb3e57a4fdba14691cf2e83ac87e7f55,5fa95f61511486f7c04b103b51f5c42d062ee113,2026-07-16,2026-07-19
PA,"Krise Transportation, Inc.",krise transportation,Mifflin,,2025-06-30,70,mass_layoff,,0,0,1,https://www.pa.gov/agencies/dli/programs-services/workforce-development-home/warn-requirements/warn-notices,ccc8a9e94d04e608608f78603830072c90f74c189befb207eb82bd28,4dc3a80460fb38e72c157d540f0f9feae4722df9,2026-07-16,2026-07-19
PA,"Kunzler & Company, Inc.",kunzler,Lancaster,,2024-12-07,193,closure,,0,0,1,https://www.pa.gov/agencies/dli/programs-services/workforce-development-home/warn-requirements/warn-notices,62ffc87beb6a55ccb77fd57e308dd24bf39cdb7cf449b93ac39c2ff3,08891f42c9134a8fdffdbf7a50cee8838c9b9aad,2026-07-16,2026-07-19
PA,LNS Chipblaster,lns chipblaster,Crawford,,2026-09-30,67,closure,,0,0,1,https://www.pa.gov/agencies/dli/programs-services/workforce-development-home/warn-requirements/warn-notices,9bb0df14d7217966d7bb76cd22c707f902b1062a0b77cda7a0e8b5d7,17682b3f05bd2157556e44a89107e7a19c014483,2026-07-16,2026-07-19
PA,LSC Communications -- Lancaster EAST Plant,lsc communications lancaster east plant,Lancaster,,2023-03-31,276,closure,,0,0,1,https://www.pa.gov/agencies/dli/programs-services/workforce-development-home/warn-requirements/warn-notices,a999a3d5e123ffd1e2b51949212c1e25b154c8e18eea100fcf67df76,ec7c0c437bd91bdbf081c42d42d08050ab7216f6,2026-07-16,2026-07-19
PA,LSC Communications -- Lancaster WEST Plant,lsc communications lancaster west plant,Lancaster,,2023-03-31,380,closure,,0,0,1,https://www.pa.gov/agencies/dli/programs-services/workforce-development-home/warn-requirements/warn-notices,ae4108631faeb7568d91801476278bb59e5833ff9999c18ac7ccdee0,da62d4230a6ae5fdf834b78ac4283c563b05e892,2026-07-16,2026-07-19
PA,"Law Practice of Lavin, Cedrone, Graver, Boyd & Disipio",law practice of lavin cedrone graver boyd disipio,Philadelphia,,2025-06-30,49,closure,,0,0,1,https://www.pa.gov/agencies/dli/programs-services/workforce-development-home/warn-requirements/warn-notices,130ec2eaec60eab6008daa792cdc60d3dcf68d12be91bd1faafa8b04,aa654c46c0130ff25a73ab47272ec7504e190406,2026-07-16,2026-07-19
PA,"Leviathan Energy, L.P.",leviathan energy,Washington and Allegheny,,2025-07-01,105,closure,,0,0,1,https://www.pa.gov/agencies/dli/programs-services/workforce-development-home/warn-requirements/warn-notices,ce4b718f16a5f21a30c3a4ef3b06394e6bb31b96039dcf85d03219dc,40cff2eac9e13aaa5a2badad2d8083c986d8d7b8,2026-07-16,2026-07-19
PA,Liberty Home Choices,liberty home choices,Philadelphia,,2026-05-24,615,closure,,0,0,1,https://www.pa.gov/agencies/dli/programs-services/workforce-development-home/warn-requirements/warn-notices,8490b2da727540b6da916ae3aeaf3d79e82944d38e0b1ea35d82e119,dbd1fcdbdb0e4efcb20a664abadfa98a9c9ff8c9,2026-07-16,2026-07-19
PA,"Lifescan, Inc.",lifescan,Chester,,2024-01-16,,mass_layoff,,0,0,1,https://www.pa.gov/agencies/dli/programs-services/workforce-development-home/warn-requirements/warn-notices,8d385fc56362244c71010b2e44d6c2b040adcb96c39a40240797d998,b15bfa7543e5b54efa10eb533e7ffdea65b4df59,2026-07-16,2026-07-19
PA,"Lightning Source, LLC",lightning source,Lehigh,,2023-04-14,260,mass_layoff,,0,0,1,https://www.pa.gov/agencies/dli/programs-services/workforce-development-home/warn-requirements/warn-notices,41894cb45cda8441aad7157ff6da0f2d6c846a9fb2bc1cd9ed97fee9,5094f0ae855cd7caf5e20d15ed2a51e4e2950802,2026-07-16,2026-07-19
PA,Lineage Logistics,lineage logistics,Schuylkill,,2026-05-27,208,mass_layoff,,0,0,1,https://www.pa.gov/agencies/dli/programs-services/workforce-development-home/warn-requirements/warn-notices,c0382fa176888d79deb96fe6d8a578f6c8ea405d902b79d2e43cbcac,c518f7a24e884df33c0da98ff7d17f225c5598f8,2026-07-16,2026-07-19
PA,"LivaNova USA, Inc.",livanova usa,Allegheny,,2024-01-31,137,mass_layoff,,0,0,1,https://www.pa.gov/agencies/dli/programs-services/workforce-development-home/warn-requirements/warn-notices,49deb589976f7eeaba4dbb726d995899c3ceff2fe94d4fe4efaa7432,723e37d8af404f48db01dcca62cf0b4627d4f974,2026-07-16,2026-07-19
PA,Macy's Inc.,macy s,Philadelphia,,2025-03-18,128,closure,,0,0,1,https://www.pa.gov/agencies/dli/programs-services/workforce-development-home/warn-requirements/warn-notices,298730db5b88a6ddb527c8072673375c19d7e620bc7bd1012d9092d0,097a91d64123a201abe7d19ecd0664a315a14c35,2026-07-16,2026-07-19
PA,"Marsden Services, LLC",marsden services,Beaver,,2023-06-30,179,mass_layoff,,0,0,1,https://www.pa.gov/agencies/dli/programs-services/workforce-development-home/warn-requirements/warn-notices,4896a688723e99f30b716c4beccb277905371632bcdb9de005646321,8974ead046043b1b8da96d4f91b079bbd6073688,2026-07-16,2026-07-19
PA,"Matheson Flight Extenders, Inc.",matheson flight extenders,Delaware,,2023-12-15,75,closure,,0,0,1,https://www.pa.gov/agencies/dli/programs-services/workforce-development-home/warn-requirements/warn-notices,4f6d3e428c153343d0864e36d28a52681de499cb0c5a456e01b673cd,83fd3ed10e1a4ecb57f5888e9382f1be72d81c82,2026-07-16,2026-07-19
PA,McKesson Corporation,mckesson,Lawrence,,2023-06-01,135,closure,,0,0,1,https://www.pa.gov/agencies/dli/programs-services/workforce-development-home/warn-requirements/warn-notices,ff4dd4046e2698b9342b4c66de70caf529cda4a1ff44036464d2d847,43e5f6ad50db1dbbc1ec60d1dc2b08227935e7fc,2026-07-16,2026-07-19
PA,"Med-Metrix, LLC",med metrix,Delaware,,2025-06-20,142,closure,,0,0,1,https://www.pa.gov/agencies/dli/programs-services/workforce-development-home/warn-requirements/warn-notices,2a7852ec8a11003f987431647a7535b222aad61ab0aa71a323b0845a,274e6cade5f8b0b61daccce0cbce52fc38ee0add,2026-07-16,2026-07-19
PA,"Megabus Northeast, LLC",megabus northeast,Allegheny,,2024-08-09,12,closure,,0,0,1,https://www.pa.gov/agencies/dli/programs-services/workforce-development-home/warn-requirements/warn-notices,cc8f14070e5a8d4ff36087fbce1121bce5d4f0bd0f2d85f3c837fa40,196cc56fe4c76cf3d64f8bfe89b74bf8202e8637,2026-07-16,2026-07-19
PA,"Merck & Co., Inc.",merck,Montour,,2025-05-16,163,closure,,0,0,1,https://www.pa.gov/agencies/dli/programs-services/workforce-development-home/warn-requirements/warn-notices,ef6ec04cbee33dbe84eff5b4701371d1376059a1b9bc1559e23ae290,354fad0a7f0cd1415e54748baa63156735026c13,2026-07-16,2026-07-19
PA,"Merck & Co., Inc.",merck,Montgomery,,2024-03-15,5,mass_layoff,,0,0,1,https://www.pa.gov/agencies/dli/programs-services/workforce-development-home/warn-requirements/warn-notices,0c56fc69994ff2e001d2d3c96289c18012eb74b2694d4305f29e94d7,e9b45ae964c6174f37c05e5e53db935aab107963,2026-07-16,2026-07-19
PA,"Midwest Transport, Inc.",midwest transport,Butler,,2024-09-09,,closure,,0,0,1,https://www.pa.gov/agencies/dli/programs-services/workforce-development-home/warn-requirements/warn-notices,60989f4ae1e49984b358a1b0a069d20de7a2b75c2b950c33d99fceaf,0d20ba11e0daaf59b55b424c03798ea2adb6b586,2026-07-16,2026-07-19
PA,Miller's Ale House,miller s ale house,Philadelphia,,2026-03-30,49,closure,,0,0,1,https://www.pa.gov/agencies/dli/programs-services/workforce-development-home/warn-requirements/warn-notices,8ae16e26b6e8f1c2d9ab83c2cb448f5e61eca2e753bc99259a7baca3,56604dfb79d6a38214d01265673d73f9fe806e9d,2026-07-16,2026-07-19
PA,"Morgan Truck Body, LLC",morgan truck body,Lancaster,,2025-12-15,92,closure,,0,0,1,https://www.pa.gov/agencies/dli/programs-services/workforce-development-home/warn-requirements/warn-notices,4a216273a54f03231153f05fb78a67f931620e8ace9bc291b42689bb,4ba8ce2085443a39beb9fb69b7333da7143a3a9b,2026-07-16,2026-07-19
PA,Morrison HealthCare,morrison healthcare,Lehigh and Surrounding Counties,,2023-03-03,478,mass_layoff,,0,0,1,https://www.pa.gov/agencies/dli/programs-services/workforce-development-home/warn-requirements/warn-notices,e89d1c75b3f79d4c1908739fc5ac38b4141982eced2a9eb61421f85f,b624c63ed4f558e93dbd42633627e91079b11b05,2026-07-16,2026-07-19
PA,"Motional AD, Inc.",motional,Allegheny,,2024-07-06,145,mass_layoff,,0,0,1,https://www.pa.gov/agencies/dli/programs-services/workforce-development-home/warn-requirements/warn-notices,8534b4b0c22cec220503b99a5f3ecd354406f684da3651311bf40549,6f54beb167b96d7c4300ca2d3f53cc2ad194344d,2026-07-16,2026-07-19
PA,Mulherin's Pizzeria,mulherin s pizzeria,Philadelphia,,2025-04-16,39,closure,,0,0,1,https://www.pa.gov/agencies/dli/programs-services/workforce-development-home/warn-requirements/warn-notices,e5556c6b03530beef06b01e045f29ef51498eeae4e70e30339f765ad,c56aade8af51040578f8ecc5968ca3c1ec6effb4,2026-07-16,2026-07-19
PA,NFI Interactive Logistics,nfi interactive logistics,Berks,,2023-06-30,124,closure,,0,0,1,https://www.pa.gov/agencies/dli/programs-services/workforce-development-home/warn-requirements/warn-notices,e1147bef1c3d8467e47739e144b21d2d0b8ef5b983464b2b15a39503,ec6c66c55a391986eb05ddb1e5e76c4bed2fc9dc,2026-07-16,2026-07-19
PA,"NRG Energy, Inc.",nrg energy,Westmoreland,,2023-05-16,70,closure,,0,0,1,https://www.pa.gov/agencies/dli/programs-services/workforce-development-home/warn-requirements/warn-notices,70684d5b84af26bcb1d69b648cdc166baf49ac0f319c51356ad85cfc,5a75e3862c8ffc7aefd4583205783a888b5ed9be,2026-07-16,2026-07-19
PA,"NRG, Homer City Generating Station",nrg homer city generating station,Indiana,,2023-07-03,129,closure,,0,0,1,https://www.pa.gov/agencies/dli/programs-services/workforce-development-home/warn-requirements/warn-notices,0603ef4265613cfb57794ce88ae199f95cfe3bff75cc01620c4c2c07,f27f068a5b8c1a3726c48b1a7340e8df36d41663,2026-07-16,2026-07-19
PA,"National Distribution Centers, LLC",national distribution centers,Cumberland,,2025-03-08,385,mass_layoff,,0,0,1,https://www.pa.gov/agencies/dli/programs-services/workforce-development-home/warn-requirements/warn-notices,1823c66e4dc26231dc619be9045e7b4e99b287255c2206b0144c2323,6ae83ad66f4f2ffca57f0592670246bc9bcd3ffa,2026-07-16,2026-07-19
PA,"National Fulfillment Services, LLC",national fulfillment services,Delaware,,2025-11-15,45,closure,,0,0,1,https://www.pa.gov/agencies/dli/programs-services/workforce-development-home/warn-requirements/warn-notices,51d2ab5e3dde6b3c8b8cc3f5aff84e25bb15e68c754aaa9c2b152299,0c5543086f464a191643a89e774f248ac5d836cf,2026-07-16,2026-07-19
PA,"Natural Foods, Inc.",natural foods,Lehigh,,2025-08-12,716,mass_layoff,,0,0,1,https://www.pa.gov/agencies/dli/programs-services/workforce-development-home/warn-requirements/warn-notices,9ef3fe88a65c067812a56fce610d5c36d554d0fd81fd6a2331dd3d9e,dd87f755083f1e2504a3e60c602e00cfd5362bf9,2026-07-16,2026-07-19
PA,"Newbold Services, LLC",newbold services,"Lehigh, Northampton, Cumberland, York and Luzerne",,2024-03-05,294,mass_layoff,,0,0,1,https://www.pa.gov/agencies/dli/programs-services/workforce-development-home/warn-requirements/warn-notices,57474a54cc99b0d869a6e188914cbfe49612c32f9b4936624bbec8b0,8697d9bc0202ac72cd2bd16c374d7dcb3acc057a,2026-07-16,2026-07-19
PA,"NexTier Completion Solutions, Inc.",nextier completion solutions,Tioga,,2024-04-13,104,closure,,0,0,1,https://www.pa.gov/agencies/dli/programs-services/workforce-development-home/warn-requirements/warn-notices,e4fcdb8c571d98c8ae8a4291391b071535028af88c6aa5c7037dd285,e9be1146f6f1bff186acb59c9ef13f6c26298dda,2026-07-16,2026-07-19
PA,"NextGen Healthcare, Inc.",nextgen healthcare,Montgomery,,2024-01-16,65,mass_layoff,,0,0,1,https://www.pa.gov/agencies/dli/programs-services/workforce-development-home/warn-requirements/warn-notices,51a2b7e43af5df08e592543e92616bfe0545dec23965a863ac538ac5,fd57ad048f3a8a4fd1a805cede506d0c7216b575,2026-07-16,2026-07-19
PA,"North Atlantic Ship Repair, LLC",north atlantic ship repair,Philadelphia,,2024-06-28,58,closure,,0,0,1,https://www.pa.gov/agencies/dli/programs-services/workforce-development-home/warn-requirements/warn-notices,9f222a1dbabb7a325f3109fb84c1ded05f1a1ceb33aea5cc9ce3bff1,a62ead909609e1c839525b37e214ffff71cd6671,2026-07-16,2026-07-19
PA,Oak View Group,oak view group,Philadelphia,,2025-12-31,,mass_layoff,,0,0,1,https://www.pa.gov/agencies/dli/programs-services/workforce-development-home/warn-requirements/warn-notices,cce8cdd5609ccd0795ca9f39a043a7f1e07245c410cac9477bc54a7c,bfe8729edf888d373d52f40e793938f8367e85a2,2026-07-16,2026-07-19
PA,"Offset Paperback Manufacturers, Inc.",offset paperback manufacturers,Luzerne,,2024-04-15,106,closure,,0,0,1,https://www.pa.gov/agencies/dli/programs-services/workforce-development-home/warn-requirements/warn-notices,77271e1618c5aa6e9f914ae50db7efdd48f739e8a1a7ba423a8c4e8f,3433ea3d5e2685c03164ff48063500eda8f2d36a,2026-07-16,2026-07-19
PA,"Ornua Ingredients, Inc.",ornua ingredients,Lawrence,,2024-02-24,66,closure,,0,0,1,https://www.pa.gov/agencies/dli/programs-services/workforce-development-home/warn-requirements/warn-notices,287dc77f7e014dd647dd80ac40abec659dd22a94539ef6c1228a8c7d,b5e13f2c18bca43e666feb8884d85c93b71ad7f7,2026-07-16,2026-07-19
PA,"Owens and Minor Halyard, Inc.",owens and minor halyard,Cumberland,,2025-11-28,75,mass_layoff,,0,0,1,https://www.pa.gov/agencies/dli/programs-services/workforce-development-home/warn-requirements/warn-notices,2844fdd4d2058d5bf6a42cacfb8f898f784deddcd49ab71a37585487,cde29539bf50a69e20a8b03ac3f05fbc943738a6,2026-07-16,2026-07-19
PA,PA Potato Chip Manufacturing LLC,pa potato chip manufacturing,Somerset,,2026-02-13,96,closure,,0,0,1,https://www.pa.gov/agencies/dli/programs-services/workforce-development-home/warn-requirements/warn-notices,62f7551596d73c7912356cf88769477ded415e54042d42c55ef65140,bcaa5cf51fda52a1797fb0073771a1a1342d6b44,2026-07-16,2026-07-19
PA,"PPG Industries, Inc.",ppg industries,Chester,,2025-08-18,82,closure,,0,0,1,https://www.pa.gov/agencies/dli/programs-services/workforce-development-home/warn-requirements/warn-notices,a654680f74e55cf483ac21228d66c08d412998e45dea951642a58b3d,077b646e3068b763dc6c168201ab65ceecef01ab,2026-07-16,2026-07-19
PA,Packaging Corporation of America,packaging corporation of america,Lehigh,,2025-12-01,60,closure,,0,0,1,https://www.pa.gov/agencies/dli/programs-services/workforce-development-home/warn-requirements/warn-notices,8b89a701e95621dee58f41988c15edd8dc75b06ae54c0ba3c0ca5adf,eda2ca6c9e0447aa8cbdc58a5649f34c2aa0243e,2026-07-16,2026-07-19
PA,Paris Uniform Services,paris uniform services,Various,,2024-06-30,138,closure,,0,0,1,https://www.pa.gov/agencies/dli/programs-services/workforce-development-home/warn-requirements/warn-notices,10b3c42567440731ef33663c6fdfb7fe0c95a382b6033afc1745967b,c7fb0a532e2566937bbbef36d4621c6e86e6bff1,2026-07-16,2026-07-19
PA,"Parkhurst Dining, LLC @ Bucknell University",parkhurst dining llc bucknell university,Union,,2024-06-03,196,closure,,0,0,1,https://www.pa.gov/agencies/dli/programs-services/workforce-development-home/warn-requirements/warn-notices,df1203257eafed8b88f6f9cdd5d571cef2aec05a23b7d4bcfb5ef261,dd457db23e58656f717969e67c4e742a3a3f50d6,2026-07-16,2026-07-19
PA,"Parkhurst Dining, LLC @ the University of the Arts, Philadelphia",parkhurst dining llc the university of the arts philadelphia,Philadelphia,,2024-06-07,34,closure,,0,0,1,https://www.pa.gov/agencies/dli/programs-services/workforce-development-home/warn-requirements/warn-notices,bb2b5a5f5e6026b5a0d97242ac74773789cebdca68b3b9a260e14c6e,1db556b8aeaa669a4dd143559600f3f4c76d87e1,2026-07-16,2026-07-19
PA,"PepsiCo, Inc.",pepsico,Dauphin,,2024-12-28,127,closure,,0,0,1,https://www.pa.gov/agencies/dli/programs-services/workforce-development-home/warn-requirements/warn-notices,c7e989d7fe346cac2e9d35c91f06e701730cd5c901f16df128f67fe4,975768f7231c63254340f603de5fc14952d63eec,2026-07-16,2026-07-19
PA,"Peraton, Inc.",peraton,Cumberland,,2025-12-13,153,mass_layoff,,0,0,1,https://www.pa.gov/agencies/dli/programs-services/workforce-development-home/warn-requirements/warn-notices,ce7eef6e3843971031b7336728fb0829b27b818cdfd86084038afc7d,5b69a81bf664591eb7649677048548cd19a9bb0d,2026-07-16,2026-07-19
PA,Peterson Farms dba Appeeling Fruit Holdings,peterson farms dba appeeling fruit holdings,Berks,,2024-03-08,68,closure,,0,0,1,https://www.pa.gov/agencies/dli/programs-services/workforce-development-home/warn-requirements/warn-notices,6857fae407c657122d4a3e19bd84234f91ab7fbeaa27db7649dd80fe,3d736026bec5fd1448abbd5e3474139a930e6aa5,2026-07-16,2026-07-19
PA,"PharmaCann, Inc.",pharmacann,Lackawanna,,2026-05-20,60,closure,,0,0,1,https://www.pa.gov/agencies/dli/programs-services/workforce-development-home/warn-requirements/warn-notices,57683fa71561fd15143cd2b3df1f06281444685216c4e2b645c0edca,c84bf2a17a4b28cc07b44260d88d91241cfc4485,2026-07-16,2026-07-19
PA,"Philips Respironics, Inc.",philips respironics,Westmoreland,,2025-05-23,14,mass_layoff,,0,0,1,https://www.pa.gov/agencies/dli/programs-services/workforce-development-home/warn-requirements/warn-notices,ebe7bce388f2fc325069d1d199ed25a3b775172c760564d7ec07f87c,bdda83506171bd434a076e1bdbd13c5e36058312,2026-07-16,2026-07-19
PA,Pittsburgh Job Corps Center,pittsburgh job corps center,Allegheny,,2025-06-13,180,closure,,0,0,1,https://www.pa.gov/agencies/dli/programs-services/workforce-development-home/warn-requirements/warn-notices,4d61d4a7aeab2666f5faa299d58300b18617e2b4882fcfe1369ab0a4,3051b7a66899db95a55b1695ae3bdccd62476b34,2026-07-16,2026-07-19
PA,"Pittsburgh Nursing and Rehab Center, PA",pittsburgh nursing and rehab center pa,Allegheny,,2024-05-30,124,closure,,0,0,1,https://www.pa.gov/agencies/dli/programs-services/workforce-development-home/warn-requirements/warn-notices,7a78e673af8100e73a5e4a91520eeeba0b264e9ad817c981cd7848c8,3c7fbc6612c32533e3430f37c776b41abb6a69a4,2026-07-16,2026-07-19
PA,Pittsburgh Post-Gazette,pittsburgh post gazette,Allegheny,,2026-05-04,171,closure,,0,0,1,https://www.pa.gov/agencies/dli/programs-services/workforce-development-home/warn-requirements/warn-notices,26e41b13ac3c1cdafcfabdad0a26c56d5cc9de7eca2e1e265a311053,4f3c78ce01cfe00afb2c5f3db7380ff147b6a155,2026-07-16,2026-07-19
PA,Pittsburgh Technical College,pittsburgh technical college,Allegheny,,2024-08-09,,closure,,0,0,1,https://www.pa.gov/agencies/dli/programs-services/workforce-development-home/warn-requirements/warn-notices,31698d85b2e9cbf1edef725249eae39c29a2fccf4af4ff2512dd3441,9fe20d7cf05fb3ec73004206e4922e6d35e02025,2026-07-16,2026-07-19
PA,"PosiGen Developer, LLC",posigen developer,Montgomery,,2025-08-24,49,mass_layoff,,0,0,1,https://www.pa.gov/agencies/dli/programs-services/workforce-development-home/warn-requirements/warn-notices,d9aefee1a1130d1614ad184c4dd46a72e84464056c5d12e5245064d9,578d4d2d518c12d916f5451bc5ab6eec8ae7bfc2,2026-07-16,2026-07-19
PA,"Post Consumer Brands, LLC",post consumer brands,Columbia,,2026-05-01,11,mass_layoff,,0,0,1,https://www.pa.gov/agencies/dli/programs-services/workforce-development-home/warn-requirements/warn-notices,f0aee00e92b5f86c875b2ff51ab62b910b7755b177f5f72ff3ee2d2a,ca7020006392e5248ccc88d09f5b9d910a471caf,2026-07-16,2026-07-19
PA,Pottstown Hospital,pottstown hospital,Montgomery,,2026-01-01,131,mass_layoff,,0,0,1,https://www.pa.gov/agencies/dli/programs-services/workforce-development-home/warn-requirements/warn-notices,585c43285706f07e4a1be71d579058c1b6537d5fa3e0e8bed71228ed,2ac8d88baae49bdb408e70ad6b5f4ab9a2951190,2026-07-16,2026-07-19
PA,"PrimeCare Medical, Inc.",primecare medical,York,,2025-09-30,50,mass_layoff,,0,0,1,https://www.pa.gov/agencies/dli/programs-services/workforce-development-home/warn-requirements/warn-notices,f970adc02863e1b50aa86177c1f78591725fe30c47eaf06fa989d0ce,015e029f8fce0d326fb1c74df3952893eb0ae21d,2026-07-16,2026-07-19
PA,"PrimeFlight Aviation Services, Inc.",primeflight aviation services,Philadelphia,,2026-03-09,68,mass_layoff,,0,0,1,https://www.pa.gov/agencies/dli/programs-services/workforce-development-home/warn-requirements/warn-notices,81ab9f137fbc705251313dfb610894baf4be89de1e30232ac8cb1874,0b8d374571353cbfacfac86d2b245640054019d8,2026-07-16,2026-07-19
PA,"Prysmian Cables and Systems, USA",prysmian cables and systems usa,Schuylkill,,2026-01-01,150,closure,,0,0,1,https://www.pa.gov/agencies/dli/programs-services/workforce-development-home/warn-requirements/warn-notices,959bb44ce8cfc94432538d5e3d9db86df47769ce93f826903d268868,8011ebaec17cb19cb1a16212cd940a2d7b17e0e5,2026-07-16,2026-07-19
PA,Qualfon,qualfon,Cambria,,2023-01-23,206,mass_layoff,,0,0,1,https://www.pa.gov/agencies/dli/programs-services/workforce-development-home/warn-requirements/warn-notices,42f433a600acbacd2ee7566e42b5142601acb8e611967f3bbf9fa1f3,a9ca067b2b28e79aafc23603b4a193515053b090,2026-07-16,2026-07-19
PA,"Quality Packaging Specialists International, LLC",quality packaging specialists international,Cumberland,,2026-07-06,83,closure,,0,0,1,https://www.pa.gov/agencies/dli/programs-services/workforce-development-home/warn-requirements/warn-notices,fd04a8888ec930ee040840316c1e9de849bee13b2678164aed570a8a,a668fbdf1e957c66282ef34db8e410aae7a8b4c9,2026-07-16,2026-07-19
PA,"Quest Diagnostics, Inc.",quest diagnostics,Montgomery,,2024-08-26,121,closure,,0,0,1,https://www.pa.gov/agencies/dli/programs-services/workforce-development-home/warn-requirements/warn-notices,61e2b7646eaaec71fbd0e58ae96e301d6f70a6e70bddd561b343459e,9663b609cff220fa557fc9d1ea6b3ec171acc200,2026-07-16,2026-07-19
PA,"RE2, LLC/Sarcos Corp.",re2 llc sarcos,Allegheny,,2024-01-16,73,closure,,0,0,1,https://www.pa.gov/agencies/dli/programs-services/workforce-development-home/warn-requirements/warn-notices,38be036d4c27c2c25f0821a35412c360b0edb607bcec9869004f8024,d46328338a4b997a0f32486bca4ea044534f7478,2026-07-16,2026-07-19
PA,"Radial, Inc.",radial,Montgomery,,2024-06-28,5,closure,,0,0,1,https://www.pa.gov/agencies/dli/programs-services/workforce-development-home/warn-requirements/warn-notices,c7ddcad056c3667bcd1e7ef9bf8101c8c5f4056eb888a19e2d97d4c9,0bf74a790fe0873588eac10d08bb28d1d137c422,2026-07-16,2026-07-19
PA,"Radian Group, Inc.",radian group,Delaware,,2024-09-13,70,mass_layoff,,0,0,1,https://www.pa.gov/agencies/dli/programs-services/workforce-development-home/warn-requirements/warn-notices,4c796e9fe95055c69396637a77cc1113640313aef49dd50cb32d7376,ca1476ad72470d5f19efe4fa820b3978b0e8bb99,2026-07-16,2026-07-19
PA,"Red Ribbon Bakeshop, Inc.",red ribbon bakeshop,Philadelphia,,2024-11-30,9,closure,,0,0,1,https://www.pa.gov/agencies/dli/programs-services/workforce-development-home/warn-requirements/warn-notices,90e8ebc753f7a850e57f39e18a615ba1175ed81d1420f61800601ccb,5f0abc431c3f620a2dadddb114b68443b1c5eb07,2026-07-16,2026-07-19
PA,"Respironics, Inc.",respironics,Westmoreland,,2025-12-31,196,mass_layoff,,0,0,1,https://www.pa.gov/agencies/dli/programs-services/workforce-development-home/warn-requirements/warn-notices,d37ad873a72c66cc97061f4b3db78ccb0b56ffd11f1cd779d16aa07e,9ac5cb6b0814cad2d86c5232f3aabbe4dcac01f0,2026-07-16,2026-07-19
PA,Rite-Aid,rite aid,York and Philadelphia,,2025-05-05,1096,mass_layoff,,0,0,1,https://www.pa.gov/agencies/dli/programs-services/workforce-development-home/warn-requirements/warn-notices,ab6618e85b7de3c9d0359d4905e93c298e7c4d17c9c4f9b5ff94f378,dee5632ef559c1be5f029043e68eeabd2e642e44,2026-07-16,2026-07-19
PA,"Ryder Integrated Logistics, Inc.",ryder integrated logistics,Berks,,2025-08-01,76,closure,,0,0,1,https://www.pa.gov/agencies/dli/programs-services/workforce-development-home/warn-requirements/warn-notices,35befe0fad4c39e9b9486050b33a7d6cecc4cfd99b6d003057d240b1,2706c54dec45398da481f9e2bbbeb51013e5f62f,2026-07-16,2026-07-19
PA,"Ryder Integrated Logistics, Inc.",ryder integrated logistics,Schuylkill,,2023-06-25,132,closure,,0,0,1,https://www.pa.gov/agencies/dli/programs-services/workforce-development-home/warn-requirements/warn-notices,43ac9ebdc2f28f1f51b0500b45b6d5988a692b97da86b519af13023d,62e1abbbe15118edff5b83147895ca0b09c201de,2026-07-16,2026-07-19
PA,S&S Activewear,s s activewear,York,,2025-12-04,128,closure,,1,1,2,https://www.pa.gov/agencies/dli/programs-services/workforce-development-home/warn-requirements/warn-notices,013ba5a6e361c6f51f8a328c9f0df1d88ac88bbb966cf1538fcff16b,61a3c17fd411f863133fd076c4914ffe1ae0c632,2026-07-16,2026-07-26
PA,"SPS Technologies, LLC",sps technologies,Montgomery,,2025-05-18,251,mass_layoff,,0,0,1,https://www.pa.gov/agencies/dli/programs-services/workforce-development-home/warn-requirements/warn-notices,744ad1c6fb2db936d35d2c0465b08f097367a8f057aa353f5580ffbc,6fca7fd80293bb5210546d9b9189a7cfa78d3bcb,2026-07-16,2026-07-19
PA,"Saks & Company, LLC",saks,Schuylkill,,2026-05-03,435,closure,,0,0,1,https://www.pa.gov/agencies/dli/programs-services/workforce-development-home/warn-requirements/warn-notices,742cad332ca0c162dd46a616a344ea380a7bcc73463d7075487fb243,7f7051ec2788dd4ee9c0fa1424b90b65615c1e1a,2026-07-16,2026-07-19
PA,Saks Fifth Avenue,saks fifth avenue,Montgomery,,2026-04-11,50,closure,,0,0,1,https://www.pa.gov/agencies/dli/programs-services/workforce-development-home/warn-requirements/warn-notices,efba09a52a72b8843ed42aeb1c7291f29624e55812b7be3d40e34e2f,61fb1e8ce1cae18b9e27f0d969627cb11d43a43d,2026-07-16,2026-07-19
PA,Saks Fifth Avenue,saks fifth avenue,Luzerne,,2026-04-11,155,closure,,0,0,1,https://www.pa.gov/agencies/dli/programs-services/workforce-development-home/warn-requirements/warn-notices,f02775b261b82365ed8ff31225e9068c95bc45268f85eb57e09e4a42,9fa7aadfefc5f9acd14ce5dae880aefc3660dd7f,2026-07-16,2026-07-19
PA,"Saks, LLC",saks,Luzerne,,2024-01-06,90,mass_layoff,,0,0,1,https://www.pa.gov/agencies/dli/programs-services/workforce-development-home/warn-requirements/warn-notices,5a64edaae2f2cd1ed8eb8a95f5eea9d61286c6102e9eba1109aa5892,c4e9feeb05101aed8403637c6fb2a40fdb4a602e,2026-07-16,2026-07-19
PA,"Santander Bank, N.A.",santander bank n a,Berks,,,77,mass_layoff,,0,0,1,https://www.pa.gov/agencies/dli/programs-services/workforce-development-home/warn-requirements/warn-notices,4118ce315be5e0d956308c8bf8b0a45b16589191f8e261f412fe3edc,a4906812d34493f6cf91b661d3dea9fa46f2f804,2026-07-16,2026-07-19
PA,"Schenker, Inc.",schenker,Cumberland,,2024-03-10,478,closure,,0,0,1,https://www.pa.gov/agencies/dli/programs-services/workforce-development-home/warn-requirements/warn-notices,874ca5dd4f043b1852344091776df6ada328f3ece8cd79499f1af5a8,98151fc5991836af782220ae48a687528f3d2539,2026-07-16,2026-07-19
PA,"Schnader, Harrison, Segal & Lewis, LLP",schnader harrison segal lewis,Philadelphia,,2023-08-31,83,mass_layoff,,0,0,1,https://www.pa.gov/agencies/dli/programs-services/workforce-development-home/warn-requirements/warn-notices,6b3c5e5e5772be4c4bf6fb9b3cbde8f5c364f38d6263c245b00dfe5b,dbc6b89bb08cacd049a1a3300b52b57292d56a79,2026-07-16,2026-07-19
PA,Sharon Regional Medical Center,sharon regional medical center,Mercer,,2025-01-06,149,closure,,0,0,1,https://www.pa.gov/agencies/dli/programs-services/workforce-development-home/warn-requirements/warn-notices,cbfca4a81c154648f52f5eb123393f1e286cbdb9195358db0aa03552,0367a3d60d8d67e9237c8102d5af7b99ee3fef81,2026-07-16,2026-07-19
PA,"Shop-Vac USA, LLC",shop vac usa,Lycoming,,2023-04-28,80,mass_layoff,,0,0,1,https://www.pa.gov/agencies/dli/programs-services/workforce-development-home/warn-requirements/warn-notices,2e16508f2761a9b96c2b1d636386f4011041d4fbc5ed86378750649a,b8baffe3a8e1a5423937058347961fdf057dc33a,2026-07-16,2026-07-19
PA,Silgan Plastics,silgan plastics,Bucks,,2024-04-26,,closure,,0,0,1,https://www.pa.gov/agencies/dli/programs-services/workforce-development-home/warn-requirements/warn-notices,d438d47c6aa27c1b239c01783b01b35ba9b7b1f2a38735984b7e2d6f,7167d49f925f8d94f63fa2cb4704fac1381ce897,2026-07-16,2026-07-19
PA,Sodexo,sodexo,Monroe,,2024-12-31,83,closure,,0,0,1,https://www.pa.gov/agencies/dli/programs-services/workforce-development-home/warn-requirements/warn-notices,d91f4873b2210e2f6a7fb863d7ac09f9d1437f45b89338997610d3a1,59ca400037fa6bc68dd6ebd70292189628ab2b9b,2026-07-16,2026-07-19
PA,"Spark Therapeutics, Inc.",spark therapeutics,Philadelphia,,2025-05-09,298,mass_layoff,,0,0,1,https://www.pa.gov/agencies/dli/programs-services/workforce-development-home/warn-requirements/warn-notices,435d3b4ecb636a27bb656789835281a32837bfe42c6387e6eef54f2f,514a1c1e7a68196f684eab706adea3f63fbd26ce,2026-07-16,2026-07-19
PA,SpiriTrust Lutheran,spiritrust lutheran,Franklin,,2025-07-18,,closure,,0,0,1,https://www.pa.gov/agencies/dli/programs-services/workforce-development-home/warn-requirements/warn-notices,3f44dabe50b0c035e05b3ac8d868b37566ba8f3067c4a0d5461cd1ca,fc805f65bd4178cd3f7da0083c30eac0afb280d3,2026-07-16,2026-07-19
PA,Sportsbook,sportsbook,Philadelphia,,2024-10-12,31,closure,,0,0,1,https://www.pa.gov/agencies/dli/programs-services/workforce-development-home/warn-requirements/warn-notices,6252ca3895a042f8740099e8ef86c1ea3cbd23d44cc2a777e9b04eb8,36f5616962f1f4c8a1b653a74b5ebf10088eb2a2,2026-07-16,2026-07-19
PA,"Spreadshirt, Inc.",spreadshirt,Westmoreland,,2023-01-09,64,closure,,0,0,1,https://www.pa.gov/agencies/dli/programs-services/workforce-development-home/warn-requirements/warn-notices,07fd929b4f27172837f9f0f83f9a8a8153d2296ba7c4e6cfa1d20a54,84ab9410444aa6c470187ec821f9081d6bca4315,2026-07-16,2026-07-19
PA,Starbucks,starbucks,Philadelphia,,2025-12-05,,closure,,0,0,1,https://www.pa.gov/agencies/dli/programs-services/workforce-development-home/warn-requirements/warn-notices,5a5673e7869ca7fd260341b66eea4a3532f0d072b035f700040af417,609ce421ff9280a179690fffd1f97c3b10353f66,2026-07-16,2026-07-19
PA,Statewide Automotive,statewide automotive,Philadelphia,,2025-03-24,5,closure,,0,0,1,https://www.pa.gov/agencies/dli/programs-services/workforce-development-home/warn-requirements/warn-notices,26be52836b28a8231bd0f27816a266ef382c6096fabfc7d870a068bc,d9adaa64d073944d0feab8121e563bea056e7a1d,2026-07-16,2026-07-19
PA,"Stitch Fix, Inc.",stitch fix,Northampton,,2023-09-08,393,closure,,0,0,1,https://www.pa.gov/agencies/dli/programs-services/workforce-development-home/warn-requirements/warn-notices,f63c2188d943333ab9e0c2cc8a1acb5807016b497859baf31eb030fa,dcc271fa1f1341230b1d438653de887e9d12b0b0,2026-07-16,2026-07-19
PA,"Stuffed Puffs, LLC",stuffed puffs,Northampton,,2024-10-26,106,closure,,0,0,1,https://www.pa.gov/agencies/dli/programs-services/workforce-development-home/warn-requirements/warn-notices,60de475b385828ae138d205e18cab5bd3bab4927dadc2285bb34dbd1,183edc7e8917c175e8eb5ea97541cebcfd8daedd,2026-07-16,2026-07-19
PA,Suburban Community Hospital,suburban community hospital,Montgomery,,2025-07-05,109,mass_layoff,,0,0,1,https://www.pa.gov/agencies/dli/programs-services/workforce-development-home/warn-requirements/warn-notices,502bf2ec74f212a5fe32d04b8b700506469f52e3e9bde25c11173ae8,c379dd12727f9a4301ee51b8d9960cab73abe1cf,2026-07-16,2026-07-19
PA,TE Connectivity,te connectivity,Franklin,,2024-05-01,130,closure,,0,0,1,https://www.pa.gov/agencies/dli/programs-services/workforce-development-home/warn-requirements/warn-notices,0aab05315a210ae9b0964777c7139ada0fe5822d3edcd6a50dd131c3,f83e00d49bf256c8ec59f715b304d5b7af1d318b,2026-07-16,2026-07-19
PA,Target,target,Philadelphia,,2023-05-13,47,closure,,0,0,1,https://www.pa.gov/agencies/dli/programs-services/workforce-development-home/warn-requirements/warn-notices,37cc613604b0177c413c44a984cad11f20622787a17db661e99ee456,9e48c54ea621e5f98cd0cbb82454bbd2c4f07c0b,2026-07-16,2026-07-19
PA,"Taste, Inc.",taste,Philadelphia,,2026-02-05,10,closure,,0,0,1,https://www.pa.gov/agencies/dli/programs-services/workforce-development-home/warn-requirements/warn-notices,851d5565f460d4e60b61058c8dcb613e154338cbcaf3003d1de3d590,90901e9960b8338780e578642fc5ccfc10c80543,2026-07-16,2026-07-19
PA,"Tatano Wire Products, LLC",tatano wire products,Fayette,,2025-02-14,27,closure,,0,0,1,https://www.pa.gov/agencies/dli/programs-services/workforce-development-home/warn-requirements/warn-notices,f133a757ca68b5b113b36eae8e89958d5862786c3c9042ef74cdc9af,6f6207f9d91dd91d012b03e221698b591c3c59e5,2026-07-16,2026-07-19
PA,The AMES Companies,the ames companies,Dauphin,,2023-10-31,57,closure,,0,0,1,https://www.pa.gov/agencies/dli/programs-services/workforce-development-home/warn-requirements/warn-notices,a2775eccd733966dc117cb0b4f273e9dec10996e6ae87d85a1bad493,1e73bec6aeb048e677e6c0e4bcfd9011e603fd75,2026-07-16,2026-07-19
PA,The AMES Company,the ames,Cumberland,,2023-12-15,182,closure,,0,0,1,https://www.pa.gov/agencies/dli/programs-services/workforce-development-home/warn-requirements/warn-notices,37c423d239d1f23dbcf3a0b4fcc0d2ecddea6f89fc9ca5b7936b8e55,c24b77bf92fbc72f79fca0a3a0f380d75f105a25,2026-07-16,2026-07-19
PA,The Boeing Company,the boeing,Delaware,,2024-08-16,69,mass_layoff,,0,0,1,https://www.pa.gov/agencies/dli/programs-services/workforce-development-home/warn-requirements/warn-notices,e3063e91e9a48f73205e09ed6ad2d1da4079f87ea8cd6e1f1869d263,7e581191cd53878354f2d0de4202cb70f411f2d4,2026-07-16,2026-07-19
PA,"The GIANT Company, LLC.",the giant,Montgomery,,2026-04-03,105,closure,,0,0,1,https://www.pa.gov/agencies/dli/programs-services/workforce-development-home/warn-requirements/warn-notices,1a033e36484918173391bffe13c65bc83de90c324054970a9a49db37,b7c73939dce6944b6c48478a6566f4e79e989800,2026-07-16,2026-07-19
PA,"The Giant Company, LLC",the giant,Philadelphia,,2024-12-28,61,closure,,0,0,1,https://www.pa.gov/agencies/dli/programs-services/workforce-development-home/warn-requirements/warn-notices,d6a4c3652ac32fec4ae4fe1a983a74a6a765aeb221a23737c8ad526c,793a7d5e3fd83563fd8f26bfcfe70d76669547fd,2026-07-16,2026-07-19
PA,"The Pep Boys -- Manny, Moe & Jack LLC",the pep boys manny moe jack,Philadelphia,,2024-08-28,8,closure,,0,0,1,https://www.pa.gov/agencies/dli/programs-services/workforce-development-home/warn-requirements/warn-notices,af88c0ff7dc11a815745f7c4f38c9e81e9afb359f908a702d1dbc2af,d96294f15c2b15594750232f723fc607c72af7c8,2026-07-16,2026-07-19
PA,Thomas Jefferson University Hospital,thomas jefferson university hospital,Philadelphia,,2025-03-10,171,mass_layoff,,0,0,1,https://www.pa.gov/agencies/dli/programs-services/workforce-development-home/warn-requirements/warn-notices,288b0adb471266b711cd332aae613db752b0bee399dfc4ee6ad48f58,7cfaf24d25bfafd27db685dabc7d14ed86e01e61,2026-07-16,2026-07-19
PA,Tmunity Therapeutics,tmunity therapeutics,Philadelphia,,2025-01-17,14,closure,,0,0,1,https://www.pa.gov/agencies/dli/programs-services/workforce-development-home/warn-requirements/warn-notices,dca69d0eb0a7bbc745ac20dd8fa742ddd7a6ca5a3b7b5ade4727b0dd,24bb7bb96f3f9e9f84af072508ecd049c17b7e5f,2026-07-16,2026-07-19
PA,"Torrid, LLC",torrid,Philadelphia,,2025-05-19,8,mass_layoff,,0,0,1,https://www.pa.gov/agencies/dli/programs-services/workforce-development-home/warn-requirements/warn-notices,3325ebe30df4229f0fdf4cc2de66afe8bcd2d80df95181169d75420e,2105104a5eb6e6886b936af31a5d7386d7cb1e7f,2026-07-16,2026-07-19
PA,"TransAxle, LLC",transaxle,Butler,,2025-07-15,9,mass_layoff,,0,0,1,https://www.pa.gov/agencies/dli/programs-services/workforce-development-home/warn-requirements/warn-notices,aea03f4c2f8aa5ab2eab1a763bd72539eb6a21d585273b39e52e41e1,7ddd869b91e57362c4247f5cdf348c1133c49094,2026-07-16,2026-07-19
PA,"Transform Warehouse Operations, LLC",transform warehouse operations,Bucks,,2026-09-16,147,closure,,0,0,1,https://www.pa.gov/agencies/dli/programs-services/workforce-development-home/warn-requirements/warn-notices,d8f919708de46a9de703204c9ac65868855b48669601e5b668d8a70d,597f0fda74ea443eb0919949360de42ca621c741,2026-07-26,2026-07-26
PA,"Travel + Leisure Resort Development, Inc.",travel leisure resort development,Monroe,,2025-12-31,124,closure,,0,0,1,https://www.pa.gov/agencies/dli/programs-services/workforce-development-home/warn-requirements/warn-notices,25ac002967b5340080435085d1a2e95ecbd95a83e69089f573fd42af,8796915038f6807e24b9603c4ec592bd6dba9d67,2026-07-16,2026-07-19
PA,Tri-State Envelope,tri state envelope,Schuylkill,,2024-10-27,122,closure,,0,0,1,https://www.pa.gov/agencies/dli/programs-services/workforce-development-home/warn-requirements/warn-notices,e5f6286b0f14b5f3a6b0001b4bfa08992082cef213694ab47e5081d2,ae648f4db601cc303233bedee294f6c9046cf669,2026-07-16,2026-07-19
PA,True Value,true value,Luzerne,,2024-12-14,269,mass_layoff,,0,0,1,https://www.pa.gov/agencies/dli/programs-services/workforce-development-home/warn-requirements/warn-notices,e73734c75b05f5d3d4575bb6b09ea98c1bced142b81098e00c795fc1,04646d689f19ae6db77a4d061127e16792aaae9c,2026-07-16,2026-07-19
PA,Truestone,truestone,Monroe,,2024-08-30,80,mass_layoff,,0,0,1,https://www.pa.gov/agencies/dli/programs-services/workforce-development-home/warn-requirements/warn-notices,dba5b13e2494f7f11b3b4ec784e14649352ac8f0da5c391067728f93,ba7c64db8b10b309831eee46c6ac89e9b1e1dfbb,2026-07-16,2026-07-19
PA,Trujacodi Delivery Express,trujacodi delivery express,Philadelphia,,2025-09-12,42,closure,,0,0,1,https://www.pa.gov/agencies/dli/programs-services/workforce-development-home/warn-requirements/warn-notices,7853f2ca1a054aabe7764b0656a59109550efe60897defa58b3a2f8a,55df24067e797f7692283c1a15b2a036664cf769,2026-07-16,2026-07-19
PA,Tyson Foods,tyson foods,Philadelphia,,2025-01-31,229,closure,,0,0,1,https://www.pa.gov/agencies/dli/programs-services/workforce-development-home/warn-requirements/warn-notices,3cddb0e5bbfb11ef14570da1960d06bfd0570dbd1b95b788cf162a8d,c5df22884731a8c95d1205d397da7f5e9d98808b,2026-07-16,2026-07-19
PA,"Tyson Warehousing Services, LLC",tyson warehousing services,Schuylkill,,2025-08-15,314,mass_layoff,,0,0,1,https://www.pa.gov/agencies/dli/programs-services/workforce-development-home/warn-requirements/warn-notices,2f2d914de6571eab35aca7896ebcf9f37783d7f533254cd0d46d2a91,a7820f9fb487ae3a1bd23d852104fbeeb12c3515,2026-07-16,2026-07-19
PA,"United Natural Foods, Inc.",united natural foods,Dauphin,,2024-06-19,87,closure,,0,0,1,https://www.pa.gov/agencies/dli/programs-services/workforce-development-home/warn-requirements/warn-notices,febc0dc6930c09b70373f36907c033464132f33bd6da658ce4622813,7afd421408af960740f61f0fad3ba10aba5f1dd9,2026-07-16,2026-07-19
PA,"United Parcel Service, Inc. (UPS)",united parcel service inc ups,Westmoreland,,2024-04-15,206,closure,,0,0,1,https://www.pa.gov/agencies/dli/programs-services/workforce-development-home/warn-requirements/warn-notices,b893dd10ad1921e0e9e86ac24dd143d1a8ea6e610a8d70a8c5b508b8,8fc3ab115f2a142f21cc95d03571ddacf8461a67,2026-07-16,2026-07-19
PA,United States Steel Corporation,united states steel,Allegheny,,2024-01-02,105,mass_layoff,,0,0,1,https://www.pa.gov/agencies/dli/programs-services/workforce-development-home/warn-requirements/warn-notices,38c937faa1eeac6bee42780ca8758562c66cd45d38f8b0da5e1f1094,13590c90d9281a54eb48a573b9716bc66fceac13,2026-07-16,2026-07-19
PA,"Universal Protection Service, LLC",universal protection service,Montgomery,,2025-05-19,72,mass_layoff,,0,0,1,https://www.pa.gov/agencies/dli/programs-services/workforce-development-home/warn-requirements/warn-notices,02bad1507e6c9af66db03d9317cfad89ee5934f17032fc4f87e0d1bd,9f8675938d564c71aa1361afd8743dc3207e4b39,2026-07-16,2026-07-19
PA,University of the Arts,university of the arts,Philadelphia,,2024-06-07,704,closure,,0,0,1,https://www.pa.gov/agencies/dli/programs-services/workforce-development-home/warn-requirements/warn-notices,85f414ac92af90263866e73b4c1da830f95490ebb55f5ec8e86ddb98,b2e4d5a94e6cce56f15de3d1ea7577ae5ec7ebb6,2026-07-16,2026-07-19
PA,VF Coporation,vf coporation,Philadelphia,,2025-02-18,12,closure,,0,0,1,https://www.pa.gov/agencies/dli/programs-services/workforce-development-home/warn-requirements/warn-notices,1dec5c93a259f249c0443ab94ec1a1dcabb42b2dccc5584df0f1dfc3,93d2326bdc8bf91df78b8b6d20d9cb1738e4cc8e,2026-07-16,2026-07-19
PA,VF Corporation,vf,Philadelphia,,2025-01-25,17,closure,,0,0,1,https://www.pa.gov/agencies/dli/programs-services/workforce-development-home/warn-requirements/warn-notices,aa9ee8fbbcc620d68e1b72d0ee25b6afce2a573ad8ac236e450e076e,9f5242fb75e029dc859934e11a1f99219706dece,2026-07-16,2026-07-19
PA,"VIMO, Inc.",vimo,Various,,2025-02-19,,mass_layoff,,0,0,1,https://www.pa.gov/agencies/dli/programs-services/workforce-development-home/warn-requirements/warn-notices,ffe2b0b1537796504cb8d5f512f860146b716c4589865d2764825161,c39f23c5ed5d7379803fa23aa80221701e72efec,2026-07-16,2026-07-19
PA,"VSSI Staffing Services, LLC",vssi staffing services,York,,2024-01-03,180,closure,,0,0,1,https://www.pa.gov/agencies/dli/programs-services/workforce-development-home/warn-requirements/warn-notices,1d5466243812255aeb100aaf2cbd8df246faa07d812e99eae5823884,959e8240653a04119c817fbbd0a71b0fe7c60050,2026-07-16,2026-07-19
PA,"Vestis Services, LLC",vestis services,Various,,2026-06-15,5,mass_layoff,,0,0,1,https://www.pa.gov/agencies/dli/programs-services/workforce-development-home/warn-requirements/warn-notices,d19f461a9b9b88026fb9c6828c1d00158b06faa22cd2b03959b36543,b0d3b465ec27dc50db95f1a6d6d70c185f52f8b6,2026-07-16,2026-07-19
PA,"Vifor Pharma, Inc.",vifor pharma,Montgomery,,2025-12-01,55,mass_layoff,,0,0,1,https://www.pa.gov/agencies/dli/programs-services/workforce-development-home/warn-requirements/warn-notices,d2121a4573550aed6f9e6647263f754b77cf08c4a5673454bb638a38,676fdcb9e9479feafb55682a9de835bf1713d8e8,2026-07-16,2026-07-19
PA,Visiting Nurses Association of Greater Philadelphia,visiting nurses association of greater philadelphia,Philadelphia,,2024-10-28,114,closure,,0,0,1,https://www.pa.gov/agencies/dli/programs-services/workforce-development-home/warn-requirements/warn-notices,fcb2ba3bf7201869b481bb8afcb27145be9a0f1cd2fa72e7b08a46ee,eb44a85c6feb5dddff38564857ea8cf26a72d338,2026-07-16,2026-07-19
PA,"Vitro Flay Glass, LLC",vitro flay glass,Cumberland,,2024-01-15,88,mass_layoff,,0,0,1,https://www.pa.gov/agencies/dli/programs-services/workforce-development-home/warn-requirements/warn-notices,e2f8f0dedcd11d0470607f6a3c05554768898337deab2aff35dcdd45,bc4d30561633dd1b3f27e01bd899c0221fd3bccc,2026-07-16,2026-07-19
PA,WABTEC Corporation,wabtec,Allegheny,,2024-02-01,94,closure,,0,0,1,https://www.pa.gov/agencies/dli/programs-services/workforce-development-home/warn-requirements/warn-notices,2f7152b3221ca855a87214173581a5013bb0f9bda15fa3aadfbea1df,c0028ccc8487db4309ab8d46f1d698e8a1938430,2026-07-16,2026-07-19
PA,"WILX Logistics, LLC",wilx logistics,Lancaster,,2026-08-09,70,closure,,0,0,1,https://www.pa.gov/agencies/dli/programs-services/workforce-development-home/warn-requirements/warn-notices,04716507ebd0b9ba294eb72a2c7e955b0303474c1f1899bc4a4cf3d2,fa490d76e7dbd981f362b3d0f53245ec35c7d96f,2026-07-16,2026-07-19
PA,Wal-Mart Distribution Center,wal mart distribution center,Northampton,,2023-06-02,597,mass_layoff,,0,0,1,https://www.pa.gov/agencies/dli/programs-services/workforce-development-home/warn-requirements/warn-notices,6c01e88be3cabe476ef19c39856bad58477600800fbdc6789b24362c,e5cc3920da2284690a2dbfc4e4b77f3d32ee7336,2026-07-16,2026-07-19
PA,"Warwick House, Inc.",warwick house,Bucks,,2023-05-10,58,closure,,0,0,1,https://www.pa.gov/agencies/dli/programs-services/workforce-development-home/warn-requirements/warn-notices,55c6a5650f4fcc57962195496fcbc1fe8597e51734d36bb166f936e6,4ba9dd89356c87b5b68a262801359871498af873,2026-07-16,2026-07-19
PA,Wawa,wawa,Philadelphia,,2025-04-22,,closure,,0,0,1,https://www.pa.gov/agencies/dli/programs-services/workforce-development-home/warn-requirements/warn-notices,e093e04298a39afaacefa96628856266c17f90e824bfc5c948a2dba2,062adf42d64a271cacc7f578e3c8f0a9037691fd,2026-07-16,2026-07-19
PA,"Weaber, Inc.",weaber,Lebanon,,2025-08-26,145,mass_layoff,,0,0,1,https://www.pa.gov/agencies/dli/programs-services/workforce-development-home/warn-requirements/warn-notices,6b5d6d5e28bd5d81818745513f6b554b7b3214b9bf97d1ba2ffb55ca,484d5b0bf6237522b013548221d68decce745c46,2026-07-16,2026-07-19
PA,"Weaber, Inc.",weaber,Crawford,,2025-08-25,46,closure,,0,0,1,https://www.pa.gov/agencies/dli/programs-services/workforce-development-home/warn-requirements/warn-notices,d541c742da9cf3727d34813e483bbebee7a87ba1f314a60672298c04,c9af05b0a1fd2ca1673ac00015bea57132f37c68,2026-07-16,2026-07-19
PA,WestRock,westrock,Luzerne,,2023-10-31,70,closure,,0,0,1,https://www.pa.gov/agencies/dli/programs-services/workforce-development-home/warn-requirements/warn-notices,bcb7449d8aca81dbb6ce119aa28ed01c047108742949cbf0536b91b2,a8915b00ff75fcbf1a28be3eda02bfd1a581a257,2026-07-16,2026-07-19
PA,White Deer Run Allenwood,white deer run allenwood,Union,,2026-04-05,31,mass_layoff,,0,0,1,https://www.pa.gov/agencies/dli/programs-services/workforce-development-home/warn-requirements/warn-notices,6812e22ce7fa9ee69e7fbed6ea5704df77489e67cca9e347ecf56dcd,a6c3b76f6edbc8f3f42f4166d7d4df71d37f4fc0,2026-07-16,2026-07-19
PA,"Wilson Creek Energy, LLC",wilson creek energy,"Somerset County, PA; Garrett County, MD",,2025-03-28,332,closure,,0,0,1,https://www.pa.gov/agencies/dli/programs-services/workforce-development-home/warn-requirements/warn-notices,20996ac8488c30d370142ba0d9bc25472af54c867cf54656e65ebca7,47bb0926d72f91f91afe01c58dd3b8e7871a4b93,2026-07-16,2026-07-19
PA,"pladis North America, Inc.",pladis north america,Berks,,2025-05-29,55,closure,,0,0,1,https://www.pa.gov/agencies/dli/programs-services/workforce-development-home/warn-requirements/warn-notices,a3b6db894c43d8fcb3f6775f9c99d0e1ede66dc80a581de710835952,661b6ada34838a1d036b9bf6b006b5471ea1ec21,2026-07-16,2026-07-19
