state,employer_name,normalized_name,canonical_name,canonical_basis,industry,naics,naics_basis,naics_level,cik,ticker,cik_match,sic,sic_description,ein,ntee,lei,wikidata_qid,wikidata_match,parent_company,parent_cik,identity_source,employer_key,place_name,place_fips,county_name,county_fips,latitude,longitude,geo_basis,location,site_address,notice_date,notice_date_precision,notice_date_basis,effective_date,effective_date_precision,effective_date_basis,effective_date_end,effective_date_end_precision,effective_date_end_basis,source_identity,source_details,employees_affected,layoff_type,is_temporary,is_amendment,is_amended,current_version,source_url,source_notice_id,dedupe_key,first_seen,last_seen
RI,"Colibri Group, Inc.",colibri group,"Colibri Group, Inc.",filed,,,,,1398331,,exact,,,,,,,,,,automatic,cik:1398331,East Providence city,4422960,Providence County,44007,41.800433,-71.359258,place+county,East Providence and Providence,,2009-03-04,,,2009-01-15,,,,,,,,270,closure,,0,0,1,https://dlt.ri.gov/employers/worker-adjustment-and-retraining-notification-warn,8d5414147c52113728995dda8177a5c4e37d907849b221758cf8d54a,5865879bce3e0d1a81636d2d685dd9bab47fb0d2,2026-09-24,
RI,Bank of America,bank of america,Bank of America,wikidata,,522,sec-sic,enterprise,70858,BAC,exact,6021,National Commercial Banks,,,,Q487907,cik,,,automatic,qid:Q487907,,,Providence County,44007,41.869768,-71.578625,subdivision,Lincoln,,2009-03-05,,,2009-01-08,,,,,,,,121,unknown,,0,0,1,https://dlt.ri.gov/employers/worker-adjustment-and-retraining-notification-warn,b9f41afdc4fc186504e3eefb385d6734bcf0af419aad32b49ef82958,ea72c32051eba02f91be387650d97c55ce88736d,2026-09-24,
RI,Leviton Mfg,leviton mfg,Leviton Mfg,filed,,,,,,,,,,,,,,,,,,n:leviton mfg,Warwick city,4474300,Kent County,44003,41.703085,-71.42031,place,Warwick,,2009-03-09,,,2009-05-10,,,,,,,,119,closure,,0,0,1,https://dlt.ri.gov/employers/worker-adjustment-and-retraining-notification-warn,cfabb35a99ab5d3389cd726e700171dd782faa76d1f571332c458930,8d08fa56a77dad6c5ed5597d3e83fa66ef46b903,2026-09-24,
RI,APC by Schneider Electric,apc by schneider electric,APC by Schneider Electric,filed,,,,,,,,,,,,,,,,,,n:apc by schneider electric,,,Kent County,44003,41.675118,-71.580282,subdivision,West Warwick,,2009-03-11,,,2009-05-02,,,,,,,,54,closure,,0,0,1,https://dlt.ri.gov/employers/worker-adjustment-and-retraining-notification-warn,b10600476aa8e8d29ea46ddf31ae58914233753f08829cc5b38e6763,4a7459839e66f4fe792a160949f90d7481789ead,2026-09-24,
RI,Victoria & Company,victoria,Victoria & Company,filed,,,,,,,,,,,,,,,,,,n:victoria,East Providence city,4422960,Providence County,44007,41.800433,-71.359258,place,East Providence,,2009-04-15,,,2009-05-08,,,,,,,,71,unknown,,0,0,1,https://dlt.ri.gov/employers/worker-adjustment-and-retraining-notification-warn,e467300e2828b94fe6879f26df79db95a065e704d3f4751ce7fd9fc3,1777d7f91adc4ca68853f5a7c2f246b747181f2c,2026-09-24,
RI,Honeywell,honeywell,Honeywell,wikidata,,,,,773840,HON,listed-extension,3724,Aircraft Engines & Engine Parts,,,,Q898208,cik,,,automatic,qid:Q898208,Pawtucket city,4454640,Providence County,44007,41.874824,-71.373323,place,Pawtucket,,2009-04-28,,,2009-05-10,,,,,,,,29,closure,,0,0,1,https://dlt.ri.gov/employers/worker-adjustment-and-retraining-notification-warn,04435fe3b0c8909d6cd490af14d23ec3625385e83bbffbb0461c0996,75c19d71cbd251a9d0c851b3d1526d55e8d69996,2026-09-24,
RI,First Student,first student,First Student,wikidata,,,,,,,,,,,,,Q5453853,label,,,automatic,qid:Q5453853,,,Providence County,44007,41.869768,-71.578625,subdivision,Burrillville,,2009-06-16,,,2009-06-30,,,,,,,,55,closure,,0,0,1,https://dlt.ri.gov/employers/worker-adjustment-and-retraining-notification-warn,7265ff90d997bb5183ad74b4546f23fb436c6265770f9bba25965858,3d9e443387c233a657cdb7e64cea92f127046b38,2026-09-24,
RI,Providence Public Library,providence public library,PROVIDENCE PUBLIC LIBRARY,irs,,61,ntee,enterprise,,,,,,050262713,B700,,,,,,automatic,ein:050262713,Providence city,4459000,Providence County,44007,41.823056,-71.418784,place,Providence,,2009-07-01,,,2009-06-30,,,,,,,,171,unknown,,0,0,1,https://dlt.ri.gov/employers/worker-adjustment-and-retraining-notification-warn,436c8eaef6ef858f22611168651012f768e14324f27d2f3c803426c5,1673b82ae0760b89406b5a58db260a0f2c49f709,2026-09-24,
RI,A.T. Cross,a t cross,A.T. Cross,filed,,,,,,,,,,,,,,,,,,n:a t cross,,,Providence County,44007,41.869768,-71.578625,subdivision,Lincoln,,2009-07-13,,,2009-03-23,,,,,,,,14,unknown,,0,0,1,https://dlt.ri.gov/employers/worker-adjustment-and-retraining-notification-warn,e9162a8ae30951667c3cbd063af596e1721b5ce12dd3c08cd940219b,1af05841674838326c61b4ab419285634cf5c298,2026-09-24,
RI,HGA Quest,hga quest,HGA Quest,filed,,,,,,,,,,,,,,,,,,n:hga quest,,,,,,,,Nationwide - RI,,2009-07-13,,,2009-08-16,,,,,,,,10,unknown,,0,0,1,https://dlt.ri.gov/employers/worker-adjustment-and-retraining-notification-warn,a79d6060652e5b009d39d240b59f3f4a030ccca5e5b9be7dc214a349,3d96ea0cde45979b12e602defd7979d06e131df5,2026-09-24,
RI,Victoria & Company,victoria,Victoria & Company,filed,,,,,,,,,,,,,,,,,,n:victoria,East Providence city,4422960,Providence County,44007,41.800433,-71.359258,place,East Providence,,2009-08-21,,,2009-07-07,,,,,,,,26,closure,,0,0,1,https://dlt.ri.gov/employers/worker-adjustment-and-retraining-notification-warn,1e47add245f5f12f899e3e6a9bc5d3f72a8dead5612e9d7d534a45ef,4fff9fd69766c61eb271bb41212673b21b3baa69,2026-09-24,
RI,Portola,portola,Portola,filed,,,,,1291138,,exact,,,,,,,,,,automatic,cik:1291138,Woonsocket city,4480780,Providence County,44007,42.001708,-71.499947,place,Woonsocket,,2009-10-05,,,2009-03-23,,,,,,,,130,closure,,0,0,1,https://dlt.ri.gov/employers/worker-adjustment-and-retraining-notification-warn,7d727a96326d9adc97e3166d18488e1db50db7df26d89032cd3b1d83,5d504583e2c85c9b1cd551f385f9d7ed44dbce8f,2026-09-24,
RI,A.T. Cross,a t cross,A.T. Cross,filed,,,,,,,,,,,,,,,,,,n:a t cross,,,Providence County,44007,41.869768,-71.578625,subdivision,Lincoln,,2009-10-08,,,2009-03-23,,,,,,,,16,unknown,,0,0,1,https://dlt.ri.gov/employers/worker-adjustment-and-retraining-notification-warn,dd3882d9626e7c0c714d00960fd5dbbd4d6f4400422254d85a5ca48f,5e44803818fdf67fe23548b1b6984e50e2088a9f,2026-09-24,
RI,A.T. Cross,a t cross,A.T. Cross,filed,,,,,,,,,,,,,,,,,,n:a t cross,,,Providence County,44007,41.869768,-71.578625,subdivision,Lincoln,,2009-11-20,,,2009-12-01,,,,,,,,63,unknown,,0,0,1,https://dlt.ri.gov/employers/worker-adjustment-and-retraining-notification-warn,6edfb734d8eb43927be25738d8ea138be7fa55570d2966974e669f5a,67fc142024603555957b600b3714e1ff08eee2b0,2026-09-24,
RI,Aramark,aramark,ARAMARK,gleif,,,,,,,,,,,,549300MR6PG2DWZUIL39,,,,,automatic,lei:549300MR6PG2DWZUIL39,Providence city,4459000,Providence County,44007,41.823056,-71.418784,place,Providence,,2009-11-20,,,2009-11-30,,,,,,,,60,unknown,,0,0,1,https://dlt.ri.gov/employers/worker-adjustment-and-retraining-notification-warn,c66beaf63fe90af9eda58d0325084e023c1ac4641933746433607275,56a29723af2ef0f2457207ec466c039eb4609338,2026-09-24,
RI,Liz Clayborne,liz clayborne,Liz Clayborne,filed,,,,,,,,,,,,,,,,,,n:liz clayborne,,,Providence County,44007,41.869768,-71.578625,subdivision,Lincoln,,2009-12-31,,,2010-04-19,,,,,,,"{""dates"": [{""date"": ""2010-04-19"", ""role"": ""effective_component"", ""source_field"": ""Effective Date"", ""source_text"": ""4/19/10""}, {""date"": ""2010-04-30"", ""role"": ""effective_component"", ""source_field"": ""Effective Date"", ""source_text"": ""4/30/10""}], ""effective_date_interpretation"": ""list_or_phases""}",103,closure,,0,0,1,https://dlt.ri.gov/employers/worker-adjustment-and-retraining-notification-warn,a41ee6b3be6c0934ca066db55dd640a3bbd437f87c823eb45f41b370,c5968f2faf0e05997d06922f41fbae5983220f07,2026-09-24,
RI,Leviton Mfg,leviton mfg,Leviton Mfg,filed,,,,,,,,,,,,,,,,,,n:leviton mfg,Warwick city,4474300,Kent County,44003,41.703085,-71.42031,place,Warwick,,2010-02-05,,,2010-01-20,,,,,,,"{""dates"": [{""date"": ""2010-01-20"", ""role"": ""effective_component"", ""source_field"": ""Effective Date"", ""source_text"": ""1/20/10""}, {""date"": ""2010-02-19"", ""role"": ""effective_component"", ""source_field"": ""Effective Date"", ""source_text"": ""2/19/10""}], ""effective_date_interpretation"": ""list_or_phases""}",66,closure,,0,0,1,https://dlt.ri.gov/employers/worker-adjustment-and-retraining-notification-warn,7a3a84fd0e134c484840387df34ddd147e25490419d19a019002a205,8af77458555a3aa535d8880bc531ef505d5bf633,2026-09-24,
RI,The Ski Market,ski market,The Ski Market,filed,,,,,,,,,,,,,,,,,,n:ski market,Warwick city,4474300,Kent County,44003,41.703085,-71.42031,place,Warwick,,2010-08-02,,,2010-02-01,,,,,,,,8,closure,,0,0,1,https://dlt.ri.gov/employers/worker-adjustment-and-retraining-notification-warn,c504baf4d1498d563fd52558875781b36b8f26c82e9ffb7978e3a240,d1d96e4a1a5324a8c65ce2cc4bd6f8d2cf4bc712,2026-09-24,
RI,Stanley Works Nail Dept.,stanley works nail dept,Stanley Works Nail Dept.,filed,,,,,,,,,,,,,,,,,,n:stanley works nail dept,,,Kent County,44003,41.675118,-71.580282,subdivision,East Greenwich,,2010-08-20,,,2010-02-08,,,,,,,,165,unknown,,0,0,1,https://dlt.ri.gov/employers/worker-adjustment-and-retraining-notification-warn,8b15f4cd889f1a18d507461584a2053c41266e5da9e24fbd8ad8c1b1,05af0591bbab71c0fa832331046874fe0dd5513a,2026-09-24,
RI,Stanley Works Nail Dept.,stanley works nail dept,Stanley Works Nail Dept.,filed,,,,,,,,,,,,,,,,,,n:stanley works nail dept,,,Kent County,44003,41.675118,-71.580282,subdivision,East Greenwich,,2011-01-22,,,2010-10-01,,,,,,,"{""dates"": [{""date"": ""2010-10-01"", ""role"": ""effective_component"", ""source_field"": ""Effective Date"", ""source_text"": ""10/1/2010""}, {""date"": ""2010-10-15"", ""role"": ""effective_component"", ""source_field"": ""Effective Date"", ""source_text"": ""10/15/2010""}, {""date"": ""2010-10-29"", ""role"": ""effective_component"", ""source_field"": ""Effective Date"", ""source_text"": ""10/29/2010""}, {""date"": ""2010-11-12"", ""role"": ""effective_component"", ""source_field"": ""Effective Date"", ""source_text"": ""11/12/2010""}, {""date"": ""2010-12-03"", ""role"": ""effective_component"", ""source_field"": ""Effective Date"", ""source_text"": ""12/3/2010""}, {""date"": ""2010-12-17"", ""role"": ""effective_component"", ""source_field"": ""Effective Date"", ""source_text"": ""12/17/2010""}], ""effective_date_interpretation"": ""list_or_phases""}",26,unknown,,0,0,1,https://dlt.ri.gov/employers/worker-adjustment-and-retraining-notification-warn,c17b13f2dd1d81f307185b2a0d1a2c45a12c6f7b16feabd5eba45d5f,79d07b553896917573008037dd44f4fd7dd3a956,2026-09-24,
RI,Bank of America,bank of america,Bank of America,wikidata,,522,sec-sic,enterprise,70858,BAC,exact,6021,National Commercial Banks,,,,Q487907,cik,,,automatic,qid:Q487907,,,Providence County,44007,41.869768,-71.578625,subdivision,Lincoln,,2011-02-15,,,2010-10-01,,,,,,,,89,unknown,,0,0,1,https://dlt.ri.gov/employers/worker-adjustment-and-retraining-notification-warn,e8b04b0cec3cd587bb5ba4442bbd77a45336f967984fd6b879a4d448,489b0ff22be7e54aa21a9f53e2333ddb45c72227,2026-09-24,
RI,"Wal-Mart Stores, Inc. /Sam’s Club",wal mart stores inc sam s club,"Wal-Mart Stores, Inc. /Sam’s Club",filed,,,,,,,,,,,,,,,,,,n:wal mart stores inc sam s club,Warwick city,4474300,Kent County,44003,41.703085,-71.42031,place,Warwick,,2011-04-01,,,2011-02-18,,,,,,,,122,unknown,,0,0,1,https://dlt.ri.gov/employers/worker-adjustment-and-retraining-notification-warn,84ca4ff28a096bf4e4dd351b07597228404a64cec4fb66774dbcf116,0eb9ca1b98fae0eceaecfae6394fe5178ac71dc3,2026-09-24,
RI,Stanley Black & Decker,stanley black decker,Stanley Black & Decker,wikidata,,,,,93556,SWK,exact,3420,"Cutlery, Handtools & General Hardware",,,,Q706094,cik,,,automatic,qid:Q706094,,,Kent County,44003,41.675118,-71.580282,subdivision,East Greenwich,,2011-05-25,,,2011-04-11,,,,,,,,5,unknown,,0,0,1,https://dlt.ri.gov/employers/worker-adjustment-and-retraining-notification-warn,e4ca23f071a96e8a699cd9fa79c15c36f877ba27c79586254fe220d0,fab61d33dfb109d50bdf2e6729ca58d7c03bdaf5,2026-09-24,
RI,Flextronics Americas LLC,flextronics americas,Flextronics Americas LLC,filed,,517210,employer,,1578894,,fuzzy:0.99,,,,,,,,,,automatic,cik:1578894,Warwick city,4474300,Providence County,44007,41.703085,-71.42031,place+county,"North Kingstown, Providence, Smithfield and Warwick",,2011-07-28,,,,,,,,,,,21,closure,,0,0,1,https://dlt.ri.gov/employers/worker-adjustment-and-retraining-notification-warn,09e66deab0fbf0117d640af3a747d0030df05cd296169b405a5cba41,3134febc64d2d32285bf8a1a3dd5def89b672061,2026-09-24,
RI,Bank of New York Mellon (BNY Mellon),bank of new york mellon bny mellon,The Bank of New York Mellon,wikidata,,522,sec-sic,enterprise,1390777,BNY,exact:listed:base,6022,State Commercial Banks,,,,Q589288,cik,,,automatic,qid:Q589288,Pawtucket city,4454640,Providence County,44007,41.874824,-71.373323,place,Pawtucket,,2011-07-29,,,2011-06-06,,,2011-10-30,,,,"{""dates"": [{""date"": ""2011-06-06"", ""role"": ""effective_component"", ""source_field"": ""Effective Date"", ""source_text"": ""6/6/11""}, {""date"": ""2011-10-30"", ""role"": ""effective_component"", ""source_field"": ""Effective Date"", ""source_text"": ""10/30/11""}], ""effective_date_interpretation"": ""interval""}",98,closure,,0,0,1,https://dlt.ri.gov/employers/worker-adjustment-and-retraining-notification-warn,6f8a4122c192c2e0b505239020506cd5dc30d6a495e8035c7e845a7c,de547b386f052095595fa9546f0f4a76146100c5,2026-09-24,
RI,BNY Mellon,bny mellon,BNY Mellon,filed,,,,,,,,,,,,,,,,,,n:bny mellon,Pawtucket city,4454640,Providence County,44007,41.874824,-71.373323,place,Pawtucket,,2011-08-30,,,2011-10-28,,,,,,,"{""dates"": [{""date"": ""2011-10-28"", ""role"": ""effective_component"", ""source_field"": ""Effective Date"", ""source_text"": ""10/28/2011""}, {""date"": ""2011-11-10"", ""role"": ""effective_component"", ""source_field"": ""Effective Date"", ""source_text"": ""11/10/2011""}], ""effective_date_interpretation"": ""list_or_phases""}",98,closure,,0,0,1,https://dlt.ri.gov/employers/worker-adjustment-and-retraining-notification-warn,d1d15739c03b07fb6d3e6297a057582b4acfc81e9a70b1e797a7fc6d,6ca1c81910aaf68d46140ef3e09455b5844aa5c7,2026-09-24,
RI,Lockheed Martin Corp - Global Training & Logistics,lockheed martin corp global training logistics,Lockheed Martin,wikidata,,,,,936468,LMT,exact:base,3760,Guided Missiles & Space Vehicles & Parts,,,,Q7240,cik,,,automatic,qid:Q7240,Newport city,4449960,Newport County,44005,41.476681,-71.319627,place,Newport,,2011-10-17,,,2011-09-30,,,,,,,,9,closure,,0,0,1,https://dlt.ri.gov/employers/worker-adjustment-and-retraining-notification-warn,f8ae8415a9b68ed76bf45e714705ab0b121a5f28ea5f25e33579771c,fecc64c5c3361280702b8b9254ccba1a46e7c0dd,2026-09-24,
RI,WSI,wsi,WSI,filed,,,,,,,,,,,,,,,,,,n:wsi,Newport city,4449960,Newport County,44005,41.476681,-71.319627,place,Newport,,2012-01-30,,,2011-10-30,,,,,,,,16,closure,,0,0,1,https://dlt.ri.gov/employers/worker-adjustment-and-retraining-notification-warn,f2967e3fc5fb57fbbd91f66195230d0e8522b2028c00eb677b6fdfed,c1dc50a3837657dd2319eaf519bde14090c2b2b8,2026-09-24,
RI,Lowe?s Home Center,lowe s home center,Lowe?s Home Center,filed,,,,,,,,,,,,,,,,,,n:lowe s home center,,,Washington County,44009,41.396792,-71.620282,subdivision,North Kingstown,,2012-04-12,,,2011-10-17,,,,,,,,110,closure,,0,0,1,https://dlt.ri.gov/employers/worker-adjustment-and-retraining-notification-warn,e2d539ef0d236d365ba5609094fec6a0831090b1b7c0aaf511df0023,66b7215aaaf7b6beccc4b5f319555f8938f0ddd0,2026-09-24,
RI,"John Crane, Inc.",john crane,John Crane Inc.,wikidata,,,,,,,,,,,,,Q6227504,label,,,automatic,qid:Q6227504,Cranston city,4419180,Providence County,44007,41.769734,-71.485049,place,Cranston,,2012-06-27,,,2012-04-01,,,,,,,,70,closure,,0,0,1,https://dlt.ri.gov/employers/worker-adjustment-and-retraining-notification-warn,5d898e725fa59a6a7db7bc694c91286dee2f2c0ce88b24c5923f7af7,5a23c00d27717b02335d55f5c2d0bee246728937,2026-09-24,
RI,Pawtuxet Village Care & Rehabilitation Center,pawtuxet village care rehabilitation center,Pawtuxet Village Care & Rehabilitation Center,filed,,,,,,,,,,,,,,,,,,n:pawtuxet village care rehabilitation center,Cranston city,4419180,Providence County,44007,41.769734,-71.485049,place,Cranston,,2013-01-11,,,2012-06-11,,,,,,,,150,closure,,0,0,1,https://dlt.ri.gov/employers/worker-adjustment-and-retraining-notification-warn,dff1a8ed7ba679d97348157fb9fd0ce3a10a1e29fa8807b860b8f576,1932b0371611fcc9dabc2e71a2d23f825964ec52,2026-09-24,
RI,Portola Tech International Inc.,portola tech international,Portola Tech International Inc.,filed,,,,,,,,,,,,,,,,,,n:portola tech international,,,Providence County,44007,41.869768,-71.578625,subdivision,Cumberland,,2013-05-22,,,2012-08-27,,,,,,,,51,closure,,0,0,1,https://dlt.ri.gov/employers/worker-adjustment-and-retraining-notification-warn,04ff7e30334ff30c32325b245ca5e13aa5848c7c2dab3fe4f6007c6a,504e9581589d8f37d6d8abf04da3dd8f3811ffdb,2026-09-24,
RI,American Suzuki Motor Corporation,american suzuki motor,American Suzuki Motor Corporation,filed,,423110,employer,,,,,,,,,,,,,,,n:american suzuki motor,,,Washington County,44009,41.396792,-71.620282,county,Washington County,,2013-05-31,,,2013-03-14,,,,,,,,,closure,,0,0,1,https://dlt.ri.gov/employers/worker-adjustment-and-retraining-notification-warn,83ca9710d6d401dc4958dbb7d3fd9c3c1099a590ee122712709a2335,f8052c5b2619c69f1c19985736ac5bb391f43a93,2026-09-24,
RI,Sodexho Inc,sodexho,Sodexho Inc,filed,,,,,,,,,,,,,,,,,,n:sodexho,Warwick city,4474300,Kent County,44003,41.703085,-71.42031,place,Warwick,,2013-08-09,,,2013-07-30,,,,,,,,62,closure,,0,0,1,https://dlt.ri.gov/employers/worker-adjustment-and-retraining-notification-warn,f9622bc85fca89273621d798228eecfcafad96dfb3df18313c1deec4,0542cd623380ada4b619f42dfb17770811418e12,2026-09-24,
RI,Essential Salon Products Inc.,essential salon products,Essential Salon Products Inc.,filed,,,,,,,,,,,,,,,,,,n:essential salon products,Cranston city,4419180,Providence County,44007,41.769734,-71.485049,place,Cranston,,2013-09-30,,,2013-05-31,,,,,,,,3,closure,,0,0,1,https://dlt.ri.gov/employers/worker-adjustment-and-retraining-notification-warn,c191c17c2c26ad68252148422d104e2a1c0f25b559519f6b546ad496,fddbac492ffed2408e4f93f28eb5f8b25976cfc2,2026-09-24,
RI,"Landauef Metropolitan, Inc.",landauef metropolitan,"Landauef Metropolitan, Inc.",filed,,,,,,,,,,,,,,,,,,n:landauef metropolitan,Warwick city,4474300,Kent County,44003,41.703085,-71.42031,place,Warwick,,2013-11-15,,,2013-10-08,,,,,,,,66,unknown,,0,0,1,https://dlt.ri.gov/employers/worker-adjustment-and-retraining-notification-warn,da97a873f3b91e57df29584a0598e8fa1939a8d61a10574909ac2d0e,84e554245fb91e39fdc4776b87f9f8e780df3965,2026-09-24,
RI,Dessert Services Inc.,dessert services,Dessert Services Inc.,filed,,,,,,,,,,,,,,,,,,n:dessert services,Warwick city,4474300,Kent County,44003,41.703085,-71.42031,place,Warwick,,2014-03-26,,,2013-11-30,,,,,,,,1,closure,,0,0,1,https://dlt.ri.gov/employers/worker-adjustment-and-retraining-notification-warn,e544809646faa19d111c614e126c6372662b92606018fb1fca9f45f7,236d19282a3bdf705ff18d987a349ab73093e2b6,2026-09-24,
RI,Money Management International,money management international,Money Management International,filed,,,,,,,,,,,,,,,,,,n:money management international,,,Providence County,44007,41.869768,-71.578625,subdivision,Lincoln,,2014-06-30,,,2014-01-15,,,,,,,,49,closure,,0,0,1,https://dlt.ri.gov/employers/worker-adjustment-and-retraining-notification-warn,76760adeb7aa44db6a1ce8b25ea887b53280d6e447db416ef7e723be,2b853f4e1fbe91bc023471dbf64d27e450b5b327,2026-09-24,
RI,Sodexo,sodexo,Sodexo,filed,,,,,1169715,,exact,8741,Services-Management Services,,,,,,,,automatic,cik:1169715,,,Providence County,44007,41.869768,-71.578625,subdivision,Smithfield,,2014-07-30,,,2014-05-15,,,,,,,,115,closure,,0,0,1,https://dlt.ri.gov/employers/worker-adjustment-and-retraining-notification-warn,0458560e31069183913f50e56c8c381b50a32ecf2bfd31e3fd8378fb,8e5ced1434c50615157643cc4470f2ee4ad7a158,2026-09-24,
RI,Cox Communications,cox communications,"COX COMMUNICATIONS, INC.",gleif,,51,employer,,,,,,,,,5493001NEDZNIFRP2R92,Q5179879,label,,,automatic,lei:5493001NEDZNIFRP2R92,,,Kent County,44003,41.675118,-71.580282,subdivision,West Warwick,,2015-02-27,,,2014-08-31,,,,,,,,142,unknown,,0,0,1,https://dlt.ri.gov/employers/worker-adjustment-and-retraining-notification-warn,2d95dd60e966c5fc8bbd862883fc8afe0fe87e359c9bedf805143343,e58fbf154d6cfe0af5f24115fc605563d8465465,2026-09-24,
RI,IntegraMed Inc.,integramed,IntegraMed Inc.,filed,,,,,,,,,,,,,,,,,,n:integramed,,,Providence County,44007,41.869768,-71.578625,county,Providence and Middletown,,2015-03-06,,,2014-09-30,,,,,,,,5,unknown,,0,0,1,https://dlt.ri.gov/employers/worker-adjustment-and-retraining-notification-warn,4bd26c0179ea1bc84e3d0a183fd76ac52c5c1006b75d3a13d5aa580f,cc031dd8fa9c4b7b23402923b6449a76370e7b38,2026-09-24,
RI,Honeywell,honeywell,Honeywell,wikidata,,,,,773840,HON,listed-extension,3724,Aircraft Engines & Engine Parts,,,,Q898208,cik,,,automatic,qid:Q898208,Cranston city,4419180,Providence County,44007,41.769734,-71.485049,place,Cranston,,2015-06-23,,,2015-06-01,,,,,,,,290,unknown,,0,0,1,https://dlt.ri.gov/employers/worker-adjustment-and-retraining-notification-warn,66bbb4c6ba03d8a2830fc8845cdb486d1eb11d0468741804c6ae7626,782d903e24fce233eeb7b7c86c66ec6611075d6e,2026-09-24,
RI,"United Airlines, Inc.'s Airport Operations Division",united airlines inc s airport operations division,"United Airlines, Inc.'s Airport Operations Division",filed,,,,,,,,,,,,,,,,,,n:united airlines inc s airport operations division,Warwick city,4474300,Kent County,44003,41.703085,-71.42031,place,Warwick,,2015-11-10,,,2015-05-17,,,,,,,,57,closure,,0,0,1,https://dlt.ri.gov/employers/worker-adjustment-and-retraining-notification-warn,fd594b39e78dc51bdbafcd47356af72437b4cd7b2b92a48caa710bc9,0546f5479a3fea5555073920d02080bd51eda5e2,2026-09-24,
RI,"Teespring, Inc.",teespring,"Teespring, Inc.",filed,,,,,,,,,,,,,,,,,,n:teespring,Providence city,4459000,Providence County,44007,41.823056,-71.418784,place,Providence,,2015-11-18,,,2015-08-24,,,,,,,,70,unknown,,0,0,1,https://dlt.ri.gov/employers/worker-adjustment-and-retraining-notification-warn,76063ba8611c38fbe01f1cacf9d05f9cdff0c1dbf12d4c8dcd98ede8,ded5f541e31dbe5234d192cada9e7b34816fedb5,2026-09-24,
RI,"Fresenius Management Services, Inc.",fresenius management services,"Fresenius Management Services, Inc.",filed,,,,,,,,,,,,,,,,,,n:fresenius management services,East Providence city,4422960,Providence County,44007,41.800433,-71.359258,place,East Providence,,2016-01-15,,,2016-01-11,,,2016-03-31,,,,"{""dates"": [{""date"": ""2016-01-11"", ""role"": ""effective_component"", ""source_field"": ""Effective Date"", ""source_text"": ""1/11/16""}, {""date"": ""2016-03-31"", ""role"": ""effective_component"", ""source_field"": ""Effective Date"", ""source_text"": ""3/31/16""}], ""effective_date_interpretation"": ""interval""}",,closure,,0,0,1,https://dlt.ri.gov/employers/worker-adjustment-and-retraining-notification-warn,f6472d3eef6bf45dbf732d1110302e5ad488d394814664f0aeaf5618,162a243b8e0393eb51fb8942fe9290d42ff5017a,2026-09-24,
RI,Blue Cross Blue Shield of RI,blue cross blue shield of ri,Blue Cross Blue Shield of RI,filed,,,,,,,,,,,,,,,,,,n:blue cross blue shield of ri,Providence city,4459000,Providence County,44007,41.823056,-71.418784,place,Providence,,2016-02-01,,,2016-01-04,,,,,,,,241,unknown,,0,0,1,https://dlt.ri.gov/employers/worker-adjustment-and-retraining-notification-warn,259c8d5ad85889877954fda4572362909b164c4e825542420c6ad085,a8bbfca38aad799f4188c9776923ff1d95e73189,2026-09-24,
RI,Sam's Club,sam s club,Sam's Club,wikidata,,,,,,,,,,,,,Q1972120,label,,,automatic,qid:Q1972120,Warwick city,4474300,Kent County,44003,41.703085,-71.42031,place,Warwick,,2016-04-08,,,2016-02-05,,,,,,,,131,closure,,0,0,1,https://dlt.ri.gov/employers/worker-adjustment-and-retraining-notification-warn,17807aa84e4e8459f57bc5eea67734ad3ee4d83edbffe2799cea9db7,cc6c774149665bec94f527a0769728872806b8e1,2026-09-24,
RI,Optum,optum,Optum,filed,,,,,,,,,,,,,,,,,,n:optum,Providence city,4459000,Providence County,44007,41.823056,-71.418784,place,Providence,,2016-05-04,,,2016-04-01,,,,,,,"{""dates"": [{""date"": ""2016-04-01"", ""role"": ""effective_component"", ""source_field"": ""Effective Date"", ""source_text"": ""4/01/16""}, {""date"": ""2016-04-07"", ""role"": ""effective_component"", ""source_field"": ""Effective Date"", ""source_text"": ""4/07/16""}], ""effective_date_interpretation"": ""list_or_phases""}",60,closure,,0,0,1,https://dlt.ri.gov/employers/worker-adjustment-and-retraining-notification-warn,5cc01426d9509fe3365aa4c57c98e333b3fc9f8aefb5920e32d850ed,a28f4f686b6425a8f3205b20c29b790557dd2525,2026-09-24,
RI,Aramark,aramark,Aramark,wikidata,,,,,1584509,ARMK,exact:listed,5812,Retail-Eating  Places,,,,Q625708,cik,,,automatic,qid:Q625708,,,Providence County,44007,41.869768,-71.578625,subdivision,Smithfield,,2016-05-05,,,2016-06-07,,,,,,,,154,unknown,,0,0,1,https://dlt.ri.gov/employers/worker-adjustment-and-retraining-notification-warn,39bfd27d94c41305d0de8bab44a2952b26e8638e353b99fba620ef00,d556a959d9b105e756ee2a412887847f98748a23,2026-09-24,
RI,First Student,first student,First Student,wikidata,,,,,,,,,,,,,Q5453853,label,,,automatic,qid:Q5453853,,,,,,,,North Scituate,,2017-09-08,,,2016-06-30,,,,,,,,20,closure,,0,0,1,https://dlt.ri.gov/employers/worker-adjustment-and-retraining-notification-warn,3f8bd6d9d25fb4a77ae50e787f705920556f8d59bda6e3e5c17bc64f,017cea92ced68fad555c23980fe64dc7eceeea69,2026-09-24,
RI,Homemade Real Foods,homemade real foods,Homemade Real Foods,filed,,,,,,,,,,,,,,,,,,n:homemade real foods,,,Providence County,44007,41.869768,-71.578625,subdivision,Cumberland,,2017-11-03,,,2016-05-02,,,,,,,,187,closure,,0,0,1,https://dlt.ri.gov/employers/worker-adjustment-and-retraining-notification-warn,c1890382cac36ffedd770cf1590ad017479965b1dc49cebe45b94a92,2553ef47a90a66562a8c22187ccee1fd5590caf6,2026-09-24,
RI,Benny's,benny s,Benny's,filed,,,,,,,,,,,,,,,,,,n:benny s,,,Providence County,44007,41.869768,-71.578625,subdivision,Smithfield,,2018-06-01,,,2017-11-30,,,,,,,"{""dates"": [{""date"": ""2017-11-30"", ""role"": ""effective_component"", ""source_field"": ""Effective Date"", ""source_text"": ""11/30/2017""}, {""date"": ""2017-12-10"", ""role"": ""effective_component"", ""source_field"": ""Effective Date"", ""source_text"": ""12/10/2017""}, {""date"": ""2017-12-31"", ""role"": ""effective_component"", ""source_field"": ""Effective Date"", ""source_text"": ""12/31/2017""}], ""effective_date_interpretation"": ""list_or_phases""}",171,closure,,0,0,1,https://dlt.ri.gov/employers/worker-adjustment-and-retraining-notification-warn,059794d70c9c45576bdbf5ea15ca1e0a961d576edb2acd592af14305,d7f55f8245cd1f99a3e61caa48cb39daef7583e7,2026-09-24,
RI,Memorial Hospital of Rhode Island,memorial hospital of rhode island,Memorial Hospital of Rhode Island,wikidata,,,,,,,,,,,,,Q6815467,label,,,automatic,qid:Q6815467,Pawtucket city,4454640,Providence County,44007,41.874824,-71.373323,place,Pawtucket,,2018-06-22,,,2018-01-12,,,,,,,,477,closure,,0,0,1,https://dlt.ri.gov/employers/worker-adjustment-and-retraining-notification-warn,58b0454eea307084772bce73afce141982b1edb3485b74c9502b6d44,b50392c579652d4de54b148b61d4bdbca1f7625b,2026-09-24,
RI,Pinnacle Logistics,pinnacle logistics,Pinnacle Logistics,filed,,484110,employer,,,,,,,,,,,,,,,n:pinnacle logistics,,,Washington County,44009,41.396792,-71.620282,subdivision,North Kingstown,,2018-09-19,,,2018-07-31,,,,,,,,149,closure,,0,0,1,https://dlt.ri.gov/employers/worker-adjustment-and-retraining-notification-warn,3fc411e4df05f5b2bfc92b3a2ca970535dd5f58f7417afe1350f6e42,a3dc01514d80cdab5acad287b7bbba31fa6c603d,2026-09-24,
RI,Chase Corp dba Neptco,chase corp dba neptco,Chase Corp,cleaned,,,,,,,,,,,,,,,,,,n:chase,Pawtucket city,4454640,Providence County,44007,41.874824,-71.373323,place,Pawtucket,,2018-10-09,,,2018-08-27,,,,,,,,64,closure,,0,0,1,https://dlt.ri.gov/employers/worker-adjustment-and-retraining-notification-warn,5df47d951419f709ec1615b59fe96ef1f3ad9eb0f96e59b3ea60201b,e903bf446ae887518ff9e05a91bc983bffc463a9,2026-09-24,
RI,"United Builders Supply Co., Inc.",united builders supply,"United Builders Supply Co., Inc.",filed,,,,,,,,,,,,,,,,,,n:united builders supply,Westerly CDP,4476820,Washington County,44009,41.373301,-71.806783,place,Westerly,,2018-10-23,,,2018-11-30,,,,,,,,83,closure,,0,0,1,https://dlt.ri.gov/employers/worker-adjustment-and-retraining-notification-warn,dd3549684664452d2f8ba1cb9fae786f8386fd3e3b674004e97052d2,83f4274a0d16351269d713782bfe663e34841866,2026-09-24,
RI,Matlet/Group,matlet group,Matlet/Group,filed,,,,,1347979,,exact:post-era,,,,,,,,,,automatic,cik:1347979,Pawtucket city,4454640,Providence County,44007,41.874824,-71.373323,place,Pawtucket,,2018-11-01,,,2018-10-09,,,,,,,,180,closure,,0,0,1,https://dlt.ri.gov/employers/worker-adjustment-and-retraining-notification-warn,7972c13b0bedd69a5a06c696d9cdad199a9e36a95811e5e9627e55ff,b1f21f3b80047791286a42feb9a76bd3801d81ba,2026-09-24,
RI,Nordstrom Providence Place,nordstrom providence place,Nordstrom Providence Place,filed,,,,,,,,,,,,,,,,,,n:nordstrom providence place,Providence city,4459000,Providence County,44007,41.823056,-71.418784,place,Providence,,2018-11-01,,,2019-01-04,,,,,,,,181,closure,,0,0,1,https://dlt.ri.gov/employers/worker-adjustment-and-retraining-notification-warn,54567755801c02dc626b80021385384a7199ef1b5ec893fb05d1be0b,90e74ec711e422a9beb74303a047916882da8cdd,2026-09-24,
RI,"Hooper Holmes, Inc. dba Provant Health",hooper holmes inc dba provant health,"Hooper Holmes, Inc.",cleaned,,,,,741815,,exact:base,8090,"Services-Misc Health & Allied Services, NEC",,,,,,,,automatic,cik:741815,Warwick city,4474300,Kent County,44003,41.703085,-71.42031,place,Warwick,,2019-01-14,,,2018-12-31,,,,,,,,92,closure,,0,0,1,https://dlt.ri.gov/employers/worker-adjustment-and-retraining-notification-warn,c73848792bb418be71515fb3f57e794f65fca9e3c875a82dbb4253dc,fc42b2b47932705507329ea7a3223eac085accde,2026-09-24,
RI,"DAL Global Services, LLC (DGS)",dal global services llc dgs,DAL Global Services,wikidata,,48-49,employer,,,,,,,,,,Q5204248,label,,,automatic,qid:Q5204248,Warwick city,4474300,Kent County,44003,41.703085,-71.42031,place,Warwick,,2019-01-21,,,2018-01-31,,,,,,,,51,unknown,,0,0,1,https://dlt.ri.gov/employers/worker-adjustment-and-retraining-notification-warn,5cab3613261d9f89c0ffb092b100f8517a883ad0a00df9bc74efd8ce,119f9b9f267d2ff2e25851782381fff11b7e8500,2026-09-24,
RI,"Agoda Travel Operations USA, Inc.",agoda travel operations usa,"Agoda Travel Operations USA, Inc.",filed,,,,,,,,,,,,,,,,,,n:agoda travel operations usa,Providence city,4459000,Providence County,44007,41.823056,-71.418784,place,Providence,,2019-02-13,,,2019-03-18,,,,,,,,62,closure,,0,0,1,https://dlt.ri.gov/employers/worker-adjustment-and-retraining-notification-warn,3543243bfb56a0b091b1d2e176fc68a298bdc0fd1ac591634617cd8e,33f9d456581b96575c66df6f43e5f4dd45480ea8,2026-09-24,
RI,Moo,moo,Moo,filed,,,,,,,,,,,,,,,,,,n:moo,,,Providence County,44007,41.869768,-71.578625,subdivision,Lincoln,,2020-03-17,,,2020-04-06,,,,,,,,110,unknown,,0,0,1,https://dlt.ri.gov/employers/worker-adjustment-and-retraining-notification-warn,46a9e1fde84f49a7108079ad8818d84470703192604e324df0c4959c,c9aad68657951d1c38569cd06826f1b7022e064d,2026-09-24,
RI,Tuition Management Systems,tuition management systems,Tuition Management Systems,filed,,,,,,,,,,,,,,,,,,n:tuition management systems,Warwick city,4474300,Kent County,44003,41.703085,-71.42031,place,Warwick,,2020-03-19,,,2019-04-01,,,,,,,"{""dates"": [{""date"": ""2019-04-01"", ""role"": ""effective_component"", ""source_field"": ""Effective Date"", ""source_text"": ""4/1/2019""}, {""date"": ""2019-08-30"", ""role"": ""effective_component"", ""source_field"": ""Effective Date"", ""source_text"": ""8/30/2019""}], ""effective_date_interpretation"": ""list_or_phases""}",59,closure,,0,0,1,https://dlt.ri.gov/employers/worker-adjustment-and-retraining-notification-warn,82b411b6c9ffa2d664d0b9b75e3cd7e9840b1df9b530ad91ec5bc415,a666e3de610e5b0384c14d7ed83d82e412c5cb17,2026-09-24,
RI,Spectrum Pharmaceuticals,spectrum pharmaceuticals,Spectrum Pharmaceuticals,wikidata,,325412,sec-sic,enterprise,831547,,exact,2834,Pharmaceutical Preparations,,,,Q7575301,cik,,,automatic,qid:Q7575301,,,Newport County,44005,41.501045,-71.283063,subdivision,Portsmouth,,2020-03-20,,,2019-04-12,,,,,,,,1,closure,,0,0,1,https://dlt.ri.gov/employers/worker-adjustment-and-retraining-notification-warn,9b76e4ae215067cb15f67d3858d02c9e298500a9b26e4bc693a4f1a3,2f99c0a70cb11c6b52259b280da20c5736e775e6,2026-09-24,
RI,Greystone,greystone,Greystone,filed,,,,,,,,,,,,,,,,,,n:greystone,,,Providence County,44007,41.869768,-71.578625,subdivision,Lincoln,,2020-03-26,,,2020-03-20,,,,,,,,87,unknown,,0,0,1,https://dlt.ri.gov/employers/worker-adjustment-and-retraining-notification-warn,20f2102eee9f139d9f585a139f8570d1579fda631e3112fec35b4443,953c0a0619da58435c93ed5fbeafb736f8b81626,2026-09-24,
RI,HM Host,hm host,HM Host,filed,,,,,,,,,,,,,,,,,,n:hm host,Warwick city,4474300,Kent County,44003,41.703085,-71.42031,place,Warwick,,2020-03-26,,,2020-03-16,,,,,,,,110,unknown,,0,0,1,https://dlt.ri.gov/employers/worker-adjustment-and-retraining-notification-warn,7962dcc75832a2abd25b2d5e447626c436cf89ab5e8d45438b67a04a,0e2dfcb39cbc0063d561d37cd86f373dfafba155,2026-09-24,
RI,Highgate,highgate,Highgate,filed,,,,,,,,,,,,,,,,,,n:highgate,Providence city,4459000,Providence County,44007,41.823056,-71.418784,place,Providence,,2020-04-04,,,2020-03-08,,,,,,,,146,unknown,,0,0,1,https://dlt.ri.gov/employers/worker-adjustment-and-retraining-notification-warn,d5204cf7b6c79a391507e9a703467f40d02c25aa6fd2deab26651ac0,f8e17228e1d14acf867634898c08bc081c89a322,2026-09-24,
RI,The Vanderbuilt,vanderbuilt,The Vanderbuilt,filed,,,,,,,,,,,,,,,,,,n:vanderbuilt,Newport city,4449960,Newport County,44005,41.476681,-71.319627,place,Newport,,2020-04-06,,,2020-03-26,,,,,,,,37,unknown,,0,0,1,https://dlt.ri.gov/employers/worker-adjustment-and-retraining-notification-warn,eef152e1ff93d9465815467364a87e465f17337421ba26c590d7a3e3,074e9fffe1fbd81f5f122028465d9adca85a2c64,2026-09-24,
RI,Massage Envy,massage envy,Massage Envy,filed,,,,,,,,,,,,,,,,,,n:massage envy,Cranston city,4419180,Providence County,44007,41.769734,-71.485049,place,Cranston,,2020-04-20,,,2020-03-16,,,,,,,,51,unknown,,0,0,1,https://dlt.ri.gov/employers/worker-adjustment-and-retraining-notification-warn,f3022c35413b65309d13958ef8900d6eebf15481755b360b3bdc7668,115af57e0eb678dd285b6095112c3c4a1372cf4f,2026-09-24,
RI,FGX Int,fgx int,FGX Int,filed,,,,,,,,,,,,,,,,,,n:fgx int,,,Providence County,44007,41.869768,-71.578625,subdivision,Smithfield,,2020-04-21,,,2020-04-17,,,,,,,,13,unknown,,0,0,1,https://dlt.ri.gov/employers/worker-adjustment-and-retraining-notification-warn,8a6886a48d312c7396c49fd6fb025b9489b6399948e25237579940e5,c43e935560551611015b7261b36ebb568e034b27,2026-09-24,
RI,CB Chadwick-BaRoss,cb chadwick baross,CB Chadwick-BaRoss,filed,,,,,,,,,,,,,,,,,,n:cb chadwick baross,,,Kent County,44003,41.675118,-71.580282,subdivision,West Warwick,,2020-04-27,,,2020-04-20,,,,,,,,1,unknown,,0,0,1,https://dlt.ri.gov/employers/worker-adjustment-and-retraining-notification-warn,967fb898682dfae2e814ac6d65c304fcde501fec3776cbee41b6a843,b748421ab91f6821d4825ad8a56ea051cbd6772b,2026-09-24,
RI,Bloomin Brands,bloomin brands,Bloomin' Brands,wikidata,,,,,1546417,BLMN,exact,5812,Retail-Eating  Places,,,,Q4928282,cik,,,automatic,qid:Q4928282,Warwick city,4474300,Providence County,44007,41.703085,-71.42031,place+county,"Warwick, Providence",,2020-05-29,,,2020-03-16,,,,,,,,136,unknown,,0,0,1,https://dlt.ri.gov/employers/worker-adjustment-and-retraining-notification-warn,15a67141bcb4fb85d2b7e4c5d7cd57fdd42f7be7402fe9ba05c78694,a6bef03ebd163d471999d17c5d3ea69d52effc76,2026-09-24,
RI,Hotel Viking,hotel viking,Hotel Viking,filed,,,,,,,,,,,,,,,,,,n:hotel viking,Newport city,4449960,Newport County,44005,41.476681,-71.319627,place,Newport,,2020-06-03,,,2020-05-07,,,,,,,,72,unknown,,0,0,1,https://dlt.ri.gov/employers/worker-adjustment-and-retraining-notification-warn,7b6b7dc1b080f128095039a20d62593eb76b379fbef47463b01b6acf,dbe9fe595744a9ef2f7d5734bc23e503f11fde6e,2026-09-24,
RI,Newport Marriot,newport marriot,Newport Marriot,filed,,,,,,,,,,,,,,,,,,n:newport marriot,Providence city,4459000,Providence County,44007,41.823056,-71.418784,place,Providence,,2020-06-22,,,2020-03-14,,,,,,,,65,unknown,,0,0,1,https://dlt.ri.gov/employers/worker-adjustment-and-retraining-notification-warn,b1c41a064663cd13468c24b28d18c04b5ee0cb9b68e2dd365dfb2446,ffb92a2a7b1d46bd23c36546d1e323795380d207,2026-09-24,
RI,The Preservation Society of Newport County,preservation society of newport county,PRESERVATION SOCIETY OF NEWPORT COUNTY,irs,,71,ntee,enterprise,,,,,,050252708,A800,,,,,,automatic,ein:050252708,Newport city,4449960,Newport County,44005,41.476681,-71.319627,place,Newport,,2020-06-30,,,2020-05-29,,,,,,,,231,unknown,,0,0,1,https://dlt.ri.gov/employers/worker-adjustment-and-retraining-notification-warn,047454e3a65fe597ad090cafa5a10884b617c8cbe496d74b38d88dd3,c63ffbe62c17d64d6311a902287321bb1f18a9f9,2026-09-24,
RI,Upserve,upserve,Upserve,filed,,,,,,,,,,,,,,,,,,n:upserve,Providence city,4459000,Providence County,44007,41.823056,-71.418784,place,Providence,,2020-07-15,,,2020-06-30,,,,,,,,65,unknown,,0,0,1,https://dlt.ri.gov/employers/worker-adjustment-and-retraining-notification-warn,6accd17f963f8f084830ec7ffa827259c73276cdb13b1b749374a559,a21c22bcd9e25b897ba971b7a7919229e3031f06,2026-09-24,
RI,YMCA of Pawtucket,ymca of pawtucket,YMCA of Pawtucket,filed,,,,,,,,,,,,,,,,,,n:ymca of pawtucket,,,,,,,,Multiple Locations,,2020-08-03,,,2020-05-22,,,,,,,,71,unknown,,0,0,1,https://dlt.ri.gov/employers/worker-adjustment-and-retraining-notification-warn,e846df06b6e8f614b009290ba6b04e0e8438d66082a4315e805e0a62,2c3a20e730e9d481737a168cd69ca73c51e7ee3b,2026-09-24,
RI,Twin River - Tiverton,twin river tiverton,Bally's Corporation,wikidata,,,,,1747079,BALY,listed-extension:base,,,,,,Q65062134,cik,,,automatic,qid:Q65062134,,,Providence County,44007,41.869768,-71.578625,subdivision,Lincoln,,2020-08-06,,,2020-09-30,,,,,,,,296,unknown,,0,0,1,https://dlt.ri.gov/employers/worker-adjustment-and-retraining-notification-warn,e90f9ce0e377276bf898617f7f645e4b61d6b843e448bd56f59193fd,bbdd6f3f7da03c0642dc26af260fe67e50d05dcd,2026-09-24,
RI,"McLaughlin & Moran, Inc",mclaughlin moran,"McLaughlin & Moran, Inc",filed,,,,,,,,,,,,,,,,,,n:mclaughlin moran,Cranston city,4419180,Providence County,44007,41.769734,-71.485049,place,Cranston,,2020-08-11,,,2020-08-01,,,,,,,,127,closure,,0,0,1,https://dlt.ri.gov/employers/worker-adjustment-and-retraining-notification-warn,23390cbcc34e879650e94e5646d8b05df9db8080a4ab4b2ebac1874b,d4eff70b222d75cb7181037effc5399622fb1492,2026-09-24,
RI,RHD Rhode Island,rhd rhode island,RHD Rhode Island,filed,,,,,,,,,,,,,,,,,,n:rhd rhode island,Providence city,4459000,Providence County,44007,41.823056,-71.418784,place,Providence,,2020-08-11,,,2020-09-01,,,,,,,,73,closure,,0,0,1,https://dlt.ri.gov/employers/worker-adjustment-and-retraining-notification-warn,8bf70790533f52f56065449c3a43cdcfac22d1a7198ae2f00aad464d,5b36b8335df656a1d49fbd0782472fa5e328584b,2026-09-24,
RI,Twin River - Lincoln,twin river lincoln,Bally's Corporation,wikidata,,,,,1747079,BALY,listed-extension:base,,,,,,Q65062134,cik,,,automatic,qid:Q65062134,,,Providence County,44007,41.869768,-71.578625,subdivision,Lincoln,,2020-08-14,,,2020-09-30,,,,,,,,1043,unknown,,0,0,1,https://dlt.ri.gov/employers/worker-adjustment-and-retraining-notification-warn,61176a3586eecf9c480864d887ecb4113dbe894022ba016ec4517e0f,d3c2b46eee8873c4fec0213d7cd891332d47275e,2026-09-24,
RI,Eastern Speciality/Check n GO,eastern speciality check n go,Eastern Speciality/Check n GO,filed,,,,,,,,,,,,,,,,,,n:eastern speciality check n go,,,,,,,,RI,,2020-08-20,,,2020-04-21,,,,,,,,5,unknown,,0,0,1,https://dlt.ri.gov/employers/worker-adjustment-and-retraining-notification-warn,56fe042ee0170fa24ee6e38d54e65c842b2e83784d1408ccdccded80,58edc384bc960ec7d6f491e53a158dbaea57bdae,2026-09-24,
RI,Omni Hotel & Resorts,omni hotel resorts,Omni Hotel & Resorts,filed,,,,,,,,,,,,,,,,,,n:omni hotel resorts,Providence city,4459000,Providence County,44007,41.823056,-71.418784,place,Providence,,2020-08-21,,,2020-03-24,,,,,,,,272,unknown,,0,0,1,https://dlt.ri.gov/employers/worker-adjustment-and-retraining-notification-warn,08f4c9352bee1d407b8098bec45b0efbc304cdcc058697502b0bf024,65638fad112c1a34123cda711243c060bb0634f8,2026-09-24,
RI,Providence Mariott,providence mariott,Providence Mariott,filed,,,,,,,,,,,,,,,,,,n:providence mariott,Providence city,4459000,Providence County,44007,41.823056,-71.418784,place,Providence,,2020-10-01,,,2020-08-14,,,,,,,,106,unknown,,0,0,1,https://dlt.ri.gov/employers/worker-adjustment-and-retraining-notification-warn,ed49904058d738719fafc9a6df9936aa618a4a8415f34c066d55dbf1,4efedac0da9b43ccdb41a8b64ecaf935f03d2208,2026-09-24,
RI,Santander,santander,Santander,filed,,52211,sec-sic,enterprise,1087711,SNTUF,exact,6029,"Commercial Banks, NEC",,,,,,,,automatic,cik:1087711,,,,,,,,Rhode Island,,2021-05-18,,,2020-09-30,,,,,,,,13,unknown,,0,0,1,https://dlt.ri.gov/employers/worker-adjustment-and-retraining-notification-warn,bfb8f0e35c8d935d7ef84db24a8a9969d240b40f2dcae70fe647b23b,f0d1541170a18480206d47aeb07afcdac68b15be,2026-09-24,
RI,Hotel Viking,hotel viking,Hotel Viking,filed,,,,,,,,,,,,,,,,,,n:hotel viking,Newport city,4449960,Newport County,44005,41.476681,-71.319627,place,Newport,,2021-05-26,,,2020-08-18,,,,,,,,40,unknown,,0,0,1,https://dlt.ri.gov/employers/worker-adjustment-and-retraining-notification-warn,1b34d17f7b97b22dcb197f5949e0ddbb0f4eec1e541c2388d27c0767,e786bff818f672132cc1c4b3d4362d0997285c18,2026-09-24,
RI,Honeywell,honeywell,Honeywell,wikidata,,,,,773840,HON,listed-extension,3724,Aircraft Engines & Engine Parts,,,,Q898208,cik,,,automatic,qid:Q898208,,,Providence County,44007,41.869768,-71.578625,subdivision,Smithfield,,2022-02-03,,,2021-07-26,,,,,,,,464,unknown,,0,0,1,https://dlt.ri.gov/employers/worker-adjustment-and-retraining-notification-warn,e4e936d6b5064fdd75e9f8eff0e6d740119dec1ed9150b8b7740c84c,7a126447a42adc6f347ff25723d4416fcb365dc2,2026-09-24,
RI,Angelica,angelica,Angelica,filed,,,,,6571,,exact:post-era,7200,Services-Personal Services,,,,,,,,automatic,cik:6571,Pawtucket city,4454640,Providence County,44007,41.874824,-71.373323,place,Pawtucket,,2022-09-13,,,2021-07-17,,,,,,,,94,closure,,0,0,1,https://dlt.ri.gov/employers/worker-adjustment-and-retraining-notification-warn,cfdbc0c0c68660b424eac0e24aae2c9c64adfdc591d570771b3c1270,bb1b7634bdf2440058b098a8c375fd951945e3da,2026-09-24,
RI,Santander,santander,Santander,filed,,52211,sec-sic,enterprise,1087711,SNTUF,exact,6029,"Commercial Banks, NEC",,,,,,,,automatic,cik:1087711,East Providence city,4422960,Providence County,44007,41.800433,-71.359258,place,East Providence,,2022-09-23,,,2022-04-08,,,,,,,,198,unknown,,0,0,1,https://dlt.ri.gov/employers/worker-adjustment-and-retraining-notification-warn,8fee893a323af648bfdcefa3ff7c3c65c07483874257e607802b3c98,051f2f4e9e05e8420e4a313e3fd04414761edd05,2026-09-24,
RI,Rubius Therapeutics,rubius therapeutics,Rubius Therapeutics (United States),wikidata,,325414,sec-sic,enterprise,1709401,,exact,2836,"Biological Products, (No Diagnostic Substances)",,,,Q81654756,cik,,,automatic,qid:Q81654756,,,Providence County,44007,41.869768,-71.578625,subdivision,Smithfield,,2023-01-04,,,2022-11-15,,,,,,,,77,unknown,,0,0,1,https://dlt.ri.gov/employers/worker-adjustment-and-retraining-notification-warn,ee09406d211a71268576bddf46f063ff5531e6bfcf6b07283b69fa81,6135b8bb76d2bc4ddd37a7ab64fb4635c6a4bc43,2026-09-24,
RI,BayFirst Financial Corporation,bayfirst financial,BayFirst Financial Corporation,filed,,522,sec-sic,enterprise,1649739,BAFN,exact,6022,State Commercial Banks,,,,,,,,automatic,cik:1649739,Warwick city,4474300,Kent County,44003,41.703085,-71.42031,place,Warwick,,2023-01-23,,,2022-11-25,,,,,,,,1,unknown,,0,0,1,https://dlt.ri.gov/employers/worker-adjustment-and-retraining-notification-warn,ce7e5e6e6ed397631cd307c4b9d0221058797234769ece7a02a05e8a,81bd3ce8228e515a7e9bc737b6cd25fc6cce73b1,2026-09-24,
RI,Monitronics International Inc (Brinks Home),monitronics international inc brinks home,Monitronics International Inc,cleaned,,561621,employer,,1265107,,exact:base,7380,Services-Miscellaneous Business Services,,,,,,,,automatic,cik:1265107,,,,,,,,"Dallas, Texas",,2023-05-17,,,2023-03-05,,,,,,,,81,unknown,,0,0,1,https://dlt.ri.gov/employers/worker-adjustment-and-retraining-notification-warn,abb854e56890088d774b6a063b78d99bc676628f72df220ae788358d,d29d78f9edd97e62785fa658514a5efd9ac85a00,2026-09-24,
RI,Northeast Transportation Services LLC,northeast transportation services,Northeast Transportation Services LLC,filed,,,,,,,,,,,,,,,,,,n:northeast transportation services,,,Providence County,44007,41.869768,-71.578625,subdivision,Smithfield,,2023-06-30,,,2023-03-25,,,,,,,,75,closure,,0,0,1,https://dlt.ri.gov/employers/worker-adjustment-and-retraining-notification-warn,f7d07b63cbfdffff4080ea900bbbbd8e661ac8dd91a6167ea46b8e23,2b1e092e31426dad80f109e6eb480b98653b3b27,2026-09-24,
RI,"Sodexo, Inc and Affiliates",sodexo inc and affiliates,"Sodexo, Inc and Affiliates",filed,,,,,,,,,,,,,,,,,,n:sodexo inc and affiliates,,,Providence County,44007,41.869768,-71.578625,subdivision,Smithfield,,2023-07-05,,,2023-06-09,,,,,,,,169,closure,,0,0,1,https://dlt.ri.gov/employers/worker-adjustment-and-retraining-notification-warn,4ca513791cc6377efde8c2269698ef7c729aae765e8eda7569946a6f,96c2d49de071d84437e622743fd77b893a515d09,2026-09-24,
RI,"Aramark Facility Services, LLC",aramark facility services,"Aramark Facility Services, LLC",filed,,,,,1396654,,exact:post-era,,,,,,,,,,automatic,cik:1396654,Providence city,4459000,Providence County,44007,41.823056,-71.418784,place,Providence,,2023-08-15,,,2023-07-31,,,,,,,,249,closure,,0,0,1,https://dlt.ri.gov/employers/worker-adjustment-and-retraining-notification-warn,944ef11c508449ee40bce6700689b20ae4a40d4e2778fb4d1cc76d89,d337cb2fd4ec82cdf0923bdab05e4ddce48201a9,2026-09-24,
RI,"Aramark Facility Services, LLC",aramark facility services,"Aramark Facility Services, LLC",filed,,,,,1396654,,exact:post-era,,,,,,,,,,automatic,cik:1396654,Providence city,4459000,Providence County,44007,41.823056,-71.418784,place,Providence,,2023-08-18,,,2023-07-31,,,,,,,,211,closure,,0,0,1,https://dlt.ri.gov/employers/worker-adjustment-and-retraining-notification-warn,ec7895b7321ba922c0d6abb8ecc6c04d0123082fd35155b4869ab313,fbf37abd11098a195787fbc4c93d1be65f8ecfe3,2026-09-24,
RI,CVS Health,cvs health,CVS Health,wikidata,,44611,sec-sic,enterprise,64803,CVS,exact,5912,Retail-Drug Stores and Proprietary Stores,,,,Q624375,cik,,,automatic,qid:Q624375,Woonsocket city,4480780,Providence County,44007,42.001708,-71.499947,place,Cumberland/Woonsocket,,2023-08-18,,,2023-10-21,,,,,,,"{""dates"": [{""date"": ""2023-10-21"", ""role"": ""effective_component"", ""source_field"": ""Effective Date"", ""source_text"": ""10/21/23""}, {""date"": ""2023-12-30"", ""role"": ""effective_component"", ""source_field"": ""Effective Date"", ""source_text"": ""12/30/23""}], ""effective_date_interpretation"": ""list_or_phases""}",309,unknown,,0,0,1,https://dlt.ri.gov/employers/worker-adjustment-and-retraining-notification-warn,402fb9e5315733d99f8cf75d1361fb1e7be1b3c20d64ff68cc53cdf0,da26a081d142e07f2d5a780fc917ba7b1b28998b,2026-09-24,
RI,Newport Harbor Island Resort,newport harbor island resort,Newport Harbor Island Resort,filed,,,,,,,,,,,,,,,,,,n:newport harbor island resort,Newport city,4449960,Newport County,44005,41.476681,-71.319627,place,Newport,,2023-09-22,,,2023-11-22,,,,,,,,136,closure,,0,0,1,https://dlt.ri.gov/employers/worker-adjustment-and-retraining-notification-warn,262379c2ea5dd7f34cf5a99c5990b1b09cff57c72b039ad4d0057197,9667fda5b881de7467f2906888b8a50ea306ee05,2026-09-24,
RI,TPI Composites Inc,tpi composites,TPI Composites Inc,filed,,,,,1455684,TPICQ,exact,3510,Engines & Turbines,,,,,,,,automatic,cik:1455684,,,Bristol County,44001,41.70684,-71.286687,subdivision,Warren,,2023-09-22,,,2023-08-15,,,,,,,,52,closure,,0,0,1,https://dlt.ri.gov/employers/worker-adjustment-and-retraining-notification-warn,9ab899611b2147b72d563d2caace1f26cc844c562ea84560836b8dac,95f0cf9089e2207ae36f1f8c040ddbeb93b1bd83,2026-09-24,
RI,Los Angeles Times Communications LLC,los angeles times communications,Los Angeles Times Communications LLC,filed,,51,employer,,,,,,,,,,,,,,,n:los angeles times communications,,,,,,,,Rhode Island,,2024-01-25,,,2024-01-25,,,,,,,,1,unknown,,0,0,1,https://dlt.ri.gov/employers/worker-adjustment-and-retraining-notification-warn,71d1c7c6783bcf28dd409e133de1935bedb044b7a7d01c67a18e9ce8,e1b4d0bde35b94f0e37e6bc6c2dfda4e544fc504,2026-09-24,
RI,UPS,ups,Socialist Party of Senegal,wikidata,,,,,,,,,,,,,Q2054438,label,,,automatic,qid:Q2054438,Warwick city,4474300,Kent County,44003,41.703085,-71.42031,place,Warwick,,2024-02-01,,,2024-04-02,,,,,,,,130,unknown,,0,0,1,https://dlt.ri.gov/employers/worker-adjustment-and-retraining-notification-warn,5507cdb24ad3f73dadefc0a0fce73bb06706a60a9f2b73d9ad3a1741,589428f490ccb7982f79d665d39c894e0db4dc74,2026-09-24,
RI,Lakeside Book Company,lakeside book,Lakeside Book Company,filed,,,,,,,,,,,,,,,,,,n:lakeside book,,,Providence County,44007,41.869768,-71.578625,subdivision,Cumberland,,2024-02-27,,,2024-11-15,,,,,,,,48,closure,,0,0,1,https://dlt.ri.gov/employers/worker-adjustment-and-retraining-notification-warn,2f0ec5dbb5588eb71cd3b3257e8133e642dcb01e664554a35b140ee2,e26991329c47f97c480604ad51bc4eb6021448fe,2026-09-24,
RI,UPS (updated from previous),ups updated from previous,UPS (updated from previous),filed,,,,,,,,,,,,,,,,,,n:ups updated from previous,Warwick city,4474300,Kent County,44003,41.703085,-71.42031,place,Warwick,,2024-03-29,,,2024-04-30,,,,,,,,16,unknown,,0,0,1,https://dlt.ri.gov/employers/worker-adjustment-and-retraining-notification-warn,d5b6943a797f8a101a25f321fc03d17e93c1609ad95e584d5b8903ff,44cc7cb6ec88e207d5ade9a7f54dc9489a789cee,2026-09-24,
RI,Volta Inc,volta,Volta Inc,filed,,31-33,employer,,1819584,,exact,3790,Miscellaneous Transportation Equipment,,,,,,,,automatic,cik:1819584,Woonsocket city,4480780,Providence County,44007,42.001708,-71.499947,place,Woonsocket,,2024-03-29,,,2024-05-31,,,,,,,,1,closure,,0,0,1,https://dlt.ri.gov/employers/worker-adjustment-and-retraining-notification-warn,bf66904534842f2e6117de5cfc38f39b1fb79ef765bbf52219afd207,7f500db6303faee0cc791d8de0e6b9590e329c0f,2026-09-24,
RI,NMC,nmc,NMC,filed,,,,,,,,,,,,,,,,,,n:nmc,,,Providence County,44007,41.869768,-71.578625,subdivision,North Smithfield,,2024-05-02,,,2024-05-02,,,2024-07-01,,,,"{""dates"": [{""date"": ""2024-05-02"", ""role"": ""effective_component"", ""source_field"": ""Effective Date"", ""source_text"": ""5/2/24""}, {""date"": ""2024-07-01"", ""role"": ""effective_component"", ""source_field"": ""Effective Date"", ""source_text"": ""7/1/24""}], ""effective_date_interpretation"": ""interval""}",36,closure,,0,0,1,https://dlt.ri.gov/employers/worker-adjustment-and-retraining-notification-warn,9b34f02ef59ea7af94eb6d7f0b652a357ef8e8691e1f0985cc8f32a1,a3c3045a005428ed7b9606e7b41d2c2a42a38636,2026-09-24,
RI,The Claflin Company,claflin,The Claflin Company,filed,,,,,,,,,,,,,,,,,,n:claflin,Warwick city,4474300,Kent County,44003,41.703085,-71.42031,place,Warwick,,2024-05-15,,,2024-07-15,,,,,,,,30,unknown,,0,0,1,https://dlt.ri.gov/employers/worker-adjustment-and-retraining-notification-warn,d6fca77b47222497c9db4d5eb93032c212beb7a51169050f5c00d9e2,31d1b09a85b18b4c76d019c11cfc1b1544c6ec99,2026-09-24,
RI,Kirby Perkins Construction,kirby perkins construction,Kirby Perkins Construction,filed,,,,,,,,,,,,,,,,,,n:kirby perkins construction,,,Newport County,44005,41.501045,-71.283063,subdivision,Middletown,,2024-07-08,,,2024-09-06,,,,,,,,58,unknown,,0,0,1,https://dlt.ri.gov/employers/worker-adjustment-and-retraining-notification-warn,dacb6bc1e812dceeb9c85729167629029abc611925089723c31c96d4,28336ea2e475431ca0a055423b07c5df8322e1fd,2026-09-24,
RI,Ennovi Advanced Mobility Solutions Rhode Island Inc,ennovi advanced mobility solutions rhode island,Ennovi Advanced Mobility Solutions Rhode Island Inc,filed,,,,,,,,,,,,,,,,,,n:ennovi advanced mobility solutions rhode island,East Providence city,4422960,Providence County,44007,41.800433,-71.359258,place,East Providence,,2024-07-31,,,2025-01-01,,,,,,,,205,closure,,0,0,1,https://dlt.ri.gov/employers/worker-adjustment-and-retraining-notification-warn,06128ecf90380640945d91f06c5d532953c206d1e09933297b6f95c1,11bf3f9e2148a4fb13f2c397882e931400beedd0,2026-09-24,
RI,Riley Power Group,riley power group,Riley Power Group,filed,,,,,,,,,,,,,,,,,,n:riley power group,,,Washington County,44009,41.396792,-71.620282,subdivision,North Kingstown,,2024-08-20,,,2024-10-21,,,,,,,,117,unknown,,0,0,1,https://dlt.ri.gov/employers/worker-adjustment-and-retraining-notification-warn,328536fe101739f6aed4d01698b233720c3f868ab29b31e1cd16b2d5,6ff202aa19c1e95b26904928e9528d4342a3a27f,2026-09-24,
RI,Riley Power Group,riley power group,Riley Power Group,filed,,,,,,,,,,,,,,,,,,n:riley power group,,,Washington County,44009,41.396792,-71.620282,subdivision,North Kingstown,,2024-09-25,,,2024-11-22,,,,,,,,13,unknown,,0,0,1,https://dlt.ri.gov/employers/worker-adjustment-and-retraining-notification-warn,d15c50c9533787e7cf2e176c1959c29012ab7e4f147182488649dbeb,82215291be256b4380afd183023eeae689151aad,2026-09-24,
RI,Kaleo,kaleo,KALEO,irs,,81,ntee,enterprise,,,,,,454547081,X21,,,,,,automatic,ein:454547081,,,,,,,,Rhode Island,,2024-10-02,,,2024-11-30,,,,,,,,1,unknown,,0,0,1,https://dlt.ri.gov/employers/worker-adjustment-and-retraining-notification-warn,48d09a614f19fd7e33cc3d87d19ea7eccdf3dc3c54aec519cbcb9759,4d4687cebd7946ffb4a18ab4166a5103a976658e,2026-09-24,
RI,CVS,cvs,Cannon Air Force Base,wikidata,,44-45,employer,,,,,,,,,,Q2187683,label,,,automatic,qid:Q2187683,,,,,,,,Rhode Island,,2024-10-06,,,2024-12-08,,,2024-12-21,,,,"{""dates"": [{""date"": ""2024-12-08"", ""role"": ""effective_component"", ""source_field"": ""Effective Date"", ""source_text"": ""12/8/2024""}, {""date"": ""2024-12-21"", ""role"": ""effective_component"", ""source_field"": ""Effective Date"", ""source_text"": ""12/21/2024""}], ""effective_date_interpretation"": ""interval""}",632,unknown,,0,0,1,https://dlt.ri.gov/employers/worker-adjustment-and-retraining-notification-warn,ddbb4235179abc547c25899dfd51cebdb9d8f49b581ce2cd90daf517,5fa468344433db617b10f97e20332f9560bb92df,2026-09-24,
RI,Gannett Publishing,gannett publishing,Gannett Publishing,filed,,51,employer,,,,,,,,,,,,,,,n:gannett publishing,Providence city,4459000,Providence County,44007,41.823056,-71.418784,place,Providence,,2024-11-12,,,2025-03-10,,,,,,,,136,closure,,0,0,1,https://dlt.ri.gov/employers/worker-adjustment-and-retraining-notification-warn,ff2175e15a636e5aa5fb0b36bce352d13624392fada8f9b34ebe53bc,b791630a43ffb253a130dd72e168aa60188c43ff,2026-09-24,
RI,UNFI,unfi,United Natural Foods,wikidata,,42241,employer,,,,,,,,,,Q7888979,label,,,automatic,qid:Q7888979,,,Providence County,44007,41.869768,-71.578625,subdivision,Lincoln,,2024-11-21,,,2025-01-24,,,,,,,,121,unknown,,0,0,1,https://dlt.ri.gov/employers/worker-adjustment-and-retraining-notification-warn,b7d4b346fbdc0932d7104b8aa0ed4484b8c9a830332077881fb120ee,a7a446016f6817198c2488a49c36c09ca33886a6,2026-09-24,
RI,CVS,cvs,Cannon Air Force Base,wikidata,,44-45,employer,,,,,,,,,,Q2187683,label,,,automatic,qid:Q2187683,Woonsocket city,4480780,Providence County,44007,42.001708,-71.499947,place,Woonsocket,,2024-11-25,,,2025-01-25,,,,,,,,796,unknown,,0,0,1,https://dlt.ri.gov/employers/worker-adjustment-and-retraining-notification-warn,aa6cc1c2319ba28ced934299e1173e695f2f58a400d104d3bd139832,858710f47f9aeeadd15d7ff96f9f5de0f4ecd879,2026-09-24,
RI,CVS,cvs,Cannon Air Force Base,wikidata,,44-45,employer,,,,,,,,,,Q2187683,label,,,automatic,qid:Q2187683,Woonsocket city,4480780,Providence County,44007,42.001708,-71.499947,place,Woonsocket,,2025-02-04,,,2025-06-07,,,,,,,,,unknown,,0,0,1,https://dlt.ri.gov/employers/worker-adjustment-and-retraining-notification-warn,d8c5848ded0b4845d2d2a4d0ff042e1be6e0a3223e091e13ac08e7ba,eabbb70eafeb22f005acf8158730baa3a62afbc5,2026-09-24,
RI,UNFI,unfi,United Natural Foods,wikidata,,42241,employer,,,,,,,,,,Q7888979,label,,,automatic,qid:Q7888979,,,Providence County,44007,41.869768,-71.578625,subdivision,Lincoln,,2025-03-20,,,2025-05-23,,,,,,,,20,closure,,0,0,1,https://dlt.ri.gov/employers/worker-adjustment-and-retraining-notification-warn,b17eab787d06f44a89e2f522f1a57e8a4aeb36cd1870a749d11003fd,877d9851ec96b7130ec83da1fc100718337c5f96,2026-09-24,
RI,Vertex Pharmaceuticals,vertex pharmaceuticals,Vertex Pharmaceuticals,wikidata,,325412,sec-sic,enterprise,875320,VRTX,listed-extension,2834,Pharmaceutical Preparations,,,,Q2744099,cik,,,automatic,qid:Q2744099,Providence city,4459000,Providence County,44007,41.823056,-71.418784,place,Providence,,2025-06-06,,,2025-08-05,,,,,,,,125,unknown,,0,0,1,https://dlt.ri.gov/employers/worker-adjustment-and-retraining-notification-warn,50f17cfb174b8beacd6c97f94d5f45e20eb9c2663cfde3a120416a52,478d74e73f6587cef5f4e9bbc5d0f15168f91aeb,2026-09-24,
RI,Hotel Viking,hotel viking,Hotel Viking,filed,,,,,,,,,,,,,,,,,,n:hotel viking,Newport city,4449960,Newport County,44005,41.476681,-71.319627,place,Newport,,2025-08-29,,,2025-11-03,,,,,,,,105,unknown,,0,0,1,https://dlt.ri.gov/employers/worker-adjustment-and-retraining-notification-warn,acded90074bc13bbe570270a208359813041880a805a82af6fd30f26,66ee2bc8972d47e7e8c35175e85ffe694be1683b,2026-09-24,
RI,UNFI,unfi,United Natural Foods,wikidata,,42241,employer,,,,,,,,,,Q7888979,label,,,automatic,qid:Q7888979,,,,,,,,Lincon,,2025-09-10,,,2025-11-14,,,,,,,,2,unknown,,0,0,1,https://dlt.ri.gov/employers/worker-adjustment-and-retraining-notification-warn,3b8c2bab04d8dc5d151cf941643c0e4a814404f3a7c63a88e71d971a,2ba9801851d9c527ff4222a9d9436256f6d10eba,2026-09-24,
RI,EaglePicher,eaglepicher,EaglePicher,filed,,,,,,,,,,,,,,,,,,n:eaglepicher,,,Kent County,44003,41.675118,-71.580282,subdivision,East Greenwich,,2026-01-13,,,2026-03-15,,,,,,,,38,closure,,0,0,1,https://dlt.ri.gov/employers/worker-adjustment-and-retraining-notification-warn,c6a93c32feff628079499db4f3ce8ab1c49951710fc215f9fd948b8e,5e9e4e2d7a4616af685fce6c7f7c0a17ecac8328,2026-09-24,
RI,Northeast Transportation Services LLC,northeast transportation services,Northeast Transportation Services LLC,filed,,,,,,,,,,,,,,,,,,n:northeast transportation services,Pawtucket city,4454640,Providence County,44007,41.874824,-71.373323,place,"Pawtucket, RI",,2026-03-19,,,2026-05-09,,,,,,,,52,closure,,0,0,1,https://dlt.ri.gov/employers/worker-adjustment-and-retraining-notification-warn,006e60bd78e5f216cfec71e6a4ba8723b660fcdd04891ed33b1532cf,492e65018a10332bf9cc3a820afd2e8bd1832df2,2026-09-24,
RI,"Allied Group, LLC",allied group,"Allied Group, LLC",filed,,,,,1993406,,suffix,,,,,,,,,,automatic,cik:1993406,,,Providence County,44007,41.869768,-71.578625,subdivision,"Cumberland, RI",,2026-03-26,,,2026-05-25,,,2026-06-06,,,,"{""dates"": [{""date"": ""2026-05-25"", ""role"": ""effective_component"", ""source_field"": ""Effective Date"", ""source_text"": ""5/25/26""}, {""date"": ""2026-06-06"", ""role"": ""effective_component"", ""source_field"": ""Effective Date"", ""source_text"": ""6/6/26""}], ""effective_date_interpretation"": ""interval""}",154,closure,,0,0,1,https://dlt.ri.gov/employers/worker-adjustment-and-retraining-notification-warn,2f01081b1d0c5eddd87bfdca10d4d519d00f409ed736e765c312a53e,67c4207f2feecf810798cc6577b46ea4ebcfe52f,2026-09-24,
RI,Ideal US Talent Systems Worker OpCo LLC,ideal us talent systems worker opco,Ideal US Talent Systems Worker OpCo LLC,filed,,561311,employer,,,,,,,,,,,,,,,n:ideal us talent systems worker opco,,,,,,,,"Minneapolis, MN",,2026-05-01,,,2026-07-01,,,,,,,,2,unknown,,0,0,1,https://dlt.ri.gov/employers/worker-adjustment-and-retraining-notification-warn,4240e0fd44e7d2676611b80fc171330a1f9009be2b02c3a0acdd0319,540c08ffa409c63aabe9e8a463c42b1f205e001a,2026-09-24,
RI,Conduent,conduent,Conduent,wikidata,,,,,1677703,CNDT,exact,7389,"Services-Business Services, NEC",,,,Q28404490,cik,,,automatic,qid:Q28404490,,,,,,,,United States,,2026-06-26,,,2026-08-28,,,,,,,,1,unknown,,0,0,1,https://dlt.ri.gov/employers/worker-adjustment-and-retraining-notification-warn,248009d634907c37f823844a620f07f13e94478289be697d7d6cec72,4a87e6c3dea5daf15a8b34d5947cf342c1b5d4ce,2026-09-24,
