state,source,notice_year,reason,rows
AL,backfill/bln_integrated.csv,1998,superseded_source_row,4
AL,backfill/bln_integrated.csv,1999,superseded_source_row,14
AL,backfill/bln_integrated.csv,2000,superseded_source_row,11
AL,backfill/bln_integrated.csv,2001,superseded_source_row,19
AL,backfill/bln_integrated.csv,2002,superseded_source_row,13
AL,backfill/bln_integrated.csv,2003,superseded_source_row,9
AL,backfill/bln_integrated.csv,2004,superseded_source_row,5
AL,backfill/bln_integrated.csv,2005,superseded_source_row,14
AL,backfill/bln_integrated.csv,2006,superseded_source_row,14
AL,backfill/bln_integrated.csv,2007,superseded_source_row,9
AL,backfill/bln_integrated.csv,2008,superseded_source_row,10
AL,backfill/bln_integrated.csv,2009,superseded_source_row,122
AL,backfill/bln_integrated.csv,2010,superseded_source_row,91
AL,backfill/bln_integrated.csv,2011,superseded_source_row,16
AL,backfill/bln_integrated.csv,2012,superseded_source_row,14
AL,backfill/bln_integrated.csv,2013,superseded_source_row,17
AL,backfill/bln_integrated.csv,2014,superseded_source_row,10
AL,backfill/bln_integrated.csv,2015,superseded_source_row,22
AL,backfill/bln_integrated.csv,2016,superseded_source_row,13
AL,backfill/bln_integrated.csv,2017,superseded_source_row,8
AL,backfill/bln_integrated.csv,2018,superseded_source_row,88
AL,backfill/bln_integrated.csv,2019,superseded_source_row,7
AL,backfill/bln_integrated.csv,2020,superseded_source_row,43
AL,backfill/bln_integrated.csv,2021,superseded_source_row,8
AL,backfill/bln_integrated.csv,2022,superseded_source_row,9
AL,backfill/bln_integrated.csv,2023,superseded_source_row,31
AL,backfill/bln_integrated.csv,2024,superseded_source_row,22
AL,backfill/bln_integrated.csv,2024,unmatched_after_conservative_fill,1
AL,backfill/bln_integrated.csv,2025,superseded_source_row,31
AL,backfill/bln_integrated.csv,2025,unmatched_after_conservative_fill,1
AL,backfill/bln_integrated.csv,2026,superseded_source_row,17
AL,backfill/bln_integrated.csv,2026,unmatched_after_conservative_fill,3
AZ,backfill/bln_integrated.csv,2012,unmatched_after_conservative_fill,8
AZ,backfill/bln_integrated.csv,2013,unmatched_after_conservative_fill,2
AZ,backfill/bln_integrated.csv,2015,unmatched_after_conservative_fill,2
AZ,backfill/bln_integrated.csv,2020,superseded_source_row,1
AZ,backfill/bln_integrated.csv,2020,unmatched_after_conservative_fill,4
AZ,backfill/bln_integrated.csv,2021,superseded_source_row,9
AZ,backfill/bln_integrated.csv,2022,superseded_source_row,30
AZ,backfill/bln_integrated.csv,2023,superseded_source_row,87
AZ,backfill/bln_integrated.csv,2024,superseded_source_row,91
AZ,backfill/bln_integrated.csv,2025,superseded_source_row,109
AZ,backfill/bln_integrated.csv,2025,unmatched_after_conservative_fill,24
AZ,backfill/bln_integrated.csv,2026,superseded_source_row,40
AZ,backfill/bln_integrated.csv,2026,unmatched_after_conservative_fill,2
AZ,backfill/raw/az.csv,2012,conflicting_same_key,9
AZ,backfill/raw/az.csv,2013,conflicting_same_key,2
AZ,backfill/raw/az.csv,2015,conflicting_same_key,2
AZ,backfill/raw/az.csv,2020,conflicting_same_key,4
CA,agency-cache:CA,unknown,conflicting_same_key,908
CA,agency-cache:CA,unknown,occupied_source_month,218
CA,backfill/bln_integrated.csv,2019,superseded_source_row,18
CA,backfill/bln_integrated.csv,2020,superseded_source_row,1975
CA,backfill/bln_integrated.csv,2020,unmatched_after_conservative_fill,233
CA,backfill/bln_integrated.csv,2021,superseded_source_row,377
CA,backfill/bln_integrated.csv,2021,unmatched_after_conservative_fill,192
CA,backfill/bln_integrated.csv,2022,superseded_source_row,902
CA,backfill/bln_integrated.csv,2022,unmatched_after_conservative_fill,385
CA,backfill/bln_integrated.csv,2023,superseded_source_row,1800
CA,backfill/bln_integrated.csv,2023,unmatched_after_conservative_fill,972
CA,backfill/bln_integrated.csv,2024,superseded_source_row,1661
CA,backfill/bln_integrated.csv,2024,unmatched_after_conservative_fill,816
CA,backfill/bln_integrated.csv,2025,superseded_source_row,1687
CA,backfill/bln_integrated.csv,2025,unmatched_after_conservative_fill,708
CA,backfill/bln_integrated.csv,2026,superseded_source_row,847
CA,backfill/bln_integrated.csv,2026,unmatched_after_conservative_fill,198
CO,backfill/bln_integrated.csv,2014,superseded_source_row,1
CO,backfill/bln_integrated.csv,2018,superseded_source_row,1
CO,backfill/bln_integrated.csv,2019,superseded_source_row,3
CO,backfill/bln_integrated.csv,2019,unmatched_after_conservative_fill,9
CO,backfill/bln_integrated.csv,2020,missing_employer,1
CO,backfill/bln_integrated.csv,2020,superseded_source_row,27
CO,backfill/bln_integrated.csv,2020,unmatched_after_conservative_fill,2
CO,backfill/bln_integrated.csv,2021,superseded_source_row,44
CO,backfill/bln_integrated.csv,2021,unmatched_after_conservative_fill,30
CO,backfill/bln_integrated.csv,2022,superseded_source_row,16
CO,backfill/bln_integrated.csv,2022,unmatched_after_conservative_fill,13
CO,backfill/bln_integrated.csv,2023,superseded_source_row,32
CO,backfill/bln_integrated.csv,2023,unmatched_after_conservative_fill,17
CO,backfill/bln_integrated.csv,2024,superseded_source_row,29
CO,backfill/bln_integrated.csv,2024,unmatched_after_conservative_fill,10
CO,backfill/bln_integrated.csv,2025,superseded_source_row,13
CO,backfill/bln_integrated.csv,2025,unmatched_after_conservative_fill,12
CO,backfill/bln_integrated.csv,2026,superseded_source_row,7
CO,backfill/bln_integrated.csv,2026,unmatched_after_conservative_fill,5
CO,backfill/bln_integrated.csv,unknown,missing_employer,5
CO,backfill/bln_integrated.csv,unknown,superseded_source_row,2
CO,backfill/bln_integrated.csv,unknown,unmatched_after_conservative_fill,3
CT,backfill/bln_integrated.csv,2019,superseded_source_row,1
CT,backfill/bln_integrated.csv,2020,superseded_source_row,40
CT,backfill/bln_integrated.csv,2021,superseded_source_row,5
CT,backfill/bln_integrated.csv,2022,superseded_source_row,2
CT,backfill/bln_integrated.csv,2023,superseded_source_row,3
CT,backfill/bln_integrated.csv,2024,superseded_source_row,9
CT,backfill/bln_integrated.csv,2025,superseded_source_row,8
CT,backfill/bln_integrated.csv,2026,unmatched_after_conservative_fill,1
CT,backfill/bln_integrated.csv,unknown,missing_employer,1
CT,backfill/bln_integrated.csv,unknown,unmatched_after_conservative_fill,7
DC,backfill/bln_integrated.csv,2020,superseded_source_row,1
DC,backfill/bln_integrated.csv,2022,superseded_source_row,3
DC,backfill/bln_integrated.csv,2025,superseded_source_row,7
DC,backfill/bln_integrated.csv,2025,unmatched_after_conservative_fill,2
DC,backfill/bln_integrated.csv,2026,superseded_source_row,2
DC,backfill/bln_integrated.csv,2026,unmatched_after_conservative_fill,2
DE,backfill/bln_integrated.csv,2009,unmatched_after_conservative_fill,3
DE,backfill/bln_integrated.csv,2022,superseded_source_row,1
DE,backfill/bln_integrated.csv,2023,superseded_source_row,1
DE,backfill/bln_integrated.csv,2025,superseded_source_row,2
DE,backfill/raw/de.csv,2009,conflicting_same_key,3
DE,backfill/raw/de.csv,2018,conflicting_same_key,2
FL,agency-cache:FL,2007,conflicting_same_key,3
FL,agency-cache:FL,2011,conflicting_same_key,4
FL,agency-cache:FL,2015,occupied_source_month,83
FL,backfill/bln_integrated.csv,2020,superseded_source_row,1
FL,backfill/bln_integrated.csv,2021,superseded_source_row,7
FL,backfill/bln_integrated.csv,2022,superseded_source_row,11
FL,backfill/bln_integrated.csv,2023,superseded_source_row,19
FL,backfill/bln_integrated.csv,2024,superseded_source_row,45
FL,backfill/bln_integrated.csv,2024,unmatched_after_conservative_fill,9
FL,backfill/bln_integrated.csv,2025,superseded_source_row,57
FL,backfill/bln_integrated.csv,2025,unmatched_after_conservative_fill,5
FL,backfill/bln_integrated.csv,2026,superseded_source_row,3
FL,backfill/bln_integrated.csv,2026,unmatched_after_conservative_fill,7
GA,backfill/bln_integrated.csv,unknown,source_identity_unresolved,4714
GA,backfill/bln_integrated.csv,unknown,superseded_source_row,15
GA,raw/ga.csv,unknown,conflicting_same_key,71
HI,backfill/bln_integrated.csv,2020,missing_employer,7
HI,backfill/bln_integrated.csv,2020,superseded_source_row,6
HI,backfill/bln_integrated.csv,2020,unmatched_after_conservative_fill,10
HI,backfill/bln_integrated.csv,2021,missing_employer,2
HI,backfill/bln_integrated.csv,2021,unmatched_after_conservative_fill,3
HI,backfill/bln_integrated.csv,2023,superseded_source_row,2
HI,backfill/bln_integrated.csv,2023,unmatched_after_conservative_fill,2
HI,backfill/bln_integrated.csv,2024,superseded_source_row,8
HI,backfill/bln_integrated.csv,2024,unmatched_after_conservative_fill,1
HI,backfill/bln_integrated.csv,2026,superseded_source_row,1
HI,backfill/bln_integrated.csv,2026,unmatched_after_conservative_fill,2
HI,backfill/bln_integrated.csv,unknown,missing_employer,1
HI,backfill/bln_integrated.csv,unknown,unmatched_after_conservative_fill,6
HI,backfill/raw/hi.csv,unknown,parse_failure,18
HI,raw/hi.csv,unknown,parse_failure,18
IA,agency/ia/event-log.xlsx,unknown,official_iowa_identity_unresolved,573
IA,agency/ia/historical-2023.pdf,unknown,official_iowa_identity_unresolved,362
IA,backfill/bln_integrated.csv,2011,source_identity_unresolved,33
IA,backfill/bln_integrated.csv,2012,source_identity_unresolved,27
IA,backfill/bln_integrated.csv,2013,source_identity_unresolved,19
IA,backfill/bln_integrated.csv,2014,source_identity_unresolved,33
IA,backfill/bln_integrated.csv,2015,source_identity_unresolved,52
IA,backfill/bln_integrated.csv,2015,superseded_source_row,1
IA,backfill/bln_integrated.csv,2016,source_identity_unresolved,95
IA,backfill/bln_integrated.csv,2017,source_identity_unresolved,52
IA,backfill/bln_integrated.csv,2018,source_identity_unresolved,81
IA,backfill/bln_integrated.csv,2019,source_identity_unresolved,79
IA,backfill/bln_integrated.csv,2019,superseded_source_row,2
IA,backfill/bln_integrated.csv,2020,source_identity_unresolved,64
IA,backfill/bln_integrated.csv,2020,superseded_source_row,9
IA,backfill/bln_integrated.csv,2021,source_identity_unresolved,35
IA,backfill/bln_integrated.csv,2021,superseded_source_row,3
IA,backfill/bln_integrated.csv,2022,source_identity_unresolved,63
IA,backfill/bln_integrated.csv,2022,superseded_source_row,41
IA,backfill/bln_integrated.csv,2023,source_identity_unresolved,76
IA,backfill/bln_integrated.csv,2023,superseded_source_row,38
IA,backfill/bln_integrated.csv,2024,source_identity_unresolved,91
IA,backfill/bln_integrated.csv,2024,superseded_source_row,61
IA,backfill/bln_integrated.csv,2025,source_identity_unresolved,123
IA,backfill/bln_integrated.csv,2025,superseded_source_row,110
IA,backfill/bln_integrated.csv,2026,source_identity_unresolved,62
IA,backfill/bln_integrated.csv,2026,superseded_source_row,50
IA,backfill/raw/ia.csv,2013,conflicting_same_key,2
IA,backfill/raw/ia.csv,2015,conflicting_same_key,2
IA,backfill/raw/ia.csv,2016,conflicting_same_key,6
IA,backfill/raw/ia.csv,2018,conflicting_same_key,2
IA,backfill/raw/ia.csv,2026,conflicting_same_key,27
IA,raw/ia.csv,2013,conflicting_same_key,2
IA,raw/ia.csv,2015,conflicting_same_key,2
IA,raw/ia.csv,2016,conflicting_same_key,6
IA,raw/ia.csv,2018,conflicting_same_key,2
IA,raw/ia.csv,2026,conflicting_same_key,27
ID,backfill/bln_integrated.csv,2012,unmatched_after_conservative_fill,2
ID,backfill/bln_integrated.csv,2014,superseded_source_row,1
ID,backfill/bln_integrated.csv,2016,superseded_source_row,1
ID,backfill/bln_integrated.csv,2016,unmatched_after_conservative_fill,2
ID,backfill/bln_integrated.csv,2018,unmatched_after_conservative_fill,1
ID,backfill/bln_integrated.csv,2020,superseded_source_row,10
ID,backfill/bln_integrated.csv,2020,unmatched_after_conservative_fill,10
ID,backfill/bln_integrated.csv,2022,unmatched_after_conservative_fill,1
ID,backfill/bln_integrated.csv,2023,superseded_source_row,5
ID,backfill/bln_integrated.csv,2023,unmatched_after_conservative_fill,1
ID,backfill/bln_integrated.csv,2024,superseded_source_row,1
ID,backfill/bln_integrated.csv,2024,unmatched_after_conservative_fill,1
ID,backfill/bln_integrated.csv,2025,superseded_source_row,1
ID,backfill/bln_integrated.csv,2025,unmatched_after_conservative_fill,1
ID,backfill/bln_integrated.csv,2026,superseded_source_row,2
ID,backfill/bln_integrated.csv,unknown,missing_employer,5
IL,backfill/bln_integrated.csv,1988,unmatched_after_conservative_fill,1
IL,backfill/bln_integrated.csv,1989,unmatched_after_conservative_fill,14
IL,backfill/bln_integrated.csv,1990,unmatched_after_conservative_fill,20
IL,backfill/bln_integrated.csv,1991,unmatched_after_conservative_fill,28
IL,backfill/bln_integrated.csv,1992,unmatched_after_conservative_fill,23
IL,backfill/bln_integrated.csv,1993,superseded_source_row,1
IL,backfill/bln_integrated.csv,1993,unmatched_after_conservative_fill,36
IL,backfill/bln_integrated.csv,1994,unmatched_after_conservative_fill,27
IL,backfill/bln_integrated.csv,1995,unmatched_after_conservative_fill,37
IL,backfill/bln_integrated.csv,1996,unmatched_after_conservative_fill,47
IL,backfill/bln_integrated.csv,1997,unmatched_after_conservative_fill,33
IL,backfill/bln_integrated.csv,1998,unmatched_after_conservative_fill,23
IL,backfill/bln_integrated.csv,1999,unmatched_after_conservative_fill,6
IL,backfill/bln_integrated.csv,2000,unmatched_after_conservative_fill,2
IL,backfill/bln_integrated.csv,2001,unmatched_after_conservative_fill,7
IL,backfill/bln_integrated.csv,2002,unmatched_after_conservative_fill,20
IL,backfill/bln_integrated.csv,2003,unmatched_after_conservative_fill,20
IL,backfill/bln_integrated.csv,2004,unmatched_after_conservative_fill,29
IL,backfill/bln_integrated.csv,2005,unmatched_after_conservative_fill,24
IL,backfill/bln_integrated.csv,2006,unmatched_after_conservative_fill,27
IL,backfill/bln_integrated.csv,2007,unmatched_after_conservative_fill,27
IL,backfill/bln_integrated.csv,2008,superseded_source_row,2
IL,backfill/bln_integrated.csv,2008,unmatched_after_conservative_fill,48
IL,backfill/bln_integrated.csv,2009,superseded_source_row,2
IL,backfill/bln_integrated.csv,2009,unmatched_after_conservative_fill,78
IL,backfill/bln_integrated.csv,2010,superseded_source_row,2
IL,backfill/bln_integrated.csv,2010,unmatched_after_conservative_fill,25
IL,backfill/bln_integrated.csv,2011,superseded_source_row,1
IL,backfill/bln_integrated.csv,2011,unmatched_after_conservative_fill,15
IL,backfill/bln_integrated.csv,2012,superseded_source_row,1
IL,backfill/bln_integrated.csv,2012,unmatched_after_conservative_fill,48
IL,backfill/bln_integrated.csv,2013,unmatched_after_conservative_fill,25
IL,backfill/bln_integrated.csv,2014,superseded_source_row,1
IL,backfill/bln_integrated.csv,2014,unmatched_after_conservative_fill,25
IL,backfill/bln_integrated.csv,2015,unmatched_after_conservative_fill,36
IL,backfill/bln_integrated.csv,2016,unmatched_after_conservative_fill,53
IL,backfill/bln_integrated.csv,2017,superseded_source_row,1
IL,backfill/bln_integrated.csv,2017,unmatched_after_conservative_fill,43
IL,backfill/bln_integrated.csv,2018,superseded_source_row,1
IL,backfill/bln_integrated.csv,2018,unmatched_after_conservative_fill,51
IL,backfill/bln_integrated.csv,2019,superseded_source_row,7
IL,backfill/bln_integrated.csv,2019,unmatched_after_conservative_fill,38
IL,backfill/bln_integrated.csv,2020,superseded_source_row,1
IL,backfill/bln_integrated.csv,2020,unmatched_after_conservative_fill,35
IL,backfill/bln_integrated.csv,2021,superseded_source_row,8
IL,backfill/bln_integrated.csv,2021,unmatched_after_conservative_fill,24
IL,backfill/bln_integrated.csv,2022,superseded_source_row,17
IL,backfill/bln_integrated.csv,2022,unmatched_after_conservative_fill,36
IL,backfill/bln_integrated.csv,2023,superseded_source_row,30
IL,backfill/bln_integrated.csv,2023,unmatched_after_conservative_fill,26
IL,backfill/bln_integrated.csv,2024,superseded_source_row,18
IL,backfill/bln_integrated.csv,2024,unmatched_after_conservative_fill,9
IL,backfill/bln_integrated.csv,2025,superseded_source_row,21
IL,backfill/bln_integrated.csv,2025,unmatched_after_conservative_fill,1
IL,backfill/bln_integrated.csv,2026,superseded_source_row,14
IL,backfill/bln_integrated.csv,2026,unmatched_after_conservative_fill,4
IL,backfill/bln_integrated.csv,unknown,unmatched_after_conservative_fill,3
IN,backfill/bln_integrated.csv,2008,unmatched_after_conservative_fill,4
IN,backfill/bln_integrated.csv,2009,superseded_source_row,1
IN,backfill/bln_integrated.csv,2009,unmatched_after_conservative_fill,6
IN,backfill/bln_integrated.csv,2010,superseded_source_row,1
IN,backfill/bln_integrated.csv,2010,unmatched_after_conservative_fill,9
IN,backfill/bln_integrated.csv,2011,superseded_source_row,1
IN,backfill/bln_integrated.csv,2011,unmatched_after_conservative_fill,9
IN,backfill/bln_integrated.csv,2012,superseded_source_row,2
IN,backfill/bln_integrated.csv,2012,unmatched_after_conservative_fill,12
IN,backfill/bln_integrated.csv,2013,superseded_source_row,2
IN,backfill/bln_integrated.csv,2013,unmatched_after_conservative_fill,11
IN,backfill/bln_integrated.csv,2014,superseded_source_row,2
IN,backfill/bln_integrated.csv,2014,unmatched_after_conservative_fill,2
IN,backfill/bln_integrated.csv,2015,unmatched_after_conservative_fill,7
IN,backfill/bln_integrated.csv,2016,unmatched_after_conservative_fill,6
IN,backfill/bln_integrated.csv,2017,superseded_source_row,3
IN,backfill/bln_integrated.csv,2017,unmatched_after_conservative_fill,11
IN,backfill/bln_integrated.csv,2018,superseded_source_row,1
IN,backfill/bln_integrated.csv,2018,unmatched_after_conservative_fill,2
IN,backfill/bln_integrated.csv,2019,superseded_source_row,1
IN,backfill/bln_integrated.csv,2019,unmatched_after_conservative_fill,7
IN,backfill/bln_integrated.csv,2020,superseded_source_row,16
IN,backfill/bln_integrated.csv,2020,unmatched_after_conservative_fill,2
IN,backfill/bln_integrated.csv,2021,superseded_source_row,1
IN,backfill/bln_integrated.csv,2022,superseded_source_row,1
IN,backfill/bln_integrated.csv,2023,superseded_source_row,3
IN,backfill/bln_integrated.csv,2024,superseded_source_row,4
IN,backfill/bln_integrated.csv,2024,unmatched_after_conservative_fill,1
IN,backfill/bln_integrated.csv,2025,superseded_source_row,3
IN,backfill/bln_integrated.csv,2025,unmatched_after_conservative_fill,1
KS,backfill/bln_integrated.csv,1998,unmatched_after_conservative_fill,49
KS,backfill/bln_integrated.csv,1999,unmatched_after_conservative_fill,87
KS,backfill/bln_integrated.csv,2000,unmatched_after_conservative_fill,22
KS,backfill/bln_integrated.csv,2001,unmatched_after_conservative_fill,94
KS,backfill/bln_integrated.csv,2002,unmatched_after_conservative_fill,178
KS,backfill/bln_integrated.csv,2003,unmatched_after_conservative_fill,154
KS,backfill/bln_integrated.csv,2004,unmatched_after_conservative_fill,125
KS,backfill/bln_integrated.csv,2005,unmatched_after_conservative_fill,88
KS,backfill/bln_integrated.csv,2006,unmatched_after_conservative_fill,65
KS,backfill/bln_integrated.csv,2007,unmatched_after_conservative_fill,37
KS,backfill/bln_integrated.csv,2008,unmatched_after_conservative_fill,100
KS,backfill/bln_integrated.csv,2009,unmatched_after_conservative_fill,211
KS,backfill/bln_integrated.csv,2010,unmatched_after_conservative_fill,102
KS,backfill/bln_integrated.csv,2011,unmatched_after_conservative_fill,95
KS,backfill/bln_integrated.csv,2012,unmatched_after_conservative_fill,95
KS,backfill/bln_integrated.csv,2013,unmatched_after_conservative_fill,60
KS,backfill/bln_integrated.csv,2014,unmatched_after_conservative_fill,72
KS,backfill/bln_integrated.csv,2015,unmatched_after_conservative_fill,63
KS,backfill/bln_integrated.csv,2016,unmatched_after_conservative_fill,63
KS,backfill/bln_integrated.csv,2017,unmatched_after_conservative_fill,52
KS,backfill/bln_integrated.csv,2018,unmatched_after_conservative_fill,39
KS,backfill/bln_integrated.csv,2019,unmatched_after_conservative_fill,84
KS,backfill/bln_integrated.csv,2020,unmatched_after_conservative_fill,107
KS,backfill/bln_integrated.csv,2021,superseded_source_row,6
KS,backfill/bln_integrated.csv,2021,unmatched_after_conservative_fill,22
KS,backfill/bln_integrated.csv,2022,superseded_source_row,26
KS,backfill/bln_integrated.csv,2022,unmatched_after_conservative_fill,24
KS,backfill/bln_integrated.csv,2023,superseded_source_row,45
KS,backfill/bln_integrated.csv,2024,superseded_source_row,37
KS,backfill/bln_integrated.csv,2024,unmatched_after_conservative_fill,27
KS,backfill/bln_integrated.csv,2025,superseded_source_row,35
KS,backfill/bln_integrated.csv,2026,superseded_source_row,5
KS,backfill/bln_integrated.csv,2026,unmatched_after_conservative_fill,7
KY,backfill/bln_integrated.csv,1998,source_identity_unresolved,18
KY,backfill/bln_integrated.csv,1998,superseded_source_row,4
KY,backfill/bln_integrated.csv,1999,source_identity_unresolved,50
KY,backfill/bln_integrated.csv,1999,superseded_source_row,46
KY,backfill/bln_integrated.csv,2000,source_identity_unresolved,70
KY,backfill/bln_integrated.csv,2000,superseded_source_row,32
KY,backfill/bln_integrated.csv,2001,source_identity_unresolved,138
KY,backfill/bln_integrated.csv,2001,superseded_source_row,7
KY,backfill/bln_integrated.csv,2002,source_identity_unresolved,22
KY,backfill/bln_integrated.csv,2002,superseded_source_row,2
KY,backfill/bln_integrated.csv,2003,source_identity_unresolved,5
KY,backfill/bln_integrated.csv,2003,superseded_source_row,3
KY,backfill/bln_integrated.csv,2004,source_identity_unresolved,99
KY,backfill/bln_integrated.csv,2004,superseded_source_row,1
KY,backfill/bln_integrated.csv,2005,source_identity_unresolved,10
KY,backfill/bln_integrated.csv,2005,superseded_source_row,4
KY,backfill/bln_integrated.csv,2006,source_identity_unresolved,23
KY,backfill/bln_integrated.csv,2006,superseded_source_row,8
KY,backfill/bln_integrated.csv,2007,source_identity_unresolved,11
KY,backfill/bln_integrated.csv,2007,superseded_source_row,19
KY,backfill/bln_integrated.csv,2008,source_identity_unresolved,74
KY,backfill/bln_integrated.csv,2008,superseded_source_row,108
KY,backfill/bln_integrated.csv,2009,source_identity_unresolved,105
KY,backfill/bln_integrated.csv,2009,superseded_source_row,138
KY,backfill/bln_integrated.csv,2010,source_identity_unresolved,53
KY,backfill/bln_integrated.csv,2010,superseded_source_row,74
KY,backfill/bln_integrated.csv,2011,source_identity_unresolved,40
KY,backfill/bln_integrated.csv,2011,superseded_source_row,51
KY,backfill/bln_integrated.csv,2012,source_identity_unresolved,82
KY,backfill/bln_integrated.csv,2012,superseded_source_row,123
KY,backfill/bln_integrated.csv,2013,source_identity_unresolved,74
KY,backfill/bln_integrated.csv,2013,superseded_source_row,100
KY,backfill/bln_integrated.csv,2014,source_identity_unresolved,46
KY,backfill/bln_integrated.csv,2014,superseded_source_row,55
KY,backfill/bln_integrated.csv,2015,source_identity_unresolved,85
KY,backfill/bln_integrated.csv,2015,superseded_source_row,135
KY,backfill/bln_integrated.csv,2016,source_identity_unresolved,42
KY,backfill/bln_integrated.csv,2016,superseded_source_row,84
KY,backfill/bln_integrated.csv,2017,source_identity_unresolved,34
KY,backfill/bln_integrated.csv,2017,superseded_source_row,55
KY,backfill/bln_integrated.csv,2018,source_identity_unresolved,43
KY,backfill/bln_integrated.csv,2018,superseded_source_row,31
KY,backfill/bln_integrated.csv,2019,source_identity_unresolved,50
KY,backfill/bln_integrated.csv,2019,superseded_source_row,22
KY,backfill/bln_integrated.csv,2020,source_identity_unresolved,148
KY,backfill/bln_integrated.csv,2020,superseded_source_row,115
KY,backfill/bln_integrated.csv,2021,source_identity_unresolved,33
KY,backfill/bln_integrated.csv,2021,superseded_source_row,16
KY,backfill/bln_integrated.csv,2022,source_identity_unresolved,17
KY,backfill/bln_integrated.csv,2022,superseded_source_row,14
KY,backfill/bln_integrated.csv,2023,source_identity_unresolved,49
KY,backfill/bln_integrated.csv,2023,superseded_source_row,36
KY,backfill/bln_integrated.csv,2024,source_identity_unresolved,55
KY,backfill/bln_integrated.csv,2024,superseded_source_row,42
KY,backfill/bln_integrated.csv,2025,source_identity_unresolved,70
KY,backfill/bln_integrated.csv,2025,superseded_source_row,48
KY,backfill/bln_integrated.csv,2026,source_identity_unresolved,32
KY,backfill/bln_integrated.csv,2026,superseded_source_row,7
KY,backfill/bln_integrated.csv,unknown,source_identity_unresolved,277
KY,backfill/bln_integrated.csv,unknown,superseded_source_row,8
LA,agency/la/2025.pdf,unknown,official_source_annotation,1
LA,agency/la/2025.pdf,unknown,official_source_held_for_review,6
LA,agency/la/2025.pdf,unknown,official_source_rescinded,1
LA,backfill/bln_integrated.csv,2022,superseded_source_row,2
LA,backfill/bln_integrated.csv,2023,missing_employer,2
LA,backfill/bln_integrated.csv,2023,superseded_source_row,9
LA,backfill/bln_integrated.csv,2024,superseded_source_row,4
LA,backfill/bln_integrated.csv,2025,held_with_official_source,9
LA,backfill/bln_integrated.csv,2025,rescinded_by_official_source,4
LA,backfill/bln_integrated.csv,2025,superseded_by_official_source,31
LA,backfill/bln_integrated.csv,2025,superseded_source_row,1
LA,backfill/bln_integrated.csv,2025,unmatched_after_conservative_fill,1
LA,backfill/bln_integrated.csv,2026,superseded_by_official_source,12
LA,backfill/bln_integrated.csv,2026,superseded_source_row,1
LA,backfill/bln_integrated.csv,unknown,superseded_by_official_source,1
LA,backfill/bln_integrated.csv,unknown,unmatched_after_conservative_fill,1
LA,raw/la.csv,unknown,missing_source_file,1
MA,backfill/bln_integrated.csv,2021,source_identity_unresolved,19
MA,backfill/bln_integrated.csv,2022,source_identity_unresolved,48
MA,backfill/bln_integrated.csv,2023,source_identity_unresolved,81
MA,backfill/bln_integrated.csv,2024,source_identity_unresolved,78
MA,backfill/bln_integrated.csv,2025,source_identity_unresolved,91
MA,backfill/bln_integrated.csv,2026,source_identity_unresolved,57
MA,backfill/bln_integrated.csv,unknown,source_identity_unresolved,4
MD,backfill/bln_integrated.csv,2022,superseded_source_row,12
MD,backfill/bln_integrated.csv,2022,unmatched_after_conservative_fill,3
MD,backfill/bln_integrated.csv,2023,superseded_source_row,10
MD,backfill/bln_integrated.csv,2023,unmatched_after_conservative_fill,2
MD,backfill/bln_integrated.csv,2024,superseded_source_row,7
MD,backfill/bln_integrated.csv,2024,unmatched_after_conservative_fill,2
MD,backfill/bln_integrated.csv,2025,superseded_source_row,18
MD,backfill/bln_integrated.csv,2025,unmatched_after_conservative_fill,2
MD,backfill/bln_integrated.csv,2026,superseded_source_row,3
MD,backfill/bln_integrated.csv,2026,unmatched_after_conservative_fill,4
ME,backfill/bln_integrated.csv,2017,unmatched_after_conservative_fill,2
ME,backfill/bln_integrated.csv,2019,unmatched_after_conservative_fill,6
ME,backfill/bln_integrated.csv,2020,unmatched_after_conservative_fill,2
ME,backfill/bln_integrated.csv,2021,superseded_source_row,1
ME,backfill/bln_integrated.csv,2021,unmatched_after_conservative_fill,2
ME,backfill/bln_integrated.csv,2022,superseded_source_row,49
ME,backfill/bln_integrated.csv,2023,superseded_source_row,97
ME,backfill/bln_integrated.csv,2024,superseded_source_row,62
ME,backfill/bln_integrated.csv,2024,unmatched_after_conservative_fill,12
ME,backfill/bln_integrated.csv,2025,superseded_source_row,42
ME,backfill/bln_integrated.csv,2025,unmatched_after_conservative_fill,10
ME,backfill/bln_integrated.csv,2026,superseded_source_row,2
ME,backfill/raw/me.csv,2017,conflicting_same_key,3
ME,backfill/raw/me.csv,2019,conflicting_same_key,6
ME,backfill/raw/me.csv,2020,conflicting_same_key,2
ME,backfill/raw/me.csv,2021,conflicting_same_key,2
MI,backfill/bln_integrated.csv,2018,superseded_source_row,1
MI,backfill/bln_integrated.csv,2020,superseded_source_row,2
MI,backfill/bln_integrated.csv,2021,superseded_source_row,1
MI,backfill/bln_integrated.csv,2022,superseded_source_row,4
MI,backfill/bln_integrated.csv,2023,superseded_source_row,7
MI,backfill/bln_integrated.csv,2024,superseded_source_row,9
MI,backfill/bln_integrated.csv,2025,superseded_source_row,3
MI,backfill/bln_integrated.csv,unknown,superseded_source_row,13
MI,backfill/bln_integrated.csv,unknown,unmatched_after_conservative_fill,514
MO,backfill/bln_integrated.csv,2021,superseded_source_row,4
MO,backfill/bln_integrated.csv,2022,superseded_source_row,3
MO,backfill/bln_integrated.csv,2023,superseded_source_row,2
MO,backfill/bln_integrated.csv,2024,superseded_source_row,3
MO,backfill/bln_integrated.csv,2025,superseded_source_row,8
MO,backfill/bln_integrated.csv,2025,unmatched_after_conservative_fill,1
MO,backfill/bln_integrated.csv,2026,superseded_source_row,2
MS,backfill/bln_integrated.csv,unknown,missing_employer,1
MS,backfill/raw/ms.csv,unknown,parse_failure,1
MT,backfill/bln_integrated.csv,2025,superseded_source_row,1
NC,raw/nc.csv,unknown,parse_failure,3
ND,backfill/bln_integrated.csv,2015,unmatched_after_conservative_fill,7
ND,backfill/bln_integrated.csv,2016,unmatched_after_conservative_fill,9
ND,backfill/bln_integrated.csv,2017,unmatched_after_conservative_fill,3
ND,backfill/bln_integrated.csv,2018,unmatched_after_conservative_fill,2
ND,backfill/bln_integrated.csv,2019,unmatched_after_conservative_fill,1
ND,backfill/bln_integrated.csv,2020,superseded_source_row,2
ND,backfill/bln_integrated.csv,2020,unmatched_after_conservative_fill,15
ND,backfill/bln_integrated.csv,2022,unmatched_after_conservative_fill,1
ND,backfill/bln_integrated.csv,2023,unmatched_after_conservative_fill,4
ND,backfill/bln_integrated.csv,2025,unmatched_after_conservative_fill,3
NE,backfill/bln_integrated.csv,2017,superseded_source_row,1
NE,backfill/bln_integrated.csv,2017,unmatched_after_conservative_fill,2
NE,backfill/bln_integrated.csv,2023,superseded_source_row,3
NE,backfill/bln_integrated.csv,2024,superseded_source_row,3
NE,backfill/bln_integrated.csv,2025,superseded_source_row,1
NE,backfill/raw/ne.csv,2017,conflicting_same_key,2
NJ,backfill/bln_integrated.csv,unknown,source_identity_unresolved,2321
NJ,backfill/bln_integrated.csv,unknown,superseded_source_row,92
NJ,backfill/raw/nj.csv,unknown,historical_event_identity_unresolved,51
NJ,backfill/raw/nj.csv,unknown,parse_failure,1
NJ,raw/nj.csv,unknown,duplicate_source_observation,50
NJ,raw/nj.csv,unknown,parse_failure,1
NM,backfill/bln_integrated.csv,2022,missing_employer,1
NM,backfill/bln_integrated.csv,2022,superseded_source_row,3
NM,backfill/bln_integrated.csv,unknown,missing_employer,1
NM,raw/nm.csv,unknown,parse_failure,1
NY,agency-cache:NY,2009,conflicting_same_key,4
NY,agency-cache:NY,2010,conflicting_same_key,4
NY,agency-cache:NY,2012,conflicting_same_key,6
NY,agency-cache:NY,2013,conflicting_same_key,55
NY,agency-cache:NY,2014,conflicting_same_key,132
NY,agency-cache:NY,2015,conflicting_same_key,39
NY,backfill/bln_integrated.csv,2016,unmatched_after_conservative_fill,143
NY,backfill/bln_integrated.csv,2019,superseded_source_row,2
NY,backfill/bln_integrated.csv,2020,superseded_source_row,12
NY,backfill/bln_integrated.csv,2021,superseded_source_row,13
NY,backfill/bln_integrated.csv,2022,duplicate_observation_with_reviewed_survivor,1
NY,backfill/bln_integrated.csv,2022,superseded_source_row,17
NY,backfill/bln_integrated.csv,2023,superseded_source_row,39
NY,backfill/bln_integrated.csv,2024,superseded_source_row,92
NY,backfill/bln_integrated.csv,2025,superseded_source_row,205
NY,backfill/bln_integrated.csv,2025,unmatched_after_conservative_fill,69
NY,backfill/bln_integrated.csv,2026,superseded_source_row,23
NY,backfill/bln_integrated.csv,2026,unmatched_after_conservative_fill,142
OH,agency-cache:OH,2002,conflicting_same_key,4
OH,agency-cache:OH,2003,conflicting_same_key,2
OH,agency-cache:OH,2005,conflicting_same_key,2
OH,agency-cache:OH,2006,conflicting_same_key,2
OH,agency-cache:OH,2012,conflicting_same_key,6
OH,backfill/bln_integrated.csv,2015,unmatched_after_conservative_fill,22
OH,backfill/bln_integrated.csv,2016,unmatched_after_conservative_fill,37
OH,backfill/bln_integrated.csv,2020,superseded_source_row,3
OH,backfill/bln_integrated.csv,2022,superseded_source_row,6
OH,backfill/bln_integrated.csv,2022,unmatched_after_conservative_fill,2
OH,backfill/bln_integrated.csv,2023,superseded_source_row,9
OH,backfill/bln_integrated.csv,2023,unmatched_after_conservative_fill,14
OH,backfill/bln_integrated.csv,2024,superseded_source_row,10
OH,backfill/bln_integrated.csv,2025,superseded_source_row,26
OH,backfill/bln_integrated.csv,2025,unmatched_after_conservative_fill,10
OH,backfill/bln_integrated.csv,2026,superseded_source_row,5
OH,backfill/bln_integrated.csv,2026,unmatched_after_conservative_fill,10
OH,backfill/bln_integrated.csv,unknown,missing_employer,1
OH,backfill/raw/oh.csv,unknown,parse_failure,57
OK,backfill/bln_integrated.csv,2001,unmatched_after_conservative_fill,6
OK,backfill/bln_integrated.csv,2002,superseded_source_row,2
OK,backfill/bln_integrated.csv,2002,unmatched_after_conservative_fill,31
OK,backfill/bln_integrated.csv,2003,superseded_source_row,1
OK,backfill/bln_integrated.csv,2003,unmatched_after_conservative_fill,11
OK,backfill/bln_integrated.csv,2004,superseded_source_row,2
OK,backfill/bln_integrated.csv,2004,unmatched_after_conservative_fill,6
OK,backfill/bln_integrated.csv,2005,superseded_source_row,1
OK,backfill/bln_integrated.csv,2005,unmatched_after_conservative_fill,1
OK,backfill/bln_integrated.csv,2006,unmatched_after_conservative_fill,13
OK,backfill/bln_integrated.csv,2007,superseded_source_row,3
OK,backfill/bln_integrated.csv,2007,unmatched_after_conservative_fill,3
OK,backfill/bln_integrated.csv,2008,unmatched_after_conservative_fill,7
OK,backfill/bln_integrated.csv,2009,superseded_source_row,8
OK,backfill/bln_integrated.csv,2009,unmatched_after_conservative_fill,18
OK,backfill/bln_integrated.csv,2010,superseded_source_row,3
OK,backfill/bln_integrated.csv,2010,unmatched_after_conservative_fill,20
OK,backfill/bln_integrated.csv,2011,superseded_source_row,1
OK,backfill/bln_integrated.csv,2011,unmatched_after_conservative_fill,12
OK,backfill/bln_integrated.csv,2012,superseded_source_row,2
OK,backfill/bln_integrated.csv,2012,unmatched_after_conservative_fill,8
OK,backfill/bln_integrated.csv,2013,superseded_source_row,2
OK,backfill/bln_integrated.csv,2013,unmatched_after_conservative_fill,20
OK,backfill/bln_integrated.csv,2014,superseded_source_row,1
OK,backfill/bln_integrated.csv,2014,unmatched_after_conservative_fill,9
OK,backfill/bln_integrated.csv,2015,superseded_source_row,2
OK,backfill/bln_integrated.csv,2015,unmatched_after_conservative_fill,29
OK,backfill/bln_integrated.csv,2016,superseded_source_row,2
OK,backfill/bln_integrated.csv,2016,unmatched_after_conservative_fill,36
OK,backfill/bln_integrated.csv,2017,superseded_source_row,2
OK,backfill/bln_integrated.csv,2017,unmatched_after_conservative_fill,10
OK,backfill/bln_integrated.csv,2018,superseded_source_row,2
OK,backfill/bln_integrated.csv,2018,unmatched_after_conservative_fill,4
OK,backfill/bln_integrated.csv,2019,superseded_source_row,9
OK,backfill/bln_integrated.csv,2019,unmatched_after_conservative_fill,18
OK,backfill/bln_integrated.csv,2020,superseded_source_row,31
OK,backfill/bln_integrated.csv,2020,unmatched_after_conservative_fill,57
OK,backfill/bln_integrated.csv,2021,unmatched_after_conservative_fill,10
OK,backfill/bln_integrated.csv,2022,superseded_source_row,19
OK,backfill/bln_integrated.csv,2022,unmatched_after_conservative_fill,6
OK,backfill/bln_integrated.csv,2023,superseded_source_row,15
OK,backfill/bln_integrated.csv,2023,unmatched_after_conservative_fill,8
OK,backfill/bln_integrated.csv,2024,superseded_source_row,7
OK,backfill/bln_integrated.csv,2024,unmatched_after_conservative_fill,7
OR,backfill/bln_integrated.csv,2020,superseded_source_row,2
OR,backfill/bln_integrated.csv,2021,superseded_source_row,1
OR,backfill/bln_integrated.csv,2023,superseded_source_row,11
OR,backfill/bln_integrated.csv,2024,superseded_source_row,16
OR,backfill/bln_integrated.csv,2025,superseded_source_row,23
OR,backfill/bln_integrated.csv,2025,unmatched_after_conservative_fill,5
OR,backfill/bln_integrated.csv,2026,superseded_source_row,11
PA,backfill/bln_integrated.csv,unknown,superseded_source_row,2
PA,backfill/bln_integrated.csv,unknown,unmatched_after_conservative_fill,3
RI,backfill/bln_integrated.csv,unknown,superseded_source_row,6
RI,backfill/bln_integrated.csv,unknown,unmatched_after_conservative_fill,126
RI,backfill/raw/ri.csv,unknown,parse_failure,1
RI,raw/ri.csv,unknown,parse_failure,1
SC,backfill/bln_integrated.csv,2012,source_identity_unresolved,17
SC,backfill/bln_integrated.csv,2013,source_identity_unresolved,29
SC,backfill/bln_integrated.csv,2013,superseded_source_row,9
SC,backfill/bln_integrated.csv,2014,source_identity_unresolved,19
SC,backfill/bln_integrated.csv,2014,superseded_source_row,1
SC,backfill/bln_integrated.csv,2015,source_identity_unresolved,31
SC,backfill/bln_integrated.csv,2015,superseded_source_row,4
SC,backfill/bln_integrated.csv,2016,source_identity_unresolved,32
SC,backfill/bln_integrated.csv,2016,superseded_source_row,1
SC,backfill/bln_integrated.csv,2017,source_identity_unresolved,26
SC,backfill/bln_integrated.csv,2017,superseded_source_row,2
SC,backfill/bln_integrated.csv,2018,source_identity_unresolved,30
SC,backfill/bln_integrated.csv,2018,superseded_source_row,5
SC,backfill/bln_integrated.csv,2019,source_identity_unresolved,51
SC,backfill/bln_integrated.csv,2019,superseded_source_row,15
SC,backfill/bln_integrated.csv,2020,source_identity_unresolved,148
SC,backfill/bln_integrated.csv,2020,superseded_source_row,32
SC,backfill/bln_integrated.csv,2021,source_identity_unresolved,31
SC,backfill/bln_integrated.csv,2021,superseded_source_row,8
SC,backfill/bln_integrated.csv,2022,source_identity_unresolved,39
SC,backfill/bln_integrated.csv,2022,superseded_source_row,22
SC,backfill/bln_integrated.csv,2023,source_identity_unresolved,52
SC,backfill/bln_integrated.csv,2023,superseded_source_row,5
SC,backfill/bln_integrated.csv,2024,source_identity_unresolved,47
SC,backfill/bln_integrated.csv,2024,superseded_source_row,13
SC,backfill/bln_integrated.csv,2025,source_identity_unresolved,42
SC,backfill/bln_integrated.csv,2025,superseded_source_row,10
SC,backfill/bln_integrated.csv,2026,source_identity_unresolved,34
SC,backfill/bln_integrated.csv,2026,superseded_source_row,8
SC,backfill/bln_integrated.csv,unknown,source_identity_unresolved,3
SD,backfill/bln_integrated.csv,2023,superseded_source_row,1
SD,backfill/bln_integrated.csv,2025,superseded_source_row,1
TN,backfill/bln_integrated.csv,2012,superseded_source_row,5
TN,backfill/bln_integrated.csv,2013,superseded_source_row,6
TN,backfill/bln_integrated.csv,2014,superseded_source_row,2
TN,backfill/bln_integrated.csv,2015,superseded_source_row,10
TN,backfill/bln_integrated.csv,2016,superseded_source_row,10
TN,backfill/bln_integrated.csv,2019,missing_employer,3
TN,backfill/bln_integrated.csv,2020,superseded_source_row,1
TN,backfill/bln_integrated.csv,2024,superseded_source_row,1
TN,backfill/bln_integrated.csv,2024,unmatched_after_conservative_fill,19
TN,backfill/bln_integrated.csv,2025,superseded_source_row,1
TN,backfill/bln_integrated.csv,2026,superseded_source_row,1
TN,backfill/raw/tn.csv,unknown,parse_failure,3
TN,raw/tn.csv,unknown,parse_failure,3
TX,agency/tx,unknown,anomalous_source_effective_year_requires_review,3
TX,agency/tx,unknown,no_current_raw_match,1
TX,agency/tx,unknown,same_key_version_raw_conflict,1
TX,backfill/bln_integrated.csv,2003,superseded_source_row,2
TX,backfill/bln_integrated.csv,2017,superseded_source_row,1
TX,backfill/bln_integrated.csv,2019,unmatched_after_conservative_fill,46
TX,backfill/bln_integrated.csv,2020,superseded_source_row,1
TX,backfill/bln_integrated.csv,2022,superseded_source_row,2
TX,backfill/bln_integrated.csv,2023,missing_employer,1
TX,backfill/bln_integrated.csv,2023,superseded_source_row,18
TX,backfill/bln_integrated.csv,2023,unmatched_after_conservative_fill,1
TX,backfill/bln_integrated.csv,2024,superseded_source_row,11
TX,backfill/bln_integrated.csv,2024,unmatched_after_conservative_fill,11
TX,backfill/bln_integrated.csv,2025,superseded_source_row,17
TX,backfill/bln_integrated.csv,2025,unmatched_after_conservative_fill,1
TX,backfill/bln_integrated.csv,2026,superseded_source_row,4
TX,raw/tx.csv,unknown,anomalous_raw_effective_year_outside_annual_corpus,1
UT,backfill/bln_integrated.csv,2009,superseded_source_row,1
UT,backfill/bln_integrated.csv,2025,superseded_source_row,3
UT,backfill/bln_integrated.csv,2026,unmatched_after_conservative_fill,1
VA,backfill/bln_integrated.csv,2010,superseded_source_row,335
VA,backfill/bln_integrated.csv,2010,unmatched_after_conservative_fill,14
VA,backfill/bln_integrated.csv,2011,superseded_source_row,47
VA,backfill/bln_integrated.csv,2011,unmatched_after_conservative_fill,33
VA,backfill/bln_integrated.csv,2012,superseded_source_row,57
VA,backfill/bln_integrated.csv,2012,unmatched_after_conservative_fill,42
VA,backfill/bln_integrated.csv,2013,superseded_source_row,56
VA,backfill/bln_integrated.csv,2013,unmatched_after_conservative_fill,32
VA,backfill/bln_integrated.csv,2014,superseded_source_row,44
VA,backfill/bln_integrated.csv,2014,unmatched_after_conservative_fill,43
VA,backfill/bln_integrated.csv,2015,superseded_source_row,44
VA,backfill/bln_integrated.csv,2015,unmatched_after_conservative_fill,25
VA,backfill/bln_integrated.csv,2016,superseded_source_row,31
VA,backfill/bln_integrated.csv,2016,unmatched_after_conservative_fill,36
VA,backfill/bln_integrated.csv,2017,superseded_source_row,29
VA,backfill/bln_integrated.csv,2017,unmatched_after_conservative_fill,40
VA,backfill/bln_integrated.csv,2018,superseded_source_row,53
VA,backfill/bln_integrated.csv,2018,unmatched_after_conservative_fill,61
VA,backfill/bln_integrated.csv,2019,superseded_source_row,44
VA,backfill/bln_integrated.csv,2019,unmatched_after_conservative_fill,39
VA,backfill/bln_integrated.csv,2020,superseded_source_row,146
VA,backfill/bln_integrated.csv,2020,unmatched_after_conservative_fill,130
VA,backfill/bln_integrated.csv,2021,superseded_source_row,17
VA,backfill/bln_integrated.csv,2021,unmatched_after_conservative_fill,28
VA,backfill/bln_integrated.csv,2022,superseded_source_row,20
VA,backfill/bln_integrated.csv,2022,unmatched_after_conservative_fill,16
VA,backfill/bln_integrated.csv,2023,superseded_source_row,51
VA,backfill/bln_integrated.csv,2023,unmatched_after_conservative_fill,40
VA,backfill/bln_integrated.csv,2024,superseded_source_row,25
VA,backfill/bln_integrated.csv,2024,unmatched_after_conservative_fill,21
VA,backfill/bln_integrated.csv,2025,superseded_source_row,20
VA,backfill/bln_integrated.csv,2025,unmatched_after_conservative_fill,6
VA,backfill/bln_integrated.csv,2026,superseded_source_row,70
VA,backfill/bln_integrated.csv,2026,unmatched_after_conservative_fill,2
VT,backfill/bln_integrated.csv,2012,unmatched_after_conservative_fill,2
VT,backfill/bln_integrated.csv,2022,superseded_source_row,4
VT,backfill/bln_integrated.csv,2023,superseded_source_row,9
VT,backfill/bln_integrated.csv,2024,superseded_source_row,10
VT,backfill/bln_integrated.csv,2025,superseded_source_row,9
VT,backfill/bln_integrated.csv,2025,unmatched_after_conservative_fill,3
VT,backfill/bln_integrated.csv,2026,superseded_source_row,4
VT,backfill/raw/vt.csv,2011,conflicting_same_key,2
VT,backfill/raw/vt.csv,2012,conflicting_same_key,2
WA,backfill/bln_integrated.csv,2004,source_identity_unresolved,39
WA,backfill/bln_integrated.csv,2005,source_identity_unresolved,65
WA,backfill/bln_integrated.csv,2006,source_identity_unresolved,59
WA,backfill/bln_integrated.csv,2007,source_identity_unresolved,62
WA,backfill/bln_integrated.csv,2008,source_identity_unresolved,63
WA,backfill/bln_integrated.csv,2009,source_identity_unresolved,76
WA,backfill/bln_integrated.csv,2010,source_identity_unresolved,35
WA,backfill/bln_integrated.csv,2011,source_identity_unresolved,35
WA,backfill/bln_integrated.csv,2012,source_identity_unresolved,46
WA,backfill/bln_integrated.csv,2013,source_identity_unresolved,46
WA,backfill/bln_integrated.csv,2014,source_identity_unresolved,47
WA,backfill/bln_integrated.csv,2015,source_identity_unresolved,41
WA,backfill/bln_integrated.csv,2016,source_identity_unresolved,59
WA,backfill/bln_integrated.csv,2017,source_identity_unresolved,42
WA,backfill/bln_integrated.csv,2018,source_identity_unresolved,35
WA,backfill/bln_integrated.csv,2019,source_identity_unresolved,63
WA,backfill/bln_integrated.csv,2020,source_identity_unresolved,267
WA,backfill/bln_integrated.csv,2020,superseded_source_row,1
WA,backfill/bln_integrated.csv,2021,source_identity_unresolved,33
WA,backfill/bln_integrated.csv,2021,superseded_source_row,1
WA,backfill/bln_integrated.csv,2022,source_identity_unresolved,29
WA,backfill/bln_integrated.csv,2022,superseded_source_row,5
WA,backfill/bln_integrated.csv,2023,source_identity_unresolved,66
WA,backfill/bln_integrated.csv,2023,superseded_source_row,9
WA,backfill/bln_integrated.csv,2024,source_identity_unresolved,60
WA,backfill/bln_integrated.csv,2024,superseded_source_row,10
WA,backfill/bln_integrated.csv,2025,source_identity_unresolved,113
WA,backfill/bln_integrated.csv,2025,superseded_source_row,15
WA,backfill/bln_integrated.csv,2026,source_identity_unresolved,70
WA,backfill/bln_integrated.csv,2026,superseded_source_row,20
WI,agency-cache:WI,1997,conflicting_same_key,4
WI,agency-cache:WI,1998,conflicting_same_key,2
WI,agency-cache:WI,2000,conflicting_same_key,2
WI,agency-cache:WI,2001,conflicting_same_key,12
WI,agency-cache:WI,2002,conflicting_same_key,8
WI,agency-cache:WI,2003,conflicting_same_key,14
WI,agency-cache:WI,2004,conflicting_same_key,6
WI,agency-cache:WI,2005,conflicting_same_key,2
WI,agency-cache:WI,2006,conflicting_same_key,4
WI,agency-cache:WI,2007,conflicting_same_key,3
WI,agency-cache:WI,2008,conflicting_same_key,16
WI,agency-cache:WI,2009,conflicting_same_key,41
WI,agency-cache:WI,2010,conflicting_same_key,10
WI,agency-cache:WI,2011,conflicting_same_key,6
WI,agency-cache:WI,2012,conflicting_same_key,19
WI,agency-cache:WI,2013,conflicting_same_key,2
WI,agency-cache:WI,2014,conflicting_same_key,10
WI,backfill/bln_integrated.csv,2016,unmatched_after_conservative_fill,2
WI,backfill/bln_integrated.csv,2020,superseded_source_row,2
WI,backfill/bln_integrated.csv,2021,superseded_source_row,4
WI,backfill/bln_integrated.csv,2021,unmatched_after_conservative_fill,1
WI,backfill/bln_integrated.csv,2022,unmatched_after_conservative_fill,1
WI,backfill/bln_integrated.csv,2023,superseded_source_row,3
WI,backfill/bln_integrated.csv,2024,superseded_source_row,10
WI,backfill/bln_integrated.csv,2024,unmatched_after_conservative_fill,10
WI,backfill/bln_integrated.csv,2025,superseded_source_row,4
WI,backfill/bln_integrated.csv,2026,superseded_source_row,2
WI,backfill/bln_integrated.csv,2026,unmatched_after_conservative_fill,3
WI,backfill/raw/wi.csv,2016,conflicting_same_key,2
