state,old_link_id,kind,method,score,old_notice_id,old_related_id,notice_source_id,related_source_id,notice_employer,related_employer,notice_date_previous,related_notice_date_previous,notice_effective_date,related_effective_date,review_status
MN,8090,possible_duplicate,dated-twin,1.0,34177,34897,2e6718064a7b990b4384b34d3bb636e59ffc36d08e4d8155fe95f790,a1f66733c6be405e2c346843a1d741d4b6f557d07fab0bbce521b628,Second Samuel Transport 2022,Second Samuel Transport 2022,2022-09-16,,2022-11-08,2022-11-08,date_role_changed_requires_relink
MN,8091,possible_duplicate,dated-twin,1.0,34461,34617,59cecc67d0c4a7d9d818a94271de1f40d775aabce3fe60843be85e2e,5104e87577dd6c8dcd588f735111e29195d6759d0db95b9f3c19674b,Bella Bridesmaids 2023,Bella Bridesmaids 2023,2023-06-01,,2023-06-01,2023-06-01,date_role_changed_requires_relink
MN,8092,possible_duplicate,dated-twin,1.0,34463,34619,64d7b9d683a5851671e4ccba950726932c4bdc55e098af779a63d19f,fc8958df7468ba07274a845354570b78efcf55a481d15755d73a2b43,Taco John's - Moorhead 2023,Taco John's - Moorhead 2023,2023-06-01,,2023-06-01,2023-06-01,date_role_changed_requires_relink
MN,8093,possible_duplicate,dated-twin,1.0,34464,34620,989bb7be1c42f07e5afbb4f1478643b8d06d3711c39d85b757d39a49,5cdb9410bda1bc6e16e4dd37e0ef42497b2dfddda0d828aa4df1f244,Fasika Ethiopian Restaurant 2023,Fasika Ethiopian Restaurant 2023,2023-06-01,,2023-06-01,2023-06-01,date_role_changed_requires_relink
MN,8094,possible_duplicate,dated-twin,1.0,34465,34622,6a52388c7cf796ea245ccc6d230820ec34e98c8c5cff11a04f1832a4,8e64f7bf31b60cf0aa17f3a4ea55bf3e4ba3f9356a2fcd97e77bbaf7,Rocco Altobelli Salons and Day Spas,Rocco Altobelli Salons and Day Spas,2023-06-15,,2023-06-15,2023-06-15,date_role_changed_requires_relink
MN,8095,possible_duplicate,dated-twin,1.0,34466,34623,a965ad3202338e6d761383b6af33b4ad583afa29c50d43ad87ae9bb5,39b343d15c8ac8cb39d2990eef5b420ca59016618f55d9aabfc84b99,Hubert White - Minneapolis 2023,Hubert White - Minneapolis 2023,2023-06-15,,2023-06-15,2023-06-15,date_role_changed_requires_relink
MN,8096,possible_duplicate,dated-twin,1.0,34467,34621,c8c8c0549808db24d893e72d3695b44373dcf5e701b20594f6ce62ad,9656b0f3ce0305793e3ce6923e2d9b2d5aa40db11b60a0ae3bc101ea,Alary's Bar 2023,Alary's Bar 2023,2023-06-01,,2023-06-01,2023-06-01,date_role_changed_requires_relink
MN,8097,possible_duplicate,dated-twin,1.0,34468,34624,ba18d04f28f3b6409baa0e467aaaeaaa3132da1561027fa05082c4a2,0f640516a262f4f3035e94dcfded5486ad0654f2af34c8300e9abb8d,Chez Bojji - Rochester 2023,Chez Bojji - Rochester 2023,2023-06-16,,2023-06-16,2023-06-16,date_role_changed_requires_relink
MN,8098,possible_duplicate,dated-twin,1.0,34469,34626,bdaee8a18816d14c2ccaba2de45bde02d7828064be2561f1a15de1c7,ee4dbd01fc130f2df038e6c9400345a94d80c1fa588b2b849edd9fae,Meadow Lane Healthcare 2023,Meadow Lane Healthcare 2023,2023-08-11,,2023-08-11,2023-08-11,date_role_changed_requires_relink
MN,8099,possible_duplicate,dated-twin,1.0,34470,34625,58de9c822ea88fa0f0e3ed14cf7ed871383c11a44612989c3e7f7153,2ba55fcf56ee6a30970a32d7b91d6867be6f6906b6c85234fa9f2e39,Dirks Furniture 2023,Dirks Furniture 2023,2023-06-22,,2023-06-22,2023-06-22,date_role_changed_requires_relink
MN,8836,possible_duplicate,fuzzy,0.974,34184,34138,33923299381c7d2193051a0aabe5250062f69252dd8005906b88332c,dd0886cf4e71b771cc8c1423509ad0f050c93567a6a90dad470535be,Midwest Specialized Transportation,Midwest Specialized Transportation 2022,2022-06-01,2022-06-01,2022-08-01,,date_role_changed_requires_relink
WA,5436,amendment_of,amendment,0.97,53305,53316,ef5c14d9428bdef057f94b2a01433559da3abe39acdc0feccb4f8b36,06e3e4cebe26bb552dffdcc4731c1e3071a92147d75e43d8e3f31721,"Expeditors International of Washington, Inc.","Expeditors International of Washington, Inc.",2026-07-08,2026-06-08,2026-08-07,2026-08-08,date_role_changed_requires_relink
WA,5437,possible_duplicate,amendment,0.679,54432,54442,e7777b4374058594ab0253ffec41ed02cb95e8ef7510adc315f74de8,600c696f343d67ca9b90bbd12735f0e5cd2194882dd95f14311982c7,Microsoft,Microsoft,2009-05-05,2009-04-01,2009-07-04,2009-06-30,date_role_changed_requires_relink
WA,5438,amendment_of,amendment,0.97,54192,54200,b873da80ef6d9f4b548c1f90275a318cd6b932a10b7f0abcd6c45d80,a56e9aa7f75c9370cdb7fc85d0e16a299f1f92e5d81b643d7f75e5e3,Microsoft,Microsoft,2014-10-30,2014-09-18,2014-12-28,2014-11-17,date_role_changed_requires_relink
WA,5439,amendment_of,amendment,0.97,53623,53627,e1a75844a9edbd03a0d07dbd2f9871370d92cf1cfa631a4d12e093f3,f99f44a57fad0daa8a7e475a572b859acd2b67c544f3495fd08d47bf,Microsoft,Microsoft,2023-02-09,2023-01-18,2023-04-10,2023-03-20,date_role_changed_requires_relink
WA,5440,amendment_of,amendment,0.97,53616,53623,a6ccc93975079f067fc0db4c15a61733dd3f8dea1797bd1e4518d653,e1a75844a9edbd03a0d07dbd2f9871370d92cf1cfa631a4d12e093f3,Microsoft,Microsoft,2023-03-06,2023-02-09,2023-05-05,2023-04-10,date_role_changed_requires_relink
WA,5441,amendment_of,amendment,0.928,53608,53616,1da2f9d6c09c093d6e757ad3720fc6af70c369649d841eb916126bde,a6ccc93975079f067fc0db4c15a61733dd3f8dea1797bd1e4518d653,Microsoft,Microsoft,2023-03-27,2023-03-06,2023-05-26,2023-05-05,date_role_changed_requires_relink
WA,5442,amendment_of,amendment,0.97,53601,53608,22483191ea2d5c9a2e824ecc06a78bb4596e9101d1896f3dfa8979a0,1da2f9d6c09c093d6e757ad3720fc6af70c369649d841eb916126bde,Microsoft,Microsoft,2023-05-09,2023-03-27,2023-05-26,2023-05-26,date_role_changed_requires_relink
WA,5443,amendment_of,amendment,0.88,53598,53601,7c2c580f15da727ee7bd2979400704ebc85a98892ba537ee36032f18,22483191ea2d5c9a2e824ecc06a78bb4596e9101d1896f3dfa8979a0,Microsoft,Microsoft,2023-06-05,2023-05-09,2023-08-04,2023-05-26,date_role_changed_requires_relink
WA,5444,amendment_of,amendment,0.94,53592,53598,7165eb0b7ab9a20840b2e7d8f08d2ded2f5edd1dff4263ebac4390ff,7c2c580f15da727ee7bd2979400704ebc85a98892ba537ee36032f18,Microsoft,Microsoft,2023-07-10,2023-06-05,2023-09-08,2023-08-04,date_role_changed_requires_relink
WA,5445,amendment_of,amendment,0.97,53471,53476,fc16089f2897fe6d6910059fb8fd00f3712dc5c0e657f1966eefdbe1,5c256006cb68ab5c871226c47ed6cab572ea8a2a3c463bab797d9bb0,Microsoft,Microsoft,2025-06-02,2025-05-13,2025-08-01,2025-07-12,date_role_changed_requires_relink
WA,5446,amendment_of,amendment,0.94,53465,53471,5ffdf2fb89ad30be8d8d7acf92e57fc7bc36d59e61d55c7eaabcb383,fc16089f2897fe6d6910059fb8fd00f3712dc5c0e657f1966eefdbe1,Microsoft,Microsoft,2025-07-02,2025-06-02,2025-08-31,2025-08-01,date_role_changed_requires_relink
WA,5447,amendment_of,amendment,0.94,53447,53465,71254fe48f0a56d6ab157ef2a38246cd255ca399076e847abdcb7b23,5ffdf2fb89ad30be8d8d7acf92e57fc7bc36d59e61d55c7eaabcb383,Microsoft,Microsoft,2025-08-04,2025-07-02,2025-10-03,2025-08-31,date_role_changed_requires_relink
WA,5448,amendment_of,amendment,0.97,53427,53447,2daf0c8097a4d21c617186c7c6f05f8b3d98b87d0d52618e8cb74ebc,71254fe48f0a56d6ab157ef2a38246cd255ca399076e847abdcb7b23,Microsoft,Microsoft,2025-09-08,2025-08-04,2025-11-07,2025-10-03,date_role_changed_requires_relink
WA,5449,amendment_of,amendment,1.0,53360,53363,22308458dff2806ac8f532c66fbcb21da8340195d30b732963623ee1,91584b32c4f0a61fffee6cb716dff7875895e3e1b063fef56f36053a,Amazon,Amazon,2026-01-30,2026-01-28,2026-04-28,2026-04-28,date_role_changed_requires_relink
WA,5450,amendment_of,amendment,1.0,53312,53325,e8d7e4fff94da229f22bc664d56d8e2bf3b552a108ea7d340e9ad75a,7b15fb1b2ea46fb62dc1cb0b120e1b65c8eeb200084a159b5fe8c83d,"Flagship Facilities Services, LLC","Flagship Facilities Services, LLC",2026-06-26,2026-05-20,2026-07-19,2026-07-19,date_role_changed_requires_relink
WA,5451,possible_duplicate,amendment,0.711,53403,53406,9a5ed0d5beafc90db345ad77d10393a71807a50221bd9a91723eb14e,0bed71881f03ccaee490cd7939aaa954bb67ffbe46927cb07a80c74a,Starbucks,Starbucks,2025-10-09,2025-10-03,2025-12-05,2025-12-05,date_role_changed_requires_relink
WA,5452,amendment_of,amendment,0.88,53327,53338,c8f3dea69ff1dd271383ad7023d01fa0bfaa0d62e91e3ca413f03a76,063b463cc14bb3bd3d2cbb4c78d3f975a517b3deffaa003ca8aa146f,Starbucks,Starbucks,2026-05-08,2026-03-27,2026-06-20,2026-03-29,date_role_changed_requires_relink
WA,5453,amendment_of,amendment,0.97,53326,53327,1fcc3326f77921bc235c415430b82182974d7b736e9e53342889d9bb,c8f3dea69ff1dd271383ad7023d01fa0bfaa0d62e91e3ca413f03a76,Starbucks,Starbucks,2026-05-15,2026-05-08,2026-07-17,2026-06-20,date_role_changed_requires_relink
WA,5454,amendment_of,amendment,0.97,53448,53454,246cf486190147751ec8656e5dd20ca21127d3497c9023fa16512265,cf0eb7e424a32169bdb9332b1c64a7a3bc34e45cb78fa02b54a5a976,Jack in the Box,Jack in the Box,2025-08-04,2025-07-14,2025-10-03,2025-09-10,date_role_changed_requires_relink
WA,5455,possible_duplicate,amendment,0.679,53448,53455,246cf486190147751ec8656e5dd20ca21127d3497c9023fa16512265,b589ac535ea8f104fd94fecae9bffb1e14cd41dbcc0387eca9e7cd9c,Jack in the Box,Jack in the Box,2025-08-04,2025-07-14,2025-10-03,2025-09-10,date_role_changed_requires_relink
WA,5456,amendment_of,amendment,0.97,53430,53443,dfce3c2fee12354afe36e8af34d287c197b885f4cfd7d2361fd5adb0,f55e144f6155ca8b398926174c306e3da4d8fec83a7c68fac425fe14,"Oracle America, Inc.","Oracle America, Inc.",2025-09-02,2025-08-13,2025-11-03,2025-10-13,date_role_changed_requires_relink
WA,5457,amendment_of,amendment,1.0,53408,53430,d075c0e974d1e662c636da3adc6402a9353714b8368f9534ae20c779,dfce3c2fee12354afe36e8af34d287c197b885f4cfd7d2361fd5adb0,"Oracle America, Inc.","Oracle America, Inc.",2025-10-01,2025-09-02,2025-11-03,2025-11-03,date_role_changed_requires_relink
WA,5458,possible_duplicate,amendment,0.705,53353,53364,e0dfbd44c6b0a992263d3d5494c16daeb191256ffe20b0ff9bde97e7,16ac300fb4fb463927e092393513780b4cf3feab2ff14060733a9b26,CHS Northwest,CHS Northwest,2026-02-19,2026-01-28,2026-04-19,2026-04-01,date_role_changed_requires_relink
WA,5459,possible_duplicate,amendment,0.675,53346,53364,cac902dee3a90caa5c1bed2eca703f88bf270d760a7192f4fcdef343,16ac300fb4fb463927e092393513780b4cf3feab2ff14060733a9b26,CHS Northwest,CHS Northwest,2026-03-05,2026-01-28,2026-05-05,2026-04-01,date_role_changed_requires_relink
WA,5460,possible_duplicate,amendment,0.693,53346,53353,cac902dee3a90caa5c1bed2eca703f88bf270d760a7192f4fcdef343,e0dfbd44c6b0a992263d3d5494c16daeb191256ffe20b0ff9bde97e7,CHS Northwest,CHS Northwest,2026-03-05,2026-02-19,2026-05-05,2026-04-19,date_role_changed_requires_relink
WA,5461,amendment_of,amendment,0.97,53522,53528,63e6def77ef4cce2282b49319d5eaadeb92a8413a4996f8649da05d5,09d65cb1a8ce40bf9412aab89f2739388ca8fd9a815852f8e8c65738,"Expedia, Inc.","Expedia, Inc.",2024-05-29,2024-04-22,2024-08-01,2024-06-21,date_role_changed_requires_relink
WA,5462,possible_duplicate,amendment,0.672,53432,53446,801e8df564871842a9ed1408bad7cec92f9a627c3c4433356c832ac9,4323be22a6d44a81c0da191754521d4ec237bf554b424f041146d7c5,Providence Health & Services,Providence Health & Services,2025-08-28,2025-08-08,2025-10-25,2025-10-07,date_role_changed_requires_relink
WA,5463,amendment_of,amendment,0.97,53375,53378,5af242a06fd218c58428e7926240cf8bfeddfc5e4d5c9ab128b26ce1,748facc947daccfaaf32681fd5f7480879190217df666196921dde47,Nordstrom Credit Bank,Nordstrom Credit Bank,2025-11-20,2025-11-17,2026-02-01,2026-02-21,date_role_changed_requires_relink
WA,5464,amendment_of,amendment,0.97,54683,54689,49daff0f5433e5db91b1c847eaffd15a2edc945c8b1feb0b5235b736,1e215c3167f6ceecc9b415418680083a472584e7ed5a7ac2c9bb84c8,"Phillips Ultrasound, Inc","Phillips Ultrasound, Inc",2005-07-15,2005-06-10,2005-09-16,2005-08-12,date_role_changed_requires_relink
WA,5465,amendment_of,amendment,0.97,54678,54683,1fc273355ab195577e7ea50f8b6e978383d8b4bff7de9f3e28af0b05,49daff0f5433e5db91b1c847eaffd15a2edc945c8b1feb0b5235b736,"Phillips Ultrasound, Inc","Phillips Ultrasound, Inc",2005-08-15,2005-07-15,2005-10-07,2005-09-16,date_role_changed_requires_relink
WA,5466,amendment_of,amendment,0.97,54670,54678,a254d5f3bc8be812f939dd628fb9241ef607b4b9f320b65329afb2d2,1fc273355ab195577e7ea50f8b6e978383d8b4bff7de9f3e28af0b05,"Phillips Ultrasound, Inc","Phillips Ultrasound, Inc",2005-09-23,2005-08-15,2005-11-18,2005-10-07,date_role_changed_requires_relink
WA,5467,amendment_of,amendment,0.97,53397,53428,ba41b591b0137c437b24cebe4bd96ccb2e280340e1ff83cd2c943703,109c35976a97c6482ed993a89397cc2fbf15957d3b586d42fea896c9,Virginia Mason Franciscan Health Virtual Health Services,Virginia Mason Franciscan Health Virtual Health Services,2025-10-17,2025-09-08,2026-01-02,2025-11-10,date_role_changed_requires_relink
WA,5468,possible_duplicate,amendment,0.681,53438,53450,e4fe554a68d77df4c5cfbabfa69364cc1040f3bd4db2dd15f159d124,84b14620aed190ab05e5cfe664fcce4b81b170c59e146e5443a39217,Fred Meyer,Fred Meyer,2025-08-22,2025-07-29,2025-10-18,2025-09-27,date_role_changed_requires_relink
WA,5469,possible_duplicate,amendment,0.624,53497,53499,b79e086fa778352b73a711f557625c555b8787af862ce1dfc5ca95a6,e5d15806ba77f7c114f0a11f0b57f33030dd2dad6f98b735d5d9d69e,Recreational Equipment Inc.,Recreational Equipment Inc.,2025-01-24,2025-01-13,2025-01-24,2025-03-31,date_role_changed_requires_relink
WA,5470,amendment_of,amendment,0.97,54450,54454,bec07bd9e5525ea6e8e96c87785e5dd7c8c56e62acb111761854c42c,c6a4dc3f7df2a32f17ba76b37e312adffa245952d0792ec592e845a0,Boeing,Boeing,2009-02-25,2009-02-05,2009-04-24,2009-03-20,date_role_changed_requires_relink
WA,5471,amendment_of,amendment,0.88,54446,54454,b21cb12ad8c04637e93c34804b7ae09c8ec48f41cccd1ae2dee5376b,c6a4dc3f7df2a32f17ba76b37e312adffa245952d0792ec592e845a0,Boeing,Boeing,2009-03-20,2009-02-05,2009-05-22,2009-03-20,date_role_changed_requires_relink
WA,5472,amendment_of,amendment,0.97,54446,54450,b21cb12ad8c04637e93c34804b7ae09c8ec48f41cccd1ae2dee5376b,bec07bd9e5525ea6e8e96c87785e5dd7c8c56e62acb111761854c42c,Boeing,Boeing,2009-03-20,2009-02-25,2009-05-22,2009-04-24,date_role_changed_requires_relink
WA,5473,amendment_of,amendment,0.97,54436,54446,d3cad51cd9baf56260c586663c9dbfcb9a6d62e41a0987144873aa5d,b21cb12ad8c04637e93c34804b7ae09c8ec48f41cccd1ae2dee5376b,Boeing,Boeing,2009-04-21,2009-03-20,2009-06-19,2009-05-22,date_role_changed_requires_relink
WA,5474,amendment_of,amendment,0.97,54428,54436,e6ec632bbcc16065d2b78bea1d764e39306716e549cc28de90112fcc,d3cad51cd9baf56260c586663c9dbfcb9a6d62e41a0987144873aa5d,Boeing,Boeing,2009-05-22,2009-04-21,2009-07-24,2009-06-19,date_role_changed_requires_relink
WA,5475,amendment_of,amendment,0.97,54421,54428,1ec78c69b4d2a77d10e132e71fcf5b8275776e0d1861d089a89642c5,e6ec632bbcc16065d2b78bea1d764e39306716e549cc28de90112fcc,Boeing,Boeing,2009-06-19,2009-05-22,2009-08-21,2009-07-24,date_role_changed_requires_relink
WA,5476,amendment_of,amendment,0.97,54417,54421,32ef0c06a9293907885d16628bd76a065118778f7a4017489407679a,1ec78c69b4d2a77d10e132e71fcf5b8275776e0d1861d089a89642c5,Boeing,Boeing,2009-07-17,2009-06-19,2009-09-18,2009-08-21,date_role_changed_requires_relink
WA,5477,amendment_of,amendment,0.97,54414,54421,657eae90315b0cdcf998f4e33bfd9fcffb41d67e1db94c20fd7ba78f,1ec78c69b4d2a77d10e132e71fcf5b8275776e0d1861d089a89642c5,Boeing,Boeing,2009-07-31,2009-06-19,2009-10-02,2009-08-21,date_role_changed_requires_relink
WA,5478,amendment_of,amendment,0.97,54414,54417,657eae90315b0cdcf998f4e33bfd9fcffb41d67e1db94c20fd7ba78f,32ef0c06a9293907885d16628bd76a065118778f7a4017489407679a,Boeing,Boeing,2009-07-31,2009-07-17,2009-10-02,2009-09-18,date_role_changed_requires_relink
WA,5479,amendment_of,amendment,0.97,54412,54417,e2bfe3b08695880826bfc1127cdf4f31f2b5f65bd83583664a48dec4,32ef0c06a9293907885d16628bd76a065118778f7a4017489407679a,Boeing,Boeing,2009-08-21,2009-07-17,2009-10-23,2009-09-18,date_role_changed_requires_relink
WA,5480,amendment_of,amendment,0.97,54412,54414,e2bfe3b08695880826bfc1127cdf4f31f2b5f65bd83583664a48dec4,657eae90315b0cdcf998f4e33bfd9fcffb41d67e1db94c20fd7ba78f,Boeing,Boeing,2009-08-21,2009-07-31,2009-10-23,2009-10-02,date_role_changed_requires_relink
WA,5481,amendment_of,amendment,0.97,54405,54412,00881798aaa6270eab9b5b0103d00ea238a2c787907270273defbce1,e2bfe3b08695880826bfc1127cdf4f31f2b5f65bd83583664a48dec4,Boeing,Boeing,2009-09-18,2009-08-21,2009-11-20,2009-10-23,date_role_changed_requires_relink
WA,5482,amendment_of,amendment,0.97,54402,54405,a502b889c710a14c274540cfc97da659b631151d34fd8e7829a5a68d,00881798aaa6270eab9b5b0103d00ea238a2c787907270273defbce1,Boeing,Boeing,2009-10-09,2009-09-18,2009-12-11,2009-11-20,date_role_changed_requires_relink
WA,5483,amendment_of,amendment,0.97,54400,54405,603919e899169ce8ff777e41e823d7084fbbc87829b096f4f04ab307,00881798aaa6270eab9b5b0103d00ea238a2c787907270273defbce1,Boeing,Boeing,2009-10-30,2009-09-18,2010-01-01,2009-11-20,date_role_changed_requires_relink
WA,5484,amendment_of,amendment,0.97,54400,54402,603919e899169ce8ff777e41e823d7084fbbc87829b096f4f04ab307,a502b889c710a14c274540cfc97da659b631151d34fd8e7829a5a68d,Boeing,Boeing,2009-10-30,2009-10-09,2010-01-01,2009-12-11,date_role_changed_requires_relink
WA,5485,amendment_of,amendment,0.97,54396,54402,b44224f95b375e79ebb313f8ece776d151ab665795e61670f1d1403e,a502b889c710a14c274540cfc97da659b631151d34fd8e7829a5a68d,Boeing,Boeing,2009-11-20,2009-10-09,2010-01-22,2009-12-11,date_role_changed_requires_relink
WA,5486,amendment_of,amendment,0.97,54396,54400,b44224f95b375e79ebb313f8ece776d151ab665795e61670f1d1403e,603919e899169ce8ff777e41e823d7084fbbc87829b096f4f04ab307,Boeing,Boeing,2009-11-20,2009-10-30,2010-01-22,2010-01-01,date_role_changed_requires_relink
WA,5487,amendment_of,amendment,0.97,54394,54396,c73f1d5f8dd84aac32cb3a26250c5b700225a2edbc8f9beaffc3245e,b44224f95b375e79ebb313f8ece776d151ab665795e61670f1d1403e,Boeing,Boeing,2009-12-18,2009-11-20,2010-02-19,2010-01-22,date_role_changed_requires_relink
WA,5488,amendment_of,amendment,0.97,54390,54394,1b1f84b40390704795596a2e3953a7c04ff5b2982462a0e5f20c9724,c73f1d5f8dd84aac32cb3a26250c5b700225a2edbc8f9beaffc3245e,Boeing,Boeing,2010-01-15,2009-12-18,2010-03-19,2010-02-19,date_role_changed_requires_relink
WA,5489,amendment_of,amendment,0.97,54388,54394,99bb2c3c362b6a8bf443f186df0044e9a6f0ed2d9410322befd3b7d8,c73f1d5f8dd84aac32cb3a26250c5b700225a2edbc8f9beaffc3245e,Boeing,Boeing,2010-01-22,2009-12-18,2010-03-26,2010-02-19,date_role_changed_requires_relink
WA,5490,amendment_of,amendment,0.97,54388,54390,99bb2c3c362b6a8bf443f186df0044e9a6f0ed2d9410322befd3b7d8,1b1f84b40390704795596a2e3953a7c04ff5b2982462a0e5f20c9724,Boeing,Boeing,2010-01-22,2010-01-15,2010-03-26,2010-03-19,date_role_changed_requires_relink
WA,5491,amendment_of,amendment,0.97,54385,54390,09c82af6a80e92a018470990349dae3da2d6faa5bcbd11c73dd9b7dd,1b1f84b40390704795596a2e3953a7c04ff5b2982462a0e5f20c9724,Boeing,Boeing,2010-02-19,2010-01-15,2010-04-23,2010-03-19,date_role_changed_requires_relink
WA,5492,amendment_of,amendment,0.97,54385,54388,09c82af6a80e92a018470990349dae3da2d6faa5bcbd11c73dd9b7dd,99bb2c3c362b6a8bf443f186df0044e9a6f0ed2d9410322befd3b7d8,Boeing,Boeing,2010-02-19,2010-01-22,2010-04-23,2010-03-26,date_role_changed_requires_relink
WA,5493,amendment_of,amendment,0.97,54381,54385,b08643801497d284596baa833226bdbe98b09f199b856d5118384165,09c82af6a80e92a018470990349dae3da2d6faa5bcbd11c73dd9b7dd,Boeing,Boeing,2010-03-19,2010-02-19,2010-05-21,2010-04-23,date_role_changed_requires_relink
WA,5494,amendment_of,amendment,0.97,54379,54381,689e81276652c80a73b9d6975e015873ecafe5a61d16636f9b508c00,b08643801497d284596baa833226bdbe98b09f199b856d5118384165,Boeing,Boeing,2010-04-19,2010-03-19,2010-06-18,2010-05-21,date_role_changed_requires_relink
WA,5495,amendment_of,amendment,0.97,54378,54379,2882d869e50dd80685efdd1d511357d48de5d8088fdd1d1de782da2b,689e81276652c80a73b9d6975e015873ecafe5a61d16636f9b508c00,Boeing,Boeing,2010-05-21,2010-04-19,2010-07-23,2010-06-18,date_role_changed_requires_relink
WA,5496,amendment_of,amendment,0.97,54260,54264,be38a8e8b35858e0729fbc91548db1c377865835ec22995ddb493a59,833b0bebedeaae2153e0706e3ff461767bb04fb3895ffbfbe3b1e89e,Boeing,Boeing,2013-04-23,2013-04-08,2013-06-21,2013-06-07,date_role_changed_requires_relink
WA,5497,amendment_of,amendment,0.97,54257,54264,5979d0400fe5268e7e631c63ddecf6e7e41ea87b7103a564d4b6e93d,833b0bebedeaae2153e0706e3ff461767bb04fb3895ffbfbe3b1e89e,Boeing,Boeing,2013-05-21,2013-04-08,2013-07-19,2013-06-07,date_role_changed_requires_relink
WA,5498,amendment_of,amendment,0.97,54257,54260,5979d0400fe5268e7e631c63ddecf6e7e41ea87b7103a564d4b6e93d,be38a8e8b35858e0729fbc91548db1c377865835ec22995ddb493a59,Boeing,Boeing,2013-05-21,2013-04-23,2013-07-19,2013-06-21,date_role_changed_requires_relink
WA,5499,amendment_of,amendment,0.97,54255,54257,6dc7d7af8533f2cd34f67c0293806324d4dcf256ef7a5d3338186e26,5979d0400fe5268e7e631c63ddecf6e7e41ea87b7103a564d4b6e93d,Boeing,Boeing,2013-06-25,2013-05-21,2013-08-23,2013-07-19,date_role_changed_requires_relink
WA,5500,amendment_of,amendment,0.97,54250,54255,43d0c87cb1e0e64bdce1bf5570649ad145bf2a8aed70e9ecdf249df2,6dc7d7af8533f2cd34f67c0293806324d4dcf256ef7a5d3338186e26,Boeing,Boeing,2013-07-25,2013-06-25,2013-09-20,2013-08-23,date_role_changed_requires_relink
WA,5501,amendment_of,amendment,0.97,54249,54255,d08e6d0d8e23a4b56e57d7d9adeadd1da029324d4b104907fe77e495,6dc7d7af8533f2cd34f67c0293806324d4dcf256ef7a5d3338186e26,Boeing,Boeing,2013-07-29,2013-06-25,2013-09-27,2013-08-23,date_role_changed_requires_relink
WA,5502,amendment_of,amendment,0.97,54249,54250,d08e6d0d8e23a4b56e57d7d9adeadd1da029324d4b104907fe77e495,43d0c87cb1e0e64bdce1bf5570649ad145bf2a8aed70e9ecdf249df2,Boeing,Boeing,2013-07-29,2013-07-25,2013-09-27,2013-09-20,date_role_changed_requires_relink
WA,5503,amendment_of,amendment,0.97,54241,54244,4116f133e8abc8b2db1f69c240ad10f9852e1301e3b5865a4305d2d3,6d750ace0244b0508ad558658c77817f2b211269955bc675f2c5e499,Boeing,Boeing,2013-10-15,2013-09-23,2013-12-13,2013-11-22,date_role_changed_requires_relink
WA,5504,amendment_of,amendment,0.97,54238,54244,41893346288e316b01d00bcb0b7bed6cdaacc10a3d32c6a1a521984e,6d750ace0244b0508ad558658c77817f2b211269955bc675f2c5e499,Boeing,Boeing,2013-11-06,2013-09-23,2014-01-01,2013-11-22,date_role_changed_requires_relink
WA,5505,amendment_of,amendment,0.97,54238,54241,41893346288e316b01d00bcb0b7bed6cdaacc10a3d32c6a1a521984e,4116f133e8abc8b2db1f69c240ad10f9852e1301e3b5865a4305d2d3,Boeing,Boeing,2013-11-06,2013-10-15,2014-01-01,2013-12-13,date_role_changed_requires_relink
WA,5506,amendment_of,amendment,0.97,54235,54241,d64a688af4db8bc35adb004c3825bd59fdadb30dd31292adf635052e,4116f133e8abc8b2db1f69c240ad10f9852e1301e3b5865a4305d2d3,Boeing,Boeing,2013-11-25,2013-10-15,2014-01-24,2013-12-13,date_role_changed_requires_relink
WA,5507,amendment_of,amendment,0.97,54235,54238,d64a688af4db8bc35adb004c3825bd59fdadb30dd31292adf635052e,41893346288e316b01d00bcb0b7bed6cdaacc10a3d32c6a1a521984e,Boeing,Boeing,2013-11-25,2013-11-06,2014-01-24,2014-01-01,date_role_changed_requires_relink
WA,5508,amendment_of,amendment,0.97,54233,54235,1ed11c7322b09513c804f4495f5022a8ef999832e577d4204f86776e,d64a688af4db8bc35adb004c3825bd59fdadb30dd31292adf635052e,Boeing,Boeing,2013-12-23,2013-11-25,2014-02-21,2014-01-24,date_role_changed_requires_relink
WA,5509,amendment_of,amendment,0.97,54230,54233,dec8ff850b89ee238a6359578e5ea1f645cff1253b6650372cde7eaa,1ed11c7322b09513c804f4495f5022a8ef999832e577d4204f86776e,Boeing,Boeing,2014-01-21,2013-12-23,2014-03-21,2014-02-21,date_role_changed_requires_relink
WA,5510,amendment_of,amendment,0.97,54228,54233,c559a93e5c031dd35675391d3bff5ea0a33feb0f0b5fdbbeafa8b5b6,1ed11c7322b09513c804f4495f5022a8ef999832e577d4204f86776e,Boeing,Boeing,2014-02-03,2013-12-23,2014-04-04,2014-02-21,date_role_changed_requires_relink
WA,5511,amendment_of,amendment,0.97,54228,54230,c559a93e5c031dd35675391d3bff5ea0a33feb0f0b5fdbbeafa8b5b6,dec8ff850b89ee238a6359578e5ea1f645cff1253b6650372cde7eaa,Boeing,Boeing,2014-02-03,2014-01-21,2014-04-04,2014-03-21,date_role_changed_requires_relink
WA,5512,amendment_of,amendment,0.97,54224,54230,5104efa276ab3eddf11146d335549d4f96256554ae18afff781d2dc2,dec8ff850b89ee238a6359578e5ea1f645cff1253b6650372cde7eaa,Boeing,Boeing,2014-02-18,2014-01-21,2014-04-18,2014-03-21,date_role_changed_requires_relink
WA,5513,amendment_of,amendment,0.97,54224,54228,5104efa276ab3eddf11146d335549d4f96256554ae18afff781d2dc2,c559a93e5c031dd35675391d3bff5ea0a33feb0f0b5fdbbeafa8b5b6,Boeing,Boeing,2014-02-18,2014-02-03,2014-04-18,2014-04-04,date_role_changed_requires_relink
WA,5514,amendment_of,amendment,0.97,54205,54211,67220b58a8e469dce2c639c9aa70f57fb5a55d72126fc8e6242e86d7,d982fa0ab5a90cf8ce154ea6cbe32013054dbcfa6c83cc40afae67c6,Boeing,Boeing,2014-08-25,2014-07-21,2014-10-24,2014-09-19,date_role_changed_requires_relink
WA,5515,amendment_of,amendment,0.97,54166,54168,b38fa708e3c645c3d481756909db550c3bc7d2500ed2d465edf90d12,a58d8b23127ead9e4f7d40e60dd236cf7049efc159678e8087b4d064,Boeing,Boeing,2015-06-22,2015-06-11,2015-08-21,2015-07-14,date_role_changed_requires_relink
WA,5516,amendment_of,amendment,0.88,54163,54168,57c9a34811fbc54db8513f2e478809560dac886f6e8cd2b9bcba95e2,a58d8b23127ead9e4f7d40e60dd236cf7049efc159678e8087b4d064,Boeing,Boeing,2015-07-22,2015-06-11,2015-09-18,2015-07-14,date_role_changed_requires_relink
WA,5517,amendment_of,amendment,0.97,54163,54166,57c9a34811fbc54db8513f2e478809560dac886f6e8cd2b9bcba95e2,b38fa708e3c645c3d481756909db550c3bc7d2500ed2d465edf90d12,Boeing,Boeing,2015-07-22,2015-06-22,2015-09-18,2015-08-21,date_role_changed_requires_relink
WA,5518,amendment_of,amendment,0.97,54158,54163,5d00b84e73cc2c2e38cd1202014a983ab41c660ab1028be36038244d,57c9a34811fbc54db8513f2e478809560dac886f6e8cd2b9bcba95e2,Boeing,Boeing,2015-08-24,2015-07-22,2015-10-23,2015-09-18,date_role_changed_requires_relink
WA,5519,amendment_of,amendment,0.97,54115,54116,8d174fa14366e7cddd0c0a361f0b024c250d86aa29ad18bfb5dd3f3b,4f5d3edf62c87980054004597f4798a2b3702797c770365f73a1b067,Boeing,Boeing,2016-06-22,2016-06-01,2016-08-19,2016-07-22,date_role_changed_requires_relink
WA,5520,amendment_of,amendment,0.97,54070,54072,b955fb2a28d4f0eb114bf1daf68a25124356b22644889fe3701c0807,2c317bd030744ff6edb5a2fb6ed0c477c220ef0deb55f5a1a3e92513,Boeing,Boeing,2017-05-23,2017-05-08,2017-07-21,2017-06-23,date_role_changed_requires_relink
WA,5521,amendment_of,amendment,0.97,54066,54070,afb602d0539cab7623af1b24a4a49843b32d79bd772adaa9d87ef067,b955fb2a28d4f0eb114bf1daf68a25124356b22644889fe3701c0807,Boeing,Boeing,2017-06-30,2017-05-23,2017-08-25,2017-07-21,date_role_changed_requires_relink
WA,5522,amendment_of,amendment,0.94,54061,54066,8a39e0331c12c39e4d5c1ef71ce303f283dca1031f48f72a710ce912,afb602d0539cab7623af1b24a4a49843b32d79bd772adaa9d87ef067,Boeing,Boeing,2017-07-27,2017-06-30,2017-09-22,2017-08-25,date_role_changed_requires_relink
WA,5523,amendment_of,amendment,0.94,54059,54061,5587fe60b7bd92ef60f7ede2d348e4b68eed996f23ec175b6a0f20c9,8a39e0331c12c39e4d5c1ef71ce303f283dca1031f48f72a710ce912,Boeing,Boeing,2017-08-24,2017-07-27,2017-10-20,2017-09-22,date_role_changed_requires_relink
WA,5524,amendment_of,amendment,0.97,54058,54059,6603f1ea25fa0745fe11e929d7d833f890dc3a2ca5c2f746bcbe356d,5587fe60b7bd92ef60f7ede2d348e4b68eed996f23ec175b6a0f20c9,Boeing,Boeing,2017-09-18,2017-08-24,2017-11-17,2017-10-20,date_role_changed_requires_relink
WA,5525,amendment_of,amendment,0.97,54049,54058,1ff4cf868269e399b35bd9887cb60f3d06e33d98f6c853dc6afc9591,6603f1ea25fa0745fe11e929d7d833f890dc3a2ca5c2f746bcbe356d,Boeing,Boeing,2017-11-02,2017-09-18,2018-01-01,2017-11-17,date_role_changed_requires_relink
WA,5526,amendment_of,amendment,0.97,53776,53800,14399a77f688a9c3fb101081758ad62f24a239d30cfb77bdec145d7b,0d2ea80e0535d9c7a5f56d10425ae060e97d6f505a636535a2a3789e,Boeing,Boeing,2020-06-29,2020-06-08,2020-08-28,2020-07-31,date_role_changed_requires_relink
WA,5527,amendment_of,amendment,0.97,53753,53776,9abb357443344277e888a91daf67503f024d337ab7e6a6b23b38f152,14399a77f688a9c3fb101081758ad62f24a239d30cfb77bdec145d7b,Boeing,Boeing,2020-07-31,2020-06-29,2020-10-02,2020-08-28,date_role_changed_requires_relink
WA,5528,amendment_of,amendment,0.97,53733,53753,8ce66a11efde560e61d7e2364b129aa9c6ef72bc24a448dc557db59b,9abb357443344277e888a91daf67503f024d337ab7e6a6b23b38f152,Boeing,Boeing,2020-08-31,2020-07-31,2020-10-30,2020-10-02,date_role_changed_requires_relink
WA,5529,amendment_of,amendment,0.97,53720,53733,dfc2670bc87af059cfe89f0360339aa91b23964919f85daa1543c656,8ce66a11efde560e61d7e2364b129aa9c6ef72bc24a448dc557db59b,Boeing,Boeing,2020-09-21,2020-08-31,2020-11-20,2020-10-30,date_role_changed_requires_relink
WA,5530,amendment_of,amendment,0.97,53501,53502,f98d6511f532e0e56e44c9f9a525c3e8d56193aadee5f42a520fd1ae,a18b0da773e1578a17d30ed2a05b424664a2928ae5dc1753da299179,Boeing,Boeing,2024-12-09,2024-11-15,2025-02-21,2025-01-17,date_role_changed_requires_relink
WA,5531,amendment_of,amendment,0.97,53614,53626,2347e48f50d43fae6bd3c5cf3bf3da70a2dc4982f2b8216a0d7908a3,5097c584d32ff49e0fcde15a5e9406ae8b17c3ba81b969e6d878a373,"Compass Group USA, Inc.","Compass Group USA, Inc.",2023-03-08,2023-01-30,2023-03-24,2023-03-28,date_role_changed_requires_relink
WA,5532,amendment_of,amendment,0.97,53673,53674,2d3797de2da78e1fdb912042736a7aa38f5a76cd66898472a71670ee,bb73597423eeeff71b60c1df30c376d049d7e0dd6921410dd1740c5b,Katerra,Katerra,2021-07-02,2021-06-01,2021-07-08,2021-06-04,date_role_changed_requires_relink
WA,5533,amendment_of,amendment,0.97,53829,53882,0498fde85d7aa34210c27b6a698a5c15d85597039ef99700e080a182,d5fa24cdb267b20d4631094eb6e0561ba23e9e8f8863a4c49e2745c9,YMCA of Greater Seattle,YMCA of Greater Seattle,2020-05-19,2020-04-07,2020-05-09,2020-03-28,date_role_changed_requires_relink
WA,5534,amendment_of,amendment,0.97,53685,53686,ff77e3c5effbe5ed842526d0247586e0e3ee0fdb7b0d7e7c5c87b2de,7eab014dac35f406b59fa699de9d1f57281271d72e812b34c7e04c21,Keyword Studios US Inc.,Keyword Studios US Inc.,2021-03-01,2021-02-25,2021-05-09,2021-04-30,date_role_changed_requires_relink
WA,5535,amendment_of,amendment,0.97,53769,53798,ffb8f230255d9f3f87be87d4634fae0cbe736d6dd5157e47b039ea90,c53de53a75b518132edbf8c0fb4485d6dbe09cebcde60f27842ae14d,Triumph Aerospace Structures,Triumph Aerospace Structures,2020-07-10,2020-06-11,2020-07-20,2020-06-15,date_role_changed_requires_relink
WA,5536,amendment_of,amendment,0.97,53731,53751,550617aad68f324c05774f85b8279a7095ca431b323cacd2bc4c4fd0,af8321a8b726c80f7732486763ba076e812e2ce9af4844043607f529,Hudson Group,Hudson Group,2020-09-01,2020-07-31,2020-08-31,2020-07-31,date_role_changed_requires_relink
WA,5537,possible_duplicate,amendment,0.621,53752,53755,0441b444928f9aa39e9db01fb37b14e1d811efb09689e3f60f80d3af,2734e771d987586d51f2fbfef3bd84d463150c00c46bad6145e99c5f,Hilton Hotel Employer LLC,Hilton Hotel Employer LLC,2020-07-31,2020-07-29,2020-07-31,2020-03-08,date_role_changed_requires_relink
WA,5538,amendment_of,amendment,0.97,54183,54186,a8b763b35d4eae558c89ca440566909cbc416e9fcd28124f06f3d752,918b0109c0867626a314ac7aab929d680342d0d05af0d072aa8e609e,United Airlines,United Airlines,2015-01-07,2014-12-01,2015-03-07,2015-01-30,date_role_changed_requires_relink
WA,5539,amendment_of,amendment,0.97,53883,53894,265da0a27561335e2a86f86e4d7fc1d036a1f5917db749c06bbb84ed,1544812fadf47f8a4a0a927c108d5764af9bdbda89798a42de2f2258,"Northwest Aerospace Technologies, Inc","Northwest Aerospace Technologies, Inc",2020-04-06,2020-03-31,2020-04-06,2020-03-30,date_role_changed_requires_relink
WA,5540,amendment_of,amendment,0.97,53848,53894,d8aab3e321d56f625531b328146eccdb57625ac75d480c0d2b141703,1544812fadf47f8a4a0a927c108d5764af9bdbda89798a42de2f2258,"Northwest Aerospace Technologies, Inc","Northwest Aerospace Technologies, Inc",2020-04-24,2020-03-31,2020-04-24,2020-03-30,date_role_changed_requires_relink
WA,5541,amendment_of,amendment,0.97,53848,53883,d8aab3e321d56f625531b328146eccdb57625ac75d480c0d2b141703,265da0a27561335e2a86f86e4d7fc1d036a1f5917db749c06bbb84ed,"Northwest Aerospace Technologies, Inc","Northwest Aerospace Technologies, Inc",2020-04-24,2020-04-06,2020-04-24,2020-04-06,date_role_changed_requires_relink
WA,5542,possible_duplicate,amendment,0.696,53890,53908,fea3fadb43b4565f1d6e3da8ed0bf56a548708a5e59c5154d0877786,894944bf55b5ac2d24eead896f5d3447c9f63fa54f82047f8e991956,King & Prince Seafood,King & Prince Seafood,2020-04-01,2020-03-27,2020-04-06,2020-03-30,date_role_changed_requires_relink
WA,5543,amendment_of,amendment,0.97,53931,53940,39033b04757083f7ca8c0a3a049424f15e07e090a48970a0c0f084e6,a7e61ccd6b0bf21c9ddaa5ac91026fa3d81b0e08e15b7033ba21c422,Oakwood Worldwide (US) LP,Oakwood Worldwide (US) LP,2020-03-05,2020-01-29,2020-05-04,2020-03-30,date_role_changed_requires_relink
WA,5544,amendment_of,amendment,0.97,54524,54529,f495594fa18468893fe7794f698bfcd29acf24526da9d83be47fc8de,e508599cbeb820bb07c073ea3329600b2287ab6c56f2699d842c6023,Seattle Times - North Creek,Seattle Times - North Creek,2008-02-04,2008-01-16,2008-03-31,2008-02-29,date_role_changed_requires_relink
WA,5545,possible_duplicate,amendment,0.683,53979,53986,5275c35557b184f062fd40ff08543f28aab8eb2b2081364f7e1f74e5,fa3c699eafccf2b7055032cc88d8d8791ea4918b26254933476dfa26,United Natural Foods/SUPERVALU,United Natural Foods/SUPERVALU,2019-08-02,2019-07-15,2019-09-28,2019-09-08,date_role_changed_requires_relink
WA,5546,amendment_of,amendment,0.97,54050,54051,06017f142532a5fea02def7d36016e830f5fec85c654b620e05e2c31,db5fff2303adfc07a2c026daa3aad99454a0b38b1e3d542f3dcb89be,The Hacker Group,The Hacker Group,2017-11-01,2017-10-31,2017-12-31,2017-12-04,date_role_changed_requires_relink
WA,5547,amendment_of,amendment,1.0,54128,54141,ab11f835573f4e7737698807b07d788e426dd8dad0c7da7fa7e18f49,24b71cb45dabad0a8bb36f45f27f16daba448ad8cfd6f3592f82476a,Wells Fargo Home Mortgage Servicing,Wells Fargo Home Mortgage Servicing,2016-03-17,2016-02-03,2016-04-03,2016-04-03,date_role_changed_requires_relink
WA,5548,possible_duplicate,amendment,0.688,54126,54135,eec49f50729b4f0c2b573de5811ba10981411ec2bbb48198c3f6324b,cf3a0d58636b9fd387b35b36c3921ff47f371d3d9232b96bf2cbe01c,Xerox Commercial Solutioins,Xerox Commercial Solutioins,2016-04-01,2016-03-07,2016-05-31,2016-05-06,date_role_changed_requires_relink
WA,5549,possible_duplicate,amendment,0.715,54154,54160,4b0b1553751566ddf1cce441aefa4d250c1a7c9c315f94ba5d4f0f44,aea8ddeb4854df2ffd45dfca374023e5b63499a67dce2166f7d751f7,Haggen Food & Pharmacy,Haggen Food & Pharmacy,2015-09-25,2015-08-14,2015-11-24,2015-10-13,date_role_changed_requires_relink
WA,5550,possible_duplicate,amendment,0.691,54130,54132,15ac4c052bef8a1cea5a0a8bc9b184c1685aa8fb7e3ce23b4444638f,08725858b8a031cedf3f6106f037eac071971b6391f1cc7af45a2150,Haggen Food & Pharmacy,Haggen Food & Pharmacy,2016-03-11,2016-03-09,2016-05-10,2016-05-09,date_role_changed_requires_relink
WA,5551,possible_duplicate,amendment,0.679,54130,54133,15ac4c052bef8a1cea5a0a8bc9b184c1685aa8fb7e3ce23b4444638f,2d2681dc857227cb5c191691e667056047939a8995ec086caebcdc9c,Haggen Food & Pharmacy,Haggen Food & Pharmacy,2016-03-11,2016-03-09,2016-05-10,2016-05-09,date_role_changed_requires_relink
WA,5552,possible_duplicate,amendment,0.695,54131,54132,7408705a8d2f2b1985feeb25e9cac4fd08e5785d93caddb908918796,08725858b8a031cedf3f6106f037eac071971b6391f1cc7af45a2150,Haggen Food & Pharmacy,Haggen Food & Pharmacy,2016-03-11,2016-03-09,2016-05-10,2016-05-09,date_role_changed_requires_relink
WA,5553,possible_duplicate,amendment,0.69,54131,54133,7408705a8d2f2b1985feeb25e9cac4fd08e5785d93caddb908918796,2d2681dc857227cb5c191691e667056047939a8995ec086caebcdc9c,Haggen Food & Pharmacy,Haggen Food & Pharmacy,2016-03-11,2016-03-09,2016-05-10,2016-05-09,date_role_changed_requires_relink
WA,5554,amendment_of,amendment,0.97,54152,54155,56a0ae87c2a83f39d83c2803761fa8441a7fc90db263d48e0023d979,cc038a3b962144b2556a3ed6f6b44116dd8d26409b08d341ab3ad173,CH2M,CH2M,2015-10-20,2015-09-23,2015-12-07,2015-11-20,date_role_changed_requires_relink
WA,5555,amendment_of,amendment,0.97,54157,54161,dea3ebd1bca4edd58b77113eef71bfba9eed9e009323cd6174049af2,07755d689a807ca884d6797b68c3327cb94948dd5017d6780e771ccc,HTC America,HTC America,2015-08-24,2015-08-10,2015-08-25,2015-08-10,date_role_changed_requires_relink
WA,5556,amendment_of,amendment,0.97,54194,54199,aee8e7a1fe9d38cbcc184d740f6f7e97364ff91b4dca5500cd07bde9,6c95f386a199f5992acf22c9c45b266753369c4bf417321f8787e66f,Cobalt Mortgage,Cobalt Mortgage,2014-10-13,2014-09-18,2014-12-16,2014-11-21,date_role_changed_requires_relink
WA,5557,amendment_of,amendment,0.97,54616,54624,1ff1beafd55ee90dac0d96dec65fb6a76593eae363aa5d496f2e3da1,9e2b6fa6c6c47982fd79fa02fec08f1789ac0a5d4e4b8f4490dae45f,Electric Boat,Electric Boat,2006-08-11,2006-07-07,2006-10-13,2006-09-08,date_role_changed_requires_relink
WA,5558,amendment_of,amendment,0.97,54612,54616,f273da8f51d7384261726e41425838beaf1414185ba4c93c2ca037d0,1ff1beafd55ee90dac0d96dec65fb6a76593eae363aa5d496f2e3da1,Electric Boat,Electric Boat,2006-09-15,2006-08-11,2006-11-17,2006-10-13,date_role_changed_requires_relink
WA,5559,amendment_of,amendment,0.97,54607,54612,b1f2ded5bb3590b700170a0dd824b836d79f13f390dbba6dc9d8a453,f273da8f51d7384261726e41425838beaf1414185ba4c93c2ca037d0,Electric Boat,Electric Boat,2006-10-06,2006-09-15,2006-12-08,2006-11-17,date_role_changed_requires_relink
WA,5560,amendment_of,amendment,0.97,54579,54584,6f29540ab11c00762c5534846955df4b2ed7cfa8f067a5b63252e228,4cd30e27d6c39d6a0b08a4867e5e0d7dac390fc3c822eed1c6e093cb,Electric Boat,Electric Boat,2007-03-02,2007-02-16,2007-06-01,2007-05-04,date_role_changed_requires_relink
WA,5561,possible_duplicate,amendment,0.733,54276,54281,506b4728793fece063fe5525c581bc5df063c53572a41c9cfaf8f9c7,7911e509f4d544bd3dc77d251f71bfb945256e9e2078edeb45875356,TriWest Healthcare Alliance Corporation,TriWest Healthcare Alliance Corporation,2012-12-18,2012-12-14,2013-02-15,2013-02-15,date_role_changed_requires_relink
WA,5562,possible_duplicate,amendment,0.732,54276,54283,506b4728793fece063fe5525c581bc5df063c53572a41c9cfaf8f9c7,880d3af23f9336db90e8301d787de8782ca964ca43cc63a6c7607ad4,TriWest Healthcare Alliance Corporation,TriWest Healthcare Alliance Corporation,2012-12-18,2012-12-14,2013-02-15,2013-02-15,date_role_changed_requires_relink
WA,5563,possible_duplicate,amendment,0.748,54277,54282,ba06a852cfe5995621f17c3df30bde26e8ad42a050d98aebc87e1764,2c4769bf8387f70e962cb969de872f9bf73207b4417c9b40d7dd6132,TriWest Healthcare Alliance Corporation,TriWest Healthcare Alliance Corporation,2012-12-18,2012-12-14,2013-02-15,2013-02-15,date_role_changed_requires_relink
WA,5564,possible_duplicate,amendment,0.742,54277,54283,ba06a852cfe5995621f17c3df30bde26e8ad42a050d98aebc87e1764,880d3af23f9336db90e8301d787de8782ca964ca43cc63a6c7607ad4,TriWest Healthcare Alliance Corporation,TriWest Healthcare Alliance Corporation,2012-12-18,2012-12-14,2013-02-15,2013-02-15,date_role_changed_requires_relink
WA,5565,possible_duplicate,amendment,0.756,54278,54281,c7ece6b10837e7792f8c84d332616174600925ef9302e36fd14817df,7911e509f4d544bd3dc77d251f71bfb945256e9e2078edeb45875356,TriWest Healthcare Alliance Corporation,TriWest Healthcare Alliance Corporation,2012-12-18,2012-12-14,2013-02-15,2013-02-15,date_role_changed_requires_relink
WA,5566,possible_duplicate,amendment,0.701,54278,54282,c7ece6b10837e7792f8c84d332616174600925ef9302e36fd14817df,2c4769bf8387f70e962cb969de872f9bf73207b4417c9b40d7dd6132,TriWest Healthcare Alliance Corporation,TriWest Healthcare Alliance Corporation,2012-12-18,2012-12-14,2013-02-15,2013-02-15,date_role_changed_requires_relink
WA,5567,possible_duplicate,amendment,0.717,54278,54283,c7ece6b10837e7792f8c84d332616174600925ef9302e36fd14817df,880d3af23f9336db90e8301d787de8782ca964ca43cc63a6c7607ad4,TriWest Healthcare Alliance Corporation,TriWest Healthcare Alliance Corporation,2012-12-18,2012-12-14,2013-02-15,2013-02-15,date_role_changed_requires_relink
WA,5568,possible_duplicate,amendment,0.709,54279,54281,a2b774ad1b610c90627f5064c768558cb7af145390c028c6e3cf1c51,7911e509f4d544bd3dc77d251f71bfb945256e9e2078edeb45875356,TriWest Healthcare Alliance Corporation,TriWest Healthcare Alliance Corporation,2012-12-18,2012-12-14,2013-02-15,2013-02-15,date_role_changed_requires_relink
WA,5569,possible_duplicate,amendment,0.721,54279,54282,a2b774ad1b610c90627f5064c768558cb7af145390c028c6e3cf1c51,2c4769bf8387f70e962cb969de872f9bf73207b4417c9b40d7dd6132,TriWest Healthcare Alliance Corporation,TriWest Healthcare Alliance Corporation,2012-12-18,2012-12-14,2013-02-15,2013-02-15,date_role_changed_requires_relink
WA,5570,possible_duplicate,amendment,0.745,54280,54281,87582a57b3344f857ed2a1bdec5431be9905410ed7f9a8bc5c990627,7911e509f4d544bd3dc77d251f71bfb945256e9e2078edeb45875356,TriWest Healthcare Alliance Corporation,TriWest Healthcare Alliance Corporation,2012-12-18,2012-12-14,2013-02-15,2013-02-15,date_role_changed_requires_relink
WA,5571,possible_duplicate,amendment,0.716,54280,54282,87582a57b3344f857ed2a1bdec5431be9905410ed7f9a8bc5c990627,2c4769bf8387f70e962cb969de872f9bf73207b4417c9b40d7dd6132,TriWest Healthcare Alliance Corporation,TriWest Healthcare Alliance Corporation,2012-12-18,2012-12-14,2013-02-15,2013-02-15,date_role_changed_requires_relink
WA,5572,amendment_of,amendment,0.88,54371,54373,6ba4d2ce3dc0ce86d80df14715bfe8afde351216c839e1f5b0a7aa28,5fe22e062ef7d8af72afc4fec9383e92091a676df6aa681d35169c92,Skookum Fleet Management,Skookum Fleet Management,2010-08-20,2010-07-16,2010-10-18,2010-07-12,date_role_changed_requires_relink
WA,5573,amendment_of,amendment,1.0,54619,54622,c8d363bb7decf061c5de0eb9eead95ef5540dfcbfbf266c743d2089c,a1b2f13b429c922b61bd60d9bd198b85274257201ad40e6a3ecb8596,Bank of America,Bank of America,2006-07-31,2006-07-14,2006-10-01,2006-10-01,date_role_changed_requires_relink
WA,5574,amendment_of,amendment,0.97,54617,54625,db732922e4f63b24978c63bc07450470a1bfdaa296f4780f86666b68,88262e091cb2f3808be943c9834ba3a1f699c855f2ec3d13bc5fb380,"Sun Microsystems, Inc","Sun Microsystems, Inc",2006-08-03,2006-06-22,2006-10-02,2006-08-21,date_role_changed_requires_relink
WA,5575,amendment_of,amendment,0.97,54580,54586,81972e2257a77e543870f179461ffaec1794dd60f607fe5448c556f7,54891f7604cd4dda07e740d5981497f272b59adde26d03a5dd7af169,"Sun Microsystems, Inc","Sun Microsystems, Inc",2007-03-01,2007-01-25,2007-04-30,2007-03-26,date_role_changed_requires_relink
WA,5576,amendment_of,amendment,0.97,54415,54416,ae6983a307a9e280ffb4e9baff64ba05e94a60ca1f9721f1aa4389c9,9a1f0e0a4b61e61ff85f9b4a773fb6914790bd8f474e480032e1f80f,"Stemilt Growers, Inc.","Stemilt Growers, Inc.",2009-07-27,2009-07-20,2009-09-24,2009-09-17,date_role_changed_requires_relink
WA,5577,possible_duplicate,amendment,0.603,54447,54457,eacef15ded0a553c68f533be13d7a6ec7387ef8d0822176858a17f37,fbb1f219de412669797667991579539289f34a2c06d6054157b19d13,Weyerhaeuser Sawmill,Weyerhaeuser Sawmill,2009-03-05,2009-01-27,2009-05-01,2009-01-26,date_role_changed_requires_relink
WA,5578,amendment_of,amendment,1.0,54702,54706,e32a9d75e1b12c9b2fd84ca55ae1f1f32a84d3fb058807a16963f817,0953f53d726fbc2a824daee2e9740bf8d82542b015bce6180059fda7,Qwest,Qwest,2005-04-19,2005-03-25,2005-06-08,2005-06-08,date_role_changed_requires_relink
WA,5579,amendment_of,amendment,0.97,54466,54474,54b2469cad3fc2f4459bb418bf67064c45e937ea505a6355c8dddd29,37a786a28888f3e20616508d4154cae95bc6ef32b7634153faacd0fa,ABX Air,ABX Air,2008-12-26,2008-11-14,2009-02-13,2009-01-13,date_role_changed_requires_relink
WA,5580,amendment_of,amendment,0.97,54483,54485,40bc62bc5aacb5273f865a539654ecf47bb76316204e718fed66414f,d87685d25827eefe87756d656d96da36ce1db89cc47144a4b88f30f6,Meridian Yacht/US Marine,Meridian Yacht/US Marine,2008-10-16,2008-10-10,2008-10-16,2008-10-10,date_role_changed_requires_relink
WA,5581,amendment_of,amendment,0.97,54489,54500,05d52d12948937ff4ccf579d0cc9793dd5635f2875f5879a0ff200ce,c7f3fdaba161ed004f7070c9a04d4cd9cca0a909df7e6333167e906d,Vivendi Games,Vivendi Games,2008-09-08,2008-07-28,2008-11-07,2008-09-13,date_role_changed_requires_relink
WA,5582,amendment_of,amendment,0.97,54601,54602,13c7420007d6a5d0c4ebdc26e180e312f20d0a969f01c1b8c4135651,7be2074d032a6d4df6c497514c64fb43106523144fa07008cec662f4,ICOS Corporation,ICOS Corporation,2006-11-09,2006-11-02,2007-01-08,2007-01-02,date_role_changed_requires_relink
WA,5583,amendment_of,amendment,0.97,54598,54602,d968a4bb49d4130361741af96e026e1053c679947f47f4196cbf328d,7be2074d032a6d4df6c497514c64fb43106523144fa07008cec662f4,ICOS Corporation,ICOS Corporation,2006-11-17,2006-11-02,2007-01-16,2007-01-02,date_role_changed_requires_relink
WA,5584,amendment_of,amendment,0.97,54598,54601,d968a4bb49d4130361741af96e026e1053c679947f47f4196cbf328d,13c7420007d6a5d0c4ebdc26e180e312f20d0a969f01c1b8c4135651,ICOS Corporation,ICOS Corporation,2006-11-17,2006-11-09,2007-01-16,2007-01-08,date_role_changed_requires_relink
WA,5585,amendment_of,amendment,0.94,54594,54602,aca7a57486218e125786ab9923d3d23e885ea34768488bea1505a0ef,7be2074d032a6d4df6c497514c64fb43106523144fa07008cec662f4,ICOS Corporation,ICOS Corporation,2006-12-05,2006-11-02,2007-01-29,2007-01-02,date_role_changed_requires_relink
WA,5586,amendment_of,amendment,0.94,54594,54601,aca7a57486218e125786ab9923d3d23e885ea34768488bea1505a0ef,13c7420007d6a5d0c4ebdc26e180e312f20d0a969f01c1b8c4135651,ICOS Corporation,ICOS Corporation,2006-12-05,2006-11-09,2007-01-29,2007-01-08,date_role_changed_requires_relink
WA,5587,amendment_of,amendment,0.94,54594,54598,aca7a57486218e125786ab9923d3d23e885ea34768488bea1505a0ef,d968a4bb49d4130361741af96e026e1053c679947f47f4196cbf328d,ICOS Corporation,ICOS Corporation,2006-12-05,2006-11-17,2007-01-29,2007-01-16,date_role_changed_requires_relink
WA,5588,amendment_of,amendment,0.94,54593,54602,6a21d7e30efcdb397795dc53c0166096202994783d66bfdc10f1767b,7be2074d032a6d4df6c497514c64fb43106523144fa07008cec662f4,ICOS Corporation,ICOS Corporation,2006-12-11,2006-11-02,2007-02-05,2007-01-02,date_role_changed_requires_relink
WA,5589,amendment_of,amendment,0.94,54593,54601,6a21d7e30efcdb397795dc53c0166096202994783d66bfdc10f1767b,13c7420007d6a5d0c4ebdc26e180e312f20d0a969f01c1b8c4135651,ICOS Corporation,ICOS Corporation,2006-12-11,2006-11-09,2007-02-05,2007-01-08,date_role_changed_requires_relink
WA,5590,amendment_of,amendment,0.94,54593,54598,6a21d7e30efcdb397795dc53c0166096202994783d66bfdc10f1767b,d968a4bb49d4130361741af96e026e1053c679947f47f4196cbf328d,ICOS Corporation,ICOS Corporation,2006-12-11,2006-11-17,2007-02-05,2007-01-16,date_role_changed_requires_relink
WA,5591,amendment_of,amendment,0.94,54593,54594,6a21d7e30efcdb397795dc53c0166096202994783d66bfdc10f1767b,aca7a57486218e125786ab9923d3d23e885ea34768488bea1505a0ef,ICOS Corporation,ICOS Corporation,2006-12-11,2006-12-05,2007-02-05,2007-01-29,date_role_changed_requires_relink
WA,5592,amendment_of,amendment,0.94,54592,54602,e81ed8b9ee4f11ac61e1b093266eb05689e9940fa03139e194f3c48c,7be2074d032a6d4df6c497514c64fb43106523144fa07008cec662f4,ICOS Corporation,ICOS Corporation,2006-12-14,2006-11-02,2007-02-12,2007-01-02,date_role_changed_requires_relink
WA,5593,amendment_of,amendment,0.94,54592,54601,e81ed8b9ee4f11ac61e1b093266eb05689e9940fa03139e194f3c48c,13c7420007d6a5d0c4ebdc26e180e312f20d0a969f01c1b8c4135651,ICOS Corporation,ICOS Corporation,2006-12-14,2006-11-09,2007-02-12,2007-01-08,date_role_changed_requires_relink
WA,5594,amendment_of,amendment,0.94,54592,54598,e81ed8b9ee4f11ac61e1b093266eb05689e9940fa03139e194f3c48c,d968a4bb49d4130361741af96e026e1053c679947f47f4196cbf328d,ICOS Corporation,ICOS Corporation,2006-12-14,2006-11-17,2007-02-12,2007-01-16,date_role_changed_requires_relink
WA,5595,amendment_of,amendment,0.94,54592,54594,e81ed8b9ee4f11ac61e1b093266eb05689e9940fa03139e194f3c48c,aca7a57486218e125786ab9923d3d23e885ea34768488bea1505a0ef,ICOS Corporation,ICOS Corporation,2006-12-14,2006-12-05,2007-02-12,2007-01-29,date_role_changed_requires_relink
WA,5596,amendment_of,amendment,0.97,54592,54593,e81ed8b9ee4f11ac61e1b093266eb05689e9940fa03139e194f3c48c,6a21d7e30efcdb397795dc53c0166096202994783d66bfdc10f1767b,ICOS Corporation,ICOS Corporation,2006-12-14,2006-12-11,2007-02-12,2007-02-05,date_role_changed_requires_relink
WA,5597,amendment_of,amendment,0.94,54589,54594,0e8c15d1cb1634a90155d372b13ece3ac6d89276d1448ef011b01b22,aca7a57486218e125786ab9923d3d23e885ea34768488bea1505a0ef,ICOS Corporation,ICOS Corporation,2007-01-12,2006-12-05,2007-01-31,2007-01-29,date_role_changed_requires_relink
WA,5598,amendment_of,amendment,0.94,54589,54593,0e8c15d1cb1634a90155d372b13ece3ac6d89276d1448ef011b01b22,6a21d7e30efcdb397795dc53c0166096202994783d66bfdc10f1767b,ICOS Corporation,ICOS Corporation,2007-01-12,2006-12-11,2007-01-31,2007-02-05,date_role_changed_requires_relink
WA,5599,amendment_of,amendment,0.94,54589,54592,0e8c15d1cb1634a90155d372b13ece3ac6d89276d1448ef011b01b22,e81ed8b9ee4f11ac61e1b093266eb05689e9940fa03139e194f3c48c,ICOS Corporation,ICOS Corporation,2007-01-12,2006-12-14,2007-01-31,2007-02-12,date_role_changed_requires_relink
WA,5600,amendment_of,amendment,0.97,54585,54589,9d1adab0ed8b13aabdcf9bbbeed8be4b5b8da2d954dec2db44023af1,0e8c15d1cb1634a90155d372b13ece3ac6d89276d1448ef011b01b22,ICOS Corporation,ICOS Corporation,2007-01-29,2007-01-12,2007-03-29,2007-01-31,date_role_changed_requires_relink
WA,5601,amendment_of,amendment,0.94,54581,54585,18618c71d50feeb6597bffb2a31b493bd6ff37045cb4ca94bcebb34a,9d1adab0ed8b13aabdcf9bbbeed8be4b5b8da2d954dec2db44023af1,ICOS Corporation,ICOS Corporation,2007-02-28,2007-01-29,2007-04-29,2007-03-29,date_role_changed_requires_relink
WA,5602,amendment_of,amendment,0.97,54577,54585,3c1af9144c040802d0159e403faab70f8ad7258e07a95fcb92125a32,9d1adab0ed8b13aabdcf9bbbeed8be4b5b8da2d954dec2db44023af1,ICOS Corporation,ICOS Corporation,2007-03-06,2007-01-29,2007-05-05,2007-03-29,date_role_changed_requires_relink
WA,5603,amendment_of,amendment,0.94,54577,54581,3c1af9144c040802d0159e403faab70f8ad7258e07a95fcb92125a32,18618c71d50feeb6597bffb2a31b493bd6ff37045cb4ca94bcebb34a,ICOS Corporation,ICOS Corporation,2007-03-06,2007-02-28,2007-05-05,2007-04-29,date_role_changed_requires_relink
WA,5604,amendment_of,amendment,0.94,54575,54581,8dbcfb96d34f70c2c443837f3abf734d63f2d70dc400c9e2f01643b2,18618c71d50feeb6597bffb2a31b493bd6ff37045cb4ca94bcebb34a,ICOS Corporation,ICOS Corporation,2007-03-22,2007-02-28,2007-05-01,2007-04-29,date_role_changed_requires_relink
WA,5605,amendment_of,amendment,0.97,54575,54577,8dbcfb96d34f70c2c443837f3abf734d63f2d70dc400c9e2f01643b2,3c1af9144c040802d0159e403faab70f8ad7258e07a95fcb92125a32,ICOS Corporation,ICOS Corporation,2007-03-22,2007-03-06,2007-05-01,2007-05-05,date_role_changed_requires_relink
WA,5606,amendment_of,amendment,0.94,54573,54581,ece271695d0bf2a5c8cfc27aad456066edf651b5212c25c1261c56e0,18618c71d50feeb6597bffb2a31b493bd6ff37045cb4ca94bcebb34a,ICOS Corporation,ICOS Corporation,2007-04-02,2007-02-28,2007-05-29,2007-04-29,date_role_changed_requires_relink
WA,5607,amendment_of,amendment,0.97,54573,54577,ece271695d0bf2a5c8cfc27aad456066edf651b5212c25c1261c56e0,3c1af9144c040802d0159e403faab70f8ad7258e07a95fcb92125a32,ICOS Corporation,ICOS Corporation,2007-04-02,2007-03-06,2007-05-29,2007-05-05,date_role_changed_requires_relink
WA,5608,amendment_of,amendment,0.97,54573,54575,ece271695d0bf2a5c8cfc27aad456066edf651b5212c25c1261c56e0,8dbcfb96d34f70c2c443837f3abf734d63f2d70dc400c9e2f01643b2,ICOS Corporation,ICOS Corporation,2007-04-02,2007-03-22,2007-05-29,2007-05-01,date_role_changed_requires_relink
WA,5609,amendment_of,amendment,0.97,54571,54577,91d5140d2d9fe5dfc52f6b9a82add02b471c238731117ff657d215fc,3c1af9144c040802d0159e403faab70f8ad7258e07a95fcb92125a32,ICOS Corporation,ICOS Corporation,2007-04-17,2007-03-06,2007-06-17,2007-05-05,date_role_changed_requires_relink
WA,5610,amendment_of,amendment,0.97,54571,54575,91d5140d2d9fe5dfc52f6b9a82add02b471c238731117ff657d215fc,8dbcfb96d34f70c2c443837f3abf734d63f2d70dc400c9e2f01643b2,ICOS Corporation,ICOS Corporation,2007-04-17,2007-03-22,2007-06-17,2007-05-01,date_role_changed_requires_relink
WA,5611,amendment_of,amendment,0.97,54571,54573,91d5140d2d9fe5dfc52f6b9a82add02b471c238731117ff657d215fc,ece271695d0bf2a5c8cfc27aad456066edf651b5212c25c1261c56e0,ICOS Corporation,ICOS Corporation,2007-04-17,2007-04-02,2007-06-17,2007-05-29,date_role_changed_requires_relink
WA,5612,amendment_of,amendment,0.97,54568,54575,edeea3fdc17f8ba524aa2a2e0fc919e1e678261c6a7809aaee3d57af,8dbcfb96d34f70c2c443837f3abf734d63f2d70dc400c9e2f01643b2,ICOS Corporation,ICOS Corporation,2007-04-30,2007-03-22,2007-06-29,2007-05-01,date_role_changed_requires_relink
WA,5613,amendment_of,amendment,0.97,54568,54573,edeea3fdc17f8ba524aa2a2e0fc919e1e678261c6a7809aaee3d57af,ece271695d0bf2a5c8cfc27aad456066edf651b5212c25c1261c56e0,ICOS Corporation,ICOS Corporation,2007-04-30,2007-04-02,2007-06-29,2007-05-29,date_role_changed_requires_relink
WA,5614,amendment_of,amendment,0.97,54568,54571,edeea3fdc17f8ba524aa2a2e0fc919e1e678261c6a7809aaee3d57af,91d5140d2d9fe5dfc52f6b9a82add02b471c238731117ff657d215fc,ICOS Corporation,ICOS Corporation,2007-04-30,2007-04-17,2007-06-29,2007-06-17,date_role_changed_requires_relink
WA,5615,amendment_of,amendment,0.97,54565,54573,88ec176ef539c2541bbab2eab2dc358a64a6f4f2881e667c24d5e4b4,ece271695d0bf2a5c8cfc27aad456066edf651b5212c25c1261c56e0,ICOS Corporation,ICOS Corporation,2007-05-09,2007-04-02,2007-07-08,2007-05-29,date_role_changed_requires_relink
WA,5616,amendment_of,amendment,0.97,54565,54571,88ec176ef539c2541bbab2eab2dc358a64a6f4f2881e667c24d5e4b4,91d5140d2d9fe5dfc52f6b9a82add02b471c238731117ff657d215fc,ICOS Corporation,ICOS Corporation,2007-05-09,2007-04-17,2007-07-08,2007-06-17,date_role_changed_requires_relink
WA,5617,amendment_of,amendment,0.97,54565,54568,88ec176ef539c2541bbab2eab2dc358a64a6f4f2881e667c24d5e4b4,edeea3fdc17f8ba524aa2a2e0fc919e1e678261c6a7809aaee3d57af,ICOS Corporation,ICOS Corporation,2007-05-09,2007-04-30,2007-07-08,2007-06-29,date_role_changed_requires_relink
WA,5618,amendment_of,amendment,0.88,54563,54573,96b96c042dfb9075a361bfc2a801f0f57368650ecf8215da5b5f1743,ece271695d0bf2a5c8cfc27aad456066edf651b5212c25c1261c56e0,ICOS Corporation,ICOS Corporation,2007-05-14,2007-04-02,2007-08-29,2007-05-29,date_role_changed_requires_relink
WA,5619,amendment_of,amendment,0.88,54563,54571,96b96c042dfb9075a361bfc2a801f0f57368650ecf8215da5b5f1743,91d5140d2d9fe5dfc52f6b9a82add02b471c238731117ff657d215fc,ICOS Corporation,ICOS Corporation,2007-05-14,2007-04-17,2007-08-29,2007-06-17,date_role_changed_requires_relink
WA,5620,amendment_of,amendment,0.88,54563,54568,96b96c042dfb9075a361bfc2a801f0f57368650ecf8215da5b5f1743,edeea3fdc17f8ba524aa2a2e0fc919e1e678261c6a7809aaee3d57af,ICOS Corporation,ICOS Corporation,2007-05-14,2007-04-30,2007-08-29,2007-06-29,date_role_changed_requires_relink
WA,5621,amendment_of,amendment,0.97,54563,54565,96b96c042dfb9075a361bfc2a801f0f57368650ecf8215da5b5f1743,88ec176ef539c2541bbab2eab2dc358a64a6f4f2881e667c24d5e4b4,ICOS Corporation,ICOS Corporation,2007-05-14,2007-05-09,2007-08-29,2007-07-08,date_role_changed_requires_relink
WA,5622,amendment_of,amendment,0.97,54562,54568,63172b476e5c138f3b70327347e57e6d1996eaeba6cd6e624460cd2b,edeea3fdc17f8ba524aa2a2e0fc919e1e678261c6a7809aaee3d57af,ICOS Corporation,ICOS Corporation,2007-06-04,2007-04-30,2007-08-01,2007-06-29,date_role_changed_requires_relink
WA,5623,amendment_of,amendment,0.97,54562,54565,63172b476e5c138f3b70327347e57e6d1996eaeba6cd6e624460cd2b,88ec176ef539c2541bbab2eab2dc358a64a6f4f2881e667c24d5e4b4,ICOS Corporation,ICOS Corporation,2007-06-04,2007-05-09,2007-08-01,2007-07-08,date_role_changed_requires_relink
WA,5624,amendment_of,amendment,0.97,54562,54563,63172b476e5c138f3b70327347e57e6d1996eaeba6cd6e624460cd2b,96b96c042dfb9075a361bfc2a801f0f57368650ecf8215da5b5f1743,ICOS Corporation,ICOS Corporation,2007-06-04,2007-05-14,2007-08-01,2007-08-29,date_role_changed_requires_relink
WA,5625,amendment_of,amendment,0.97,54553,54555,e0bd1f2c7161ca6cf50c673ec3e7f8440c4315eaef7b535f84de6501,031082e5692f8f04c67efa65447d65957dbf569ceff228f98166f04f,ICOS Corporation,ICOS Corporation,2007-08-17,2007-07-31,2007-10-15,2007-09-29,date_role_changed_requires_relink
WA,5626,amendment_of,amendment,0.97,54548,54555,ae1c9f0fe96f2efcc34aff27677d815fddc1bb9735f25c39362f2692,031082e5692f8f04c67efa65447d65957dbf569ceff228f98166f04f,ICOS Corporation,ICOS Corporation,2007-08-28,2007-07-31,2007-10-29,2007-09-29,date_role_changed_requires_relink
WA,5627,amendment_of,amendment,0.97,54548,54553,ae1c9f0fe96f2efcc34aff27677d815fddc1bb9735f25c39362f2692,e0bd1f2c7161ca6cf50c673ec3e7f8440c4315eaef7b535f84de6501,ICOS Corporation,ICOS Corporation,2007-08-28,2007-08-17,2007-10-29,2007-10-15,date_role_changed_requires_relink
WA,5628,amendment_of,amendment,0.97,54523,54532,5da51d59bae1d06abf5586d4bebf8c6c0f4c960f7bf304d06d6529bb,c1fa5459c8776ee9b3cc011488d5e9201b1549557da2c952c29fadc0,ICOS Corporation,ICOS Corporation,2008-02-06,2007-12-24,2008-03-29,2008-02-29,date_role_changed_requires_relink
WA,5629,amendment_of,amendment,0.97,54719,54721,b8568741335d23f80287b21a8d8a9694fd078320ad73012ba8776a4c,232bbde42bf3bcc970cfadc74f0337d43798d354b4d41b4b0b8cf201,Cingular Wireless,Cingular Wireless,2005-01-18,2005-01-03,2005-03-18,2005-03-07,date_role_changed_requires_relink
WA,5630,amendment_of,amendment,0.97,54714,54721,af06ff04fd93d3cd9a87721b5b19f8f4a4f730b2be60cbc7051c4774,232bbde42bf3bcc970cfadc74f0337d43798d354b4d41b4b0b8cf201,Cingular Wireless,Cingular Wireless,2005-02-01,2005-01-03,2005-04-04,2005-03-07,date_role_changed_requires_relink
WA,5631,amendment_of,amendment,0.97,54714,54719,af06ff04fd93d3cd9a87721b5b19f8f4a4f730b2be60cbc7051c4774,b8568741335d23f80287b21a8d8a9694fd078320ad73012ba8776a4c,Cingular Wireless,Cingular Wireless,2005-02-01,2005-01-18,2005-04-04,2005-03-18,date_role_changed_requires_relink
WA,5632,amendment_of,amendment,0.97,54713,54721,a245da35c0423ee69dcb97f953da60a7abb93ff88ac55a1313ed3f47,232bbde42bf3bcc970cfadc74f0337d43798d354b4d41b4b0b8cf201,Cingular Wireless,Cingular Wireless,2005-02-14,2005-01-03,2005-04-15,2005-03-07,date_role_changed_requires_relink
WA,5633,amendment_of,amendment,0.97,54713,54719,a245da35c0423ee69dcb97f953da60a7abb93ff88ac55a1313ed3f47,b8568741335d23f80287b21a8d8a9694fd078320ad73012ba8776a4c,Cingular Wireless,Cingular Wireless,2005-02-14,2005-01-18,2005-04-15,2005-03-18,date_role_changed_requires_relink
WA,5634,amendment_of,amendment,0.97,54713,54714,a245da35c0423ee69dcb97f953da60a7abb93ff88ac55a1313ed3f47,af06ff04fd93d3cd9a87721b5b19f8f4a4f730b2be60cbc7051c4774,Cingular Wireless,Cingular Wireless,2005-02-14,2005-02-01,2005-04-15,2005-04-04,date_role_changed_requires_relink
WA,5635,amendment_of,amendment,0.97,54712,54719,7e53b55bc3b22393f13bcdf7ebca869752a5c0f7c0755aab925dd18b,b8568741335d23f80287b21a8d8a9694fd078320ad73012ba8776a4c,Cingular Wireless,Cingular Wireless,2005-03-01,2005-01-18,2005-04-29,2005-03-18,date_role_changed_requires_relink
WA,5636,amendment_of,amendment,0.97,54712,54714,7e53b55bc3b22393f13bcdf7ebca869752a5c0f7c0755aab925dd18b,af06ff04fd93d3cd9a87721b5b19f8f4a4f730b2be60cbc7051c4774,Cingular Wireless,Cingular Wireless,2005-03-01,2005-02-01,2005-04-29,2005-04-04,date_role_changed_requires_relink
WA,5637,amendment_of,amendment,0.97,54712,54713,7e53b55bc3b22393f13bcdf7ebca869752a5c0f7c0755aab925dd18b,a245da35c0423ee69dcb97f953da60a7abb93ff88ac55a1313ed3f47,Cingular Wireless,Cingular Wireless,2005-03-01,2005-02-14,2005-04-29,2005-04-15,date_role_changed_requires_relink
WA,5638,amendment_of,amendment,0.97,54704,54712,de2d1ff20861476d2287278754d7cc347700786f0c1c704d3902e491,7e53b55bc3b22393f13bcdf7ebca869752a5c0f7c0755aab925dd18b,Cingular Wireless,Cingular Wireless,2005-04-11,2005-03-01,2005-05-13,2005-04-29,date_role_changed_requires_relink
WA,5639,amendment_of,amendment,0.94,54701,54704,070c827aed559efde277b7a2374d7e8010a94dcba2f13afbb0cd2393,de2d1ff20861476d2287278754d7cc347700786f0c1c704d3902e491,Cingular Wireless,Cingular Wireless,2005-04-25,2005-04-11,2005-06-21,2005-05-13,date_role_changed_requires_relink
WA,5640,amendment_of,amendment,0.97,54698,54704,74df1028982f5a4d3d4298141baa5c246a61dc331957c28fdcb95da2,de2d1ff20861476d2287278754d7cc347700786f0c1c704d3902e491,Cingular Wireless,Cingular Wireless,2005-05-09,2005-04-11,2005-07-05,2005-05-13,date_role_changed_requires_relink
WA,5641,amendment_of,amendment,0.94,54698,54701,74df1028982f5a4d3d4298141baa5c246a61dc331957c28fdcb95da2,070c827aed559efde277b7a2374d7e8010a94dcba2f13afbb0cd2393,Cingular Wireless,Cingular Wireless,2005-05-09,2005-04-25,2005-07-05,2005-06-21,date_role_changed_requires_relink
WA,5642,amendment_of,amendment,0.88,54693,54704,d8eb95d2c8b680fe1a85424e9be90352fa607129b68fd6caeb80912a,de2d1ff20861476d2287278754d7cc347700786f0c1c704d3902e491,Cingular Wireless,Cingular Wireless,2005-05-23,2005-04-11,2005-07-19,2005-05-13,date_role_changed_requires_relink
WA,5643,amendment_of,amendment,0.94,54693,54701,d8eb95d2c8b680fe1a85424e9be90352fa607129b68fd6caeb80912a,070c827aed559efde277b7a2374d7e8010a94dcba2f13afbb0cd2393,Cingular Wireless,Cingular Wireless,2005-05-23,2005-04-25,2005-07-19,2005-06-21,date_role_changed_requires_relink
WA,5644,amendment_of,amendment,0.97,54693,54698,d8eb95d2c8b680fe1a85424e9be90352fa607129b68fd6caeb80912a,74df1028982f5a4d3d4298141baa5c246a61dc331957c28fdcb95da2,Cingular Wireless,Cingular Wireless,2005-05-23,2005-05-09,2005-07-19,2005-07-05,date_role_changed_requires_relink
WA,5645,amendment_of,amendment,0.97,54687,54698,50255abc8f78b926de4780b1109fa663015774f9fb743b5bfbc62a9f,74df1028982f5a4d3d4298141baa5c246a61dc331957c28fdcb95da2,Cingular Wireless,Cingular Wireless,2005-06-21,2005-05-09,2005-08-16,2005-07-05,date_role_changed_requires_relink
WA,5646,amendment_of,amendment,0.97,54687,54693,50255abc8f78b926de4780b1109fa663015774f9fb743b5bfbc62a9f,d8eb95d2c8b680fe1a85424e9be90352fa607129b68fd6caeb80912a,Cingular Wireless,Cingular Wireless,2005-06-21,2005-05-23,2005-08-16,2005-07-19,date_role_changed_requires_relink
WA,5647,amendment_of,amendment,0.97,54682,54687,84273a7516d19853cdd4c5fc0bfb2af283e6e514774a5e661d2077f1,50255abc8f78b926de4780b1109fa663015774f9fb743b5bfbc62a9f,Cingular Wireless,Cingular Wireless,2005-07-22,2005-06-21,2005-09-14,2005-08-16,date_role_changed_requires_relink
WA,5648,amendment_of,amendment,0.97,54680,54687,45e305b6f93919db81290e116d548b40dfcc4dc11f4705bb2bef93a6,50255abc8f78b926de4780b1109fa663015774f9fb743b5bfbc62a9f,Cingular Wireless,Cingular Wireless,2005-08-02,2005-06-21,2005-09-27,2005-08-16,date_role_changed_requires_relink
WA,5649,amendment_of,amendment,0.97,54680,54682,45e305b6f93919db81290e116d548b40dfcc4dc11f4705bb2bef93a6,84273a7516d19853cdd4c5fc0bfb2af283e6e514774a5e661d2077f1,Cingular Wireless,Cingular Wireless,2005-08-02,2005-07-22,2005-09-27,2005-09-14,date_role_changed_requires_relink
WA,5650,amendment_of,amendment,0.97,54679,54682,b31e478ee8260ee33f427aaf1c67a9580dd2d20d4295f7cbd7857379,84273a7516d19853cdd4c5fc0bfb2af283e6e514774a5e661d2077f1,Cingular Wireless,Cingular Wireless,2005-08-14,2005-07-22,2005-10-11,2005-09-14,date_role_changed_requires_relink
WA,5651,amendment_of,amendment,0.97,54679,54680,b31e478ee8260ee33f427aaf1c67a9580dd2d20d4295f7cbd7857379,45e305b6f93919db81290e116d548b40dfcc4dc11f4705bb2bef93a6,Cingular Wireless,Cingular Wireless,2005-08-14,2005-08-02,2005-10-11,2005-09-27,date_role_changed_requires_relink
WA,5652,amendment_of,amendment,0.97,54672,54680,b361780634ff32f34b137b6827415f364a3a94351a52ec910159f375,45e305b6f93919db81290e116d548b40dfcc4dc11f4705bb2bef93a6,Cingular Wireless,Cingular Wireless,2005-09-13,2005-08-02,2005-11-08,2005-09-27,date_role_changed_requires_relink
WA,5653,amendment_of,amendment,0.97,54672,54679,b361780634ff32f34b137b6827415f364a3a94351a52ec910159f375,b31e478ee8260ee33f427aaf1c67a9580dd2d20d4295f7cbd7857379,Cingular Wireless,Cingular Wireless,2005-09-13,2005-08-14,2005-11-08,2005-10-11,date_role_changed_requires_relink
WA,5654,amendment_of,amendment,0.97,54669,54679,dadde8a80e136e59d9f430377a8b1071e9fac34b108780bb720b4a28,b31e478ee8260ee33f427aaf1c67a9580dd2d20d4295f7cbd7857379,Cingular Wireless,Cingular Wireless,2005-09-27,2005-08-14,2005-11-22,2005-10-11,date_role_changed_requires_relink
WA,5655,amendment_of,amendment,0.97,54669,54672,dadde8a80e136e59d9f430377a8b1071e9fac34b108780bb720b4a28,b361780634ff32f34b137b6827415f364a3a94351a52ec910159f375,Cingular Wireless,Cingular Wireless,2005-09-27,2005-09-13,2005-11-22,2005-11-08,date_role_changed_requires_relink
WA,5656,amendment_of,amendment,0.97,54666,54672,8cad050e56af763510487bf3ea32f403e9f1843e52e5dc47abd121a1,b361780634ff32f34b137b6827415f364a3a94351a52ec910159f375,Cingular Wireless,Cingular Wireless,2005-10-11,2005-09-13,2005-12-06,2005-11-08,date_role_changed_requires_relink
WA,5657,amendment_of,amendment,0.97,54666,54669,8cad050e56af763510487bf3ea32f403e9f1843e52e5dc47abd121a1,dadde8a80e136e59d9f430377a8b1071e9fac34b108780bb720b4a28,Cingular Wireless,Cingular Wireless,2005-10-11,2005-09-27,2005-12-06,2005-11-22,date_role_changed_requires_relink
WA,5658,amendment_of,amendment,0.97,54664,54672,1c84ad4bddedd66e3b3045e8f0dbd61122e4efd5944ff68040618a8d,b361780634ff32f34b137b6827415f364a3a94351a52ec910159f375,Cingular Wireless,Cingular Wireless,2005-10-21,2005-09-13,2005-12-20,2005-11-08,date_role_changed_requires_relink
WA,5659,amendment_of,amendment,0.97,54664,54669,1c84ad4bddedd66e3b3045e8f0dbd61122e4efd5944ff68040618a8d,dadde8a80e136e59d9f430377a8b1071e9fac34b108780bb720b4a28,Cingular Wireless,Cingular Wireless,2005-10-21,2005-09-27,2005-12-20,2005-11-22,date_role_changed_requires_relink
WA,5660,amendment_of,amendment,0.97,54664,54666,1c84ad4bddedd66e3b3045e8f0dbd61122e4efd5944ff68040618a8d,8cad050e56af763510487bf3ea32f403e9f1843e52e5dc47abd121a1,Cingular Wireless,Cingular Wireless,2005-10-21,2005-10-11,2005-12-20,2005-12-06,date_role_changed_requires_relink
WA,5661,amendment_of,amendment,0.97,54658,54669,de18b48c4d33465c6438e708c7ef85e141dbd006e14e32fc058c0f27,dadde8a80e136e59d9f430377a8b1071e9fac34b108780bb720b4a28,Cingular Wireless,Cingular Wireless,2005-11-07,2005-09-27,2006-01-03,2005-11-22,date_role_changed_requires_relink
WA,5662,amendment_of,amendment,0.97,54658,54666,de18b48c4d33465c6438e708c7ef85e141dbd006e14e32fc058c0f27,8cad050e56af763510487bf3ea32f403e9f1843e52e5dc47abd121a1,Cingular Wireless,Cingular Wireless,2005-11-07,2005-10-11,2006-01-03,2005-12-06,date_role_changed_requires_relink
WA,5663,amendment_of,amendment,0.97,54658,54664,de18b48c4d33465c6438e708c7ef85e141dbd006e14e32fc058c0f27,1c84ad4bddedd66e3b3045e8f0dbd61122e4efd5944ff68040618a8d,Cingular Wireless,Cingular Wireless,2005-11-07,2005-10-21,2006-01-03,2005-12-20,date_role_changed_requires_relink
WA,5664,amendment_of,amendment,0.97,54651,54658,58cd52a442edcdba54b73f92052682c44e64385c1fc7de9fcefcdf56,de18b48c4d33465c6438e708c7ef85e141dbd006e14e32fc058c0f27,Cingular Wireless,Cingular Wireless,2005-12-06,2005-11-07,2006-01-31,2006-01-03,date_role_changed_requires_relink
WA,5665,amendment_of,amendment,0.97,54650,54658,77643ff01ae9fcf0fd81281d53fea6c14a7ce957a39fc01b9bd344c1,de18b48c4d33465c6438e708c7ef85e141dbd006e14e32fc058c0f27,Cingular Wireless,Cingular Wireless,2005-12-20,2005-11-07,2006-02-14,2006-01-03,date_role_changed_requires_relink
WA,5666,amendment_of,amendment,0.97,54650,54651,77643ff01ae9fcf0fd81281d53fea6c14a7ce957a39fc01b9bd344c1,58cd52a442edcdba54b73f92052682c44e64385c1fc7de9fcefcdf56,Cingular Wireless,Cingular Wireless,2005-12-20,2005-12-06,2006-02-14,2006-01-31,date_role_changed_requires_relink
WA,5667,amendment_of,amendment,0.97,54645,54651,21aa50dd2874a329f921a9c5b3a40c75bb0bdcfd7b99221382791878,58cd52a442edcdba54b73f92052682c44e64385c1fc7de9fcefcdf56,Cingular Wireless,Cingular Wireless,2006-01-17,2005-12-06,2006-03-14,2006-01-31,date_role_changed_requires_relink
WA,5668,amendment_of,amendment,0.97,54645,54650,21aa50dd2874a329f921a9c5b3a40c75bb0bdcfd7b99221382791878,77643ff01ae9fcf0fd81281d53fea6c14a7ce957a39fc01b9bd344c1,Cingular Wireless,Cingular Wireless,2006-01-17,2005-12-20,2006-03-14,2006-02-14,date_role_changed_requires_relink
WA,5669,amendment_of,amendment,0.97,54642,54650,4624572bae5e7455b10cf021099e4fbcebd6e60f08bbc651a9b71601,77643ff01ae9fcf0fd81281d53fea6c14a7ce957a39fc01b9bd344c1,Cingular Wireless,Cingular Wireless,2006-01-31,2005-12-20,2006-03-28,2006-02-14,date_role_changed_requires_relink
WA,5670,amendment_of,amendment,0.97,54642,54645,4624572bae5e7455b10cf021099e4fbcebd6e60f08bbc651a9b71601,21aa50dd2874a329f921a9c5b3a40c75bb0bdcfd7b99221382791878,Cingular Wireless,Cingular Wireless,2006-01-31,2006-01-17,2006-03-28,2006-03-14,date_role_changed_requires_relink
WA,5671,amendment_of,amendment,0.97,54640,54645,e414884a8f6decaeeb72d4811d6603c4618d947c06afd1a19e1f18bb,21aa50dd2874a329f921a9c5b3a40c75bb0bdcfd7b99221382791878,Cingular Wireless,Cingular Wireless,2006-02-17,2006-01-17,2006-04-11,2006-03-14,date_role_changed_requires_relink
WA,5672,amendment_of,amendment,0.97,54640,54642,e414884a8f6decaeeb72d4811d6603c4618d947c06afd1a19e1f18bb,4624572bae5e7455b10cf021099e4fbcebd6e60f08bbc651a9b71601,Cingular Wireless,Cingular Wireless,2006-02-17,2006-01-31,2006-04-11,2006-03-28,date_role_changed_requires_relink
WA,5673,amendment_of,amendment,0.97,54638,54645,5cc9bc882310ec124beb4d6555bbb1a3e8ab2a4bb52156b0d128caf4,21aa50dd2874a329f921a9c5b3a40c75bb0bdcfd7b99221382791878,Cingular Wireless,Cingular Wireless,2006-03-02,2006-01-17,2006-04-25,2006-03-14,date_role_changed_requires_relink
WA,5674,amendment_of,amendment,0.97,54638,54642,5cc9bc882310ec124beb4d6555bbb1a3e8ab2a4bb52156b0d128caf4,4624572bae5e7455b10cf021099e4fbcebd6e60f08bbc651a9b71601,Cingular Wireless,Cingular Wireless,2006-03-02,2006-01-31,2006-04-25,2006-03-28,date_role_changed_requires_relink
WA,5675,amendment_of,amendment,0.97,54638,54640,5cc9bc882310ec124beb4d6555bbb1a3e8ab2a4bb52156b0d128caf4,e414884a8f6decaeeb72d4811d6603c4618d947c06afd1a19e1f18bb,Cingular Wireless,Cingular Wireless,2006-03-02,2006-02-17,2006-04-25,2006-04-11,date_role_changed_requires_relink
WA,5676,amendment_of,amendment,0.94,54637,54642,e8fd153e7cd4dde5b869c93e0df308448143c30c61e727850930fd58,4624572bae5e7455b10cf021099e4fbcebd6e60f08bbc651a9b71601,Cingular Wireless,Cingular Wireless,2006-03-13,2006-01-31,2006-05-09,2006-03-28,date_role_changed_requires_relink
WA,5677,amendment_of,amendment,0.94,54637,54640,e8fd153e7cd4dde5b869c93e0df308448143c30c61e727850930fd58,e414884a8f6decaeeb72d4811d6603c4618d947c06afd1a19e1f18bb,Cingular Wireless,Cingular Wireless,2006-03-13,2006-02-17,2006-05-09,2006-04-11,date_role_changed_requires_relink
WA,5678,amendment_of,amendment,0.94,54637,54638,e8fd153e7cd4dde5b869c93e0df308448143c30c61e727850930fd58,5cc9bc882310ec124beb4d6555bbb1a3e8ab2a4bb52156b0d128caf4,Cingular Wireless,Cingular Wireless,2006-03-13,2006-03-02,2006-05-09,2006-04-25,date_role_changed_requires_relink
WA,5679,possible_duplicate,amendment,0.723,54731,54735,4476b4f01e28cd4ec44ebe8c07e7b87010ad1a70e1ca683c270c3d43,148db000f849aee02ddf3ada63370cbcb3bf9efa1ddd1922474d0a2b,Guidant Sales Corp,Guidant Sales Corp,2004-08-09,2004-07-29,2004-10-08,2004-09-27,date_role_changed_requires_relink
WA,5680,amendment_of,amendment,0.97,54747,54750,2a5d8ef3b2a818605b32c51c9bff8c8940ff725d984b51d585eaa115,8cd20c5b4836583aee24e985d9fb8ea8b8af151c306d7c3c9150b563,Terabeam Corporation,Terabeam Corporation,2004-04-22,2004-04-14,2004-06-22,2004-06-13,date_role_changed_requires_relink
WA,9171,possible_duplicate,fuzzy,0.818,53380,53379,e1a143a94a6be9964c1038596705b18cd2ffdc8ca976d044d8cafef0,8ed6dc36f3815c192e73412507987a5c727d975abe3e77bd3503ce49,"The Skillet Group / Skillet Diner, LLC","The Skillet Group / Skillet SA, LLC",2025-11-14,2025-11-14,2025-11-12,2025-12-12,date_role_changed_requires_relink
WA,9172,possible_duplicate,fuzzy,0.711,53826,53825,ebc23bbd2eedb67093bb8df549a8624fe8e6241793af9a95b8cd3ec9,c852cb2d7a8d26fa758f4b5ac2452137eb38d3803fd9ac84660c0717,Hyatt Corporation / Grand Hyatt Seattle,Hyatt Corporation / Hyatt Regency Seattle,2020-05-27,2020-05-27,2020-05-30,2020-05-31,date_role_changed_requires_relink
