state,alias,place_name,county_name,point,zip3,note
CA,Arleta,Los Angeles city,Los Angeles County,place,900 902 904 907 910 913 914 916,Los Angeles city community
CA,Canoga Park,Los Angeles city,Los Angeles County,place,900 902 904 907 910 913 914 916,Los Angeles city community
CA,Canyon Country,Santa Clarita city,Los Angeles County,place,913,Santa Clarita community
CA,Chatsworth,Los Angeles city,Los Angeles County,place,900 902 904 907 910 913 914 916,Los Angeles city community
CA,Eagle Rock,Los Angeles city,Los Angeles County,place,900 902 904 907 910 913 914 916,Los Angeles city community
CA,Encino,Los Angeles city,Los Angeles County,place,900 902 904 907 910 913 914 916,Los Angeles city community
CA,Foothill Ranch,Lake Forest city,Orange County,place,926,Lake Forest community
CA,Granada Hills,Los Angeles city,Los Angeles County,place,900 902 904 907 910 913 914 916,Los Angeles city community
CA,Harbor City,Los Angeles city,Los Angeles County,place,900 902 904 907 910 913 914 916,Los Angeles city community
CA,Highland Park,Los Angeles city,Los Angeles County,place,900 902 904 907 910 913 914 916,Los Angeles city community
CA,Hollywood,Los Angeles city,Los Angeles County,place,900 902 904 907 910 913 914 916,Los Angeles city community
CA,La Jolla,San Diego city,San Diego County,place,920 921,San Diego city community
CA,Lakeview Terrace,Los Angeles city,Los Angeles County,place,900 902 904 907 910 913 914 916,Los Angeles city community
CA,Mira Loma,Jurupa Valley city,Riverside County,place,917,Jurupa Valley community (incorporated 2011)
CA,Mira Mesa,San Diego city,San Diego County,place,920 921,San Diego city community
CA,Newbury Park,Thousand Oaks city,Ventura County,place,913,Thousand Oaks community
CA,Newhall,Santa Clarita city,Los Angeles County,place,913,Santa Clarita community
CA,North Hills,Los Angeles city,Los Angeles County,place,900 902 904 907 910 913 914 916,Los Angeles city community
CA,North Hollywood,Los Angeles city,Los Angeles County,place,900 902 904 907 910 913 914 916,Los Angeles city community
CA,Northridge,Los Angeles city,Los Angeles County,place,900 902 904 907 910 913 914 916,Los Angeles city community
CA,Pacoima,Los Angeles city,Los Angeles County,place,900 902 904 907 910 913 914 916,Los Angeles city community
CA,Panorama City,Los Angeles city,Los Angeles County,place,900 902 904 907 910 913 914 916,Los Angeles city community
CA,Playa Vista,Los Angeles city,Los Angeles County,place,900 902 904 907 910 913 914 916,Los Angeles city community
CA,Playa del Rey,Los Angeles city,Los Angeles County,place,900 902 904 907 910 913 914 916,Los Angeles city community
CA,Porter Ranch,Los Angeles city,Los Angeles County,place,900 902 904 907 910 913 914 916,Los Angeles city community
CA,Rancho Bernardo,San Diego city,San Diego County,place,920 921,San Diego city community
CA,Reseda,Los Angeles city,Los Angeles County,place,900 902 904 907 910 913 914 916,Los Angeles city community
CA,San Pedro,Los Angeles city,Los Angeles County,place,900 902 904 907 910 913 914 916,Los Angeles city community
CA,San Ysidro,San Diego city,San Diego County,place,920 921,San Diego city community
CA,Saugus,Santa Clarita city,Los Angeles County,place,913,Santa Clarita community
CA,Sherman Oaks,Los Angeles city,Los Angeles County,place,900 902 904 907 910 913 914 916,Los Angeles city community
CA,Studio City,Los Angeles city,Los Angeles County,place,900 902 904 907 910 913 914 916,Los Angeles city community
CA,Sun Valley,Los Angeles city,Los Angeles County,place,900 902 904 907 910 913 914 916,Los Angeles city community
CA,Sunland,Los Angeles city,Los Angeles County,place,900 902 904 907 910 913 914 916,Los Angeles city community
CA,Sylmar,Los Angeles city,Los Angeles County,place,900 902 904 907 910 913 914 916,Los Angeles city community
CA,Tarzana,Los Angeles city,Los Angeles County,place,900 902 904 907 910 913 914 916,Los Angeles city community
CA,Toluca Lake,Los Angeles city,Los Angeles County,place,900 902 904 907 910 913 914 916,Los Angeles city community
CA,Tujunga,Los Angeles city,Los Angeles County,place,900 902 904 907 910 913 914 916,Los Angeles city community
CA,Valencia,Santa Clarita city,Los Angeles County,place,913,Santa Clarita community
CA,Valley Village,Los Angeles city,Los Angeles County,place,900 902 904 907 910 913 914 916,Los Angeles city community
CA,Van Nuys,Los Angeles city,Los Angeles County,place,900 902 904 907 910 913 914 916,Los Angeles city community
CA,Venice,Los Angeles city,Los Angeles County,place,900 902 904 907 910 913 914 916,Los Angeles city community
CA,West Hills,Los Angeles city,Los Angeles County,place,900 902 904 907 910 913 914 916,Los Angeles city community
CA,Westchester,Los Angeles city,Los Angeles County,place,900 902 904 907 910 913 914 916,Los Angeles city community
CA,Wilmington,Los Angeles city,Los Angeles County,place,900 902 904 907 910 913 914 916,Los Angeles city community
CA,Winnetka,Los Angeles city,Los Angeles County,place,900 902 904 907 910 913 914 916,Los Angeles city community
CA,Woodland Hills,Los Angeles city,Los Angeles County,place,900 902 904 907 910 913 914 916,Los Angeles city community
NY,Arverne,New York city,Queens County,county,110 111 113 114 116,Queens neighborhood (USPS city name)
NY,Astoria,New York city,Queens County,county,110 111 113 114 116,Queens neighborhood (USPS city name)
NY,Bayside,New York city,Queens County,county,110 111 113 114 116,Queens neighborhood (USPS city name)
NY,Bronx,New York city,Bronx County,county,104,New York City borough
NY,Brooklyn,New York city,Kings County,county,112,New York City borough
NY,Cambria Heights,New York city,Queens County,county,110 111 113 114 116,Queens neighborhood (USPS city name)
NY,College Point,New York city,Queens County,county,110 111 113 114 116,Queens neighborhood (USPS city name)
NY,Corona,New York city,Queens County,county,110 111 113 114 116,Queens neighborhood (USPS city name)
NY,Douglaston,New York city,Queens County,county,110 111 113 114 116,Queens neighborhood (USPS city name)
NY,East Elmhurst,New York city,Queens County,county,110 111 113 114 116,Queens neighborhood (USPS city name)
NY,Elmhurst,New York city,Queens County,county,110 111 113 114 116,Queens neighborhood (USPS city name)
NY,Far Rockaway,New York city,Queens County,county,110 111 113 114 116,Queens neighborhood (USPS city name)
NY,Flushing,New York city,Queens County,county,110 111 113 114 116,Queens neighborhood (USPS city name)
NY,Forest Hills,New York city,Queens County,county,110 111 113 114 116,Queens neighborhood (USPS city name)
NY,Fresh Meadows,New York city,Queens County,county,110 111 113 114 116,Queens neighborhood (USPS city name)
NY,Glen Oaks,New York city,Queens County,county,110 111 113 114 116,Queens neighborhood (USPS city name)
NY,Hollis,New York city,Queens County,county,110 111 113 114 116,Queens neighborhood (USPS city name)
NY,Howard Beach,New York city,Queens County,county,110 111 113 114 116,Queens neighborhood (USPS city name)
NY,Jackson Heights,New York city,Queens County,county,110 111 113 114 116,Queens neighborhood (USPS city name)
NY,Jamaica,New York city,Queens County,county,110 111 113 114 116,Queens neighborhood (USPS city name)
NY,Kew Gardens,New York city,Queens County,county,110 111 113 114 116,Queens neighborhood (USPS city name)
NY,Laurelton,New York city,Queens County,county,110 111 113 114 116,Queens neighborhood (USPS city name)
NY,Little Neck,New York city,Queens County,county,110 111 113 114 116,Queens neighborhood (USPS city name)
NY,Long Island City,New York city,Queens County,county,110 111 113 114 116,Queens neighborhood (USPS city name)
NY,Manhattan,New York city,New York County,county,100 101 102,New York City borough
NY,Maspeth,New York city,Queens County,county,110 111 113 114 116,Queens neighborhood (USPS city name)
NY,Middle Village,New York city,Queens County,county,110 111 113 114 116,Queens neighborhood (USPS city name)
NY,Oakland Gardens,New York city,Queens County,county,110 111 113 114 116,Queens neighborhood (USPS city name)
NY,Ozone Park,New York city,Queens County,county,110 111 113 114 116,Queens neighborhood (USPS city name)
NY,Queens,New York city,Queens County,county,110 111 113 114 116,New York City borough
NY,Queens Village,New York city,Queens County,county,110 111 113 114 116,Queens neighborhood (USPS city name)
NY,Rego Park,New York city,Queens County,county,110 111 113 114 116,Queens neighborhood (USPS city name)
NY,Richmond Hill,New York city,Queens County,county,110 111 113 114 116,Queens neighborhood (USPS city name)
NY,Ridgewood,New York city,Queens County,county,110 111 113 114 116,Queens neighborhood (USPS city name)
NY,Rockaway Beach,New York city,Queens County,county,110 111 113 114 116,Queens neighborhood (USPS city name)
NY,Rockaway Park,New York city,Queens County,county,110 111 113 114 116,Queens neighborhood (USPS city name)
NY,Rosedale,New York city,Queens County,county,110 111 113 114 116,Queens neighborhood (USPS city name)
NY,Saint Albans,New York city,Queens County,county,110 111 113 114 116,Queens neighborhood (USPS city name)
NY,South Ozone Park,New York city,Queens County,county,110 111 113 114 116,Queens neighborhood (USPS city name)
NY,South Richmond Hill,New York city,Queens County,county,110 111 113 114 116,Queens neighborhood (USPS city name)
NY,Springfield Gardens,New York city,Queens County,county,110 111 113 114 116,Queens neighborhood (USPS city name)
NY,Staten Island,New York city,Richmond County,county,103,New York City borough
NY,Sunnyside,New York city,Queens County,county,110 111 113 114 116,Queens neighborhood (USPS city name)
NY,The Bronx,New York city,Bronx County,county,104,New York City borough
NY,Whitestone,New York city,Queens County,county,110 111 113 114 116,Queens neighborhood (USPS city name)
NY,Woodhaven,New York city,Queens County,county,110 111 113 114 116,Queens neighborhood (USPS city name)
NY,Woodside,New York city,Queens County,county,110 111 113 114 116,Queens neighborhood (USPS city name)
CA,Anaheim Hills,Anaheim city,Orange County,place,928,Anaheim community
CA,Alviso,San Jose city,Santa Clara County,place,950,San Jose community
CA,Bernardo Heights,San Diego city,San Diego County,place,921,San Diego city community (Rancho Bernardo)
CA,Broderick,West Sacramento city,Yolo County,place,956,West Sacramento community
CA,Century City,Los Angeles city,Los Angeles County,place,900,Los Angeles city community
CA,Clairemont,San Diego city,San Diego County,place,921,San Diego city community
CA,Corona del Mar,Newport Beach city,Orange County,place,926,Newport Beach community
CA,Cucamonga,Rancho Cucamonga city,San Bernardino County,place,917,Merged into Rancho Cucamonga (1977)
CA,Edwards Air Force Base,Edwards AFB CDP,Kern County,place,935,Census place of the same name spelled out
CA,Edwards Air Force Ba,Edwards AFB CDP,Kern County,place,935,Census place of the same name; agency field truncated at 20 characters
CA,Newport Coast,Newport Beach city,Orange County,place,926,Newport Beach community
CA,Oakland Airport,Oakland city,Alameda County,place,946,Oakland International Airport is in Oakland city
CA,Onizuka Air Station,Sunnyvale city,Santa Clara County,place,940,Former Air Force station in Sunnyvale
CA,Pacific Palisades,Los Angeles city,Los Angeles County,place,902,Los Angeles city community
CA,Paso Robles,El Paso de Robles (Paso Robles) city,San Luis Obispo County,place,934,Census name is El Paso de Robles
CA,March AFB,March ARB CDP,Riverside County,place,925,Former name of March Air Reserve Base (Census place March ARB)
CA,March Air Reserve Base,March ARB CDP,Riverside County,place,925,Census place March ARB spelled out
CA,March Air Reserve Ba,March ARB CDP,Riverside County,place,925,Census place March ARB; agency field truncated at 20 characters
CA,Redwood Shores,Redwood City city,San Mateo County,place,940,Redwood City community
CA,West Los Angeles,Los Angeles city,Los Angeles County,place,900,Los Angeles city community
CA,West Toluca Lake,Los Angeles city,Los Angeles County,place,916,Los Angeles city community (Toluca Lake)
CA,Bassett,,Los Angeles County,county,,Unincorporated community; not a Census place
CA,Big Sur,,Monterey County,county,,Unincorporated coastal community; not a Census place
CA,Banta,,San Joaquin County,county,,Unincorporated community; not a Census place
CA,Branscomb,,Mendocino County,county,,Unincorporated community; not a Census place
CA,Camp Pendleton,,San Diego County,county,,Marine Corps base wholly in San Diego County; split between two Census places
CA,Carlotta,,Humboldt County,county,,Unincorporated community; not a Census place
CA,Carmel,,Monterey County,county,,Carmel-by-the-Sea or Carmel Valley; both in Monterey County
CA,El Toro,,Orange County,county,,Former MCAS El Toro / El Toro community (Lake Forest or Irvine); both in Orange County
CA,Helendale,,San Bernardino County,county,,Unincorporated community; not a Census place
CA,Helm,,Fresno County,county,,Unincorporated community; not a Census place
CA,Jolon,,Monterey County,county,,Unincorporated community; not a Census place
CA,Landers,,San Bernardino County,county,,Unincorporated community; not a Census place
CA,McClellan AFB,,Sacramento County,county,,Former Air Force base wholly in Sacramento County (now McClellan Park)
CA,McClellan,,Sacramento County,county,,Former Air Force base wholly in Sacramento County (now McClellan Park)
CA,Moffett Field,,Santa Clara County,county,,Federal airfield in unincorporated Santa Clara County
CA,Montrose,,Los Angeles County,county,,Unincorporated community (La Crescenta-Montrose area)
CA,Mountain Pass,,San Bernardino County,county,,Unincorporated community; not a Census place
CA,Newberry Springs,,San Bernardino County,county,,Unincorporated community; not a Census place
CA,Nipton,,San Bernardino County,county,,Unincorporated community; not a Census place
CA,Olympic Valley,,Placer County,county,,Unincorporated community; not a Census place
CA,Oro Grande,,San Bernardino County,county,,Unincorporated community; not a Census place
CA,Point Mugu,,Ventura County,county,,Naval air station in unincorporated Ventura County
CA,Rancho Dominguez,,Los Angeles County,county,,Unincorporated industrial area; not a Census place
CA,Sequoia National Park,,Tulare County,county,,National park wholly in Tulare County
CA,Sequoia National Par,,Tulare County,county,,National park wholly in Tulare County; agency field truncated at 20 characters
CA,Tahoe City,,Placer County,county,,Unincorporated community; not a Census place
CA,Terminal Island,,Los Angeles County,county,,Split between Los Angeles and Long Beach cities; both in Los Angeles County
CA,Tollhouse,,Fresno County,county,,Unincorporated community; not a Census place
CA,Travis AFB,,Solano County,county,,Air Force base wholly in Solano County
CA,Universal City,,Los Angeles County,county,,Unincorporated area; not a Census place
CA,Vernalis,,San Joaquin County,county,,Unincorporated community; not a Census place
CA,Warner Springs,,San Diego County,county,,Unincorporated community; not a Census place
